transaction_id,transaction_amount,transaction_type,user_upi_id,transaction_year,transaction_month,transaction_date,transaction_time,Merchant_id,initiation_channel,geo_coordinates_latitude,geo_coordinates_longitude,remote_access_detected,Fraud Type,fraud_label,label_confidence
TXN004657,23497,PAY,user003@okbank,2026,5,27/05/26,1:21:00,MER0009,VPA,13.0283557347,77.5846194608,No,NONE,No,0.31
TXN004469,5381,PAY,user008@okbank,2026,6,26/06/26,22:04:00,MER0096,ACCOUNT_IFSC,12.9732390915,77.6203117574,No,NONE,No,0.25
TXN002383,9397,PAY,user018@okbank,2026,2,15/02/26,16:50:00,MER0102,ACCOUNT_IFSC,13.0170030137,77.6320084413,No,NONE,No,0.23
TXN000596,4871,PAY,user006@okbank,2026,4,14/04/26,16:39:00,MER0041,MANDATE,12.9173487225,77.6173606275,No,NONE,No,0.27
TXN002279,12414,PAY,user040@okbank,2026,1,12/01/26,11:29:00,MER0106,COLLECT,12.9782445569,77.578964726,No,NONE,No,0.38
TXN003555,7672,PAY,user050@okbank,2026,1,24/01/26,19:21:00,MER0178,VPA,12.9323703329,77.6688113267,No,NONE,No,0.4
TXN004839,12326,PAY,user043@okbank,2026,4,16/04/26,9:22:00,MER0110,MOBILE,13.0034935397,77.5669759742,No,NONE,No,0.26
TXN002796,8250,PAY,user026@okbank,2026,2,20/02/26,18:47:00,MER0136,MOBILE,12.9978732278,77.5063799914,No,NONE,No,0.4
TXN002978,7518,PAY,user003@okbank,2026,5,07/05/26,10:17:00,MER0167,VPA,12.9386135223,77.5768744767,No,NONE,No,0.28
TXN003481,15169,PAY,user025@okbank,2026,1,23/01/26,8:11:00,MER0180,MANDATE,12.9542727774,77.614008406,No,NONE,No,0.06
TXN003005,893,PAY,user035@okbank,2026,5,12/05/26,20:13:00,MER0081,INTENT,12.9354003972,77.5603357797,No,NONE,No,0.26
TXN003526,6891,PAY,user042@okbank,2026,5,11/05/26,20:59:00,MER0033,INTENT,12.9537217305,77.6262804392,No,NONE,No,0.23
TXN002007,22614,PAY,user037@okbank,2026,1,28/01/26,15:41:00,MER0067,VPA,12.946604468,77.5944208862,No,NONE,No,0.5
TXN001073,26963,PAY,user010@okbank,2026,4,02/04/26,23:16:00,MER0033,COLLECT,12.9568406043,77.5289743166,No,NONE,No,0.21
TXN004321,28416,PAY,user037@okbank,2026,5,27/05/26,5:26:00,MER0195,MANDATE,12.9776914854,77.6163584441,No,NONE,No,0.4
TXN002341,8412,PAY,user028@okbank,2026,2,26/02/26,0:14:00,MER0023,MOBILE,12.8707839201,77.6240682257,No,NONE,No,0.21
TXN001205,13290,PAY,user031@okbank,2026,5,05/05/26,19:51:00,MER0008,COLLECT,13.0361116785,77.5567095364,No,NONE,No,0.17
TXN000379,27972,PAY,user045@okbank,2026,3,01/03/26,22:56:00,MER0148,MANDATE,12.8874503805,77.5134499445,No,NONE,No,0.29
TXN003286,17052,PAY,user044@okbank,2026,4,16/04/26,14:26:00,MER0156,MANDATE,12.9836489357,77.6480177382,No,NONE,No,0.08
TXN000292,100,PAY,user020@okbank,2026,2,09/02/26,16:53:00,MER0001,COLLECT,13.0114945642,77.59029397,No,NONE,No,0.02
TXN001935,20634,PAY,user013@okbank,2026,6,22/06/26,1:56:00,MER0004,ACCOUNT_IFSC,12.9130953628,77.5390640036,No,NONE,No,0.38
TXN002981,12494,PAY,user029@okbank,2026,6,17/06/26,19:57:00,MER0176,INTENT,12.9163339759,77.5890922386,No,NONE,No,0.1
TXN004824,7515,PAY,user039@okbank,2026,4,02/04/26,13:02:00,MER0039,INTENT,12.9443773711,77.5902373331,No,NONE,No,0.23
TXN002905,7492,PAY,user030@okbank,2026,6,18/06/26,6:46:00,MER0126,INTENT,12.9688219061,77.6372176357,No,NONE,No,0.24
TXN001037,8063,PAY,user004@okbank,2026,3,03/03/26,7:20:00,MER0041,INTENT,12.9418479178,77.6107431371,No,NONE,No,0.2
TXN003273,13117,PAY,user006@okbank,2026,2,11/02/26,6:13:00,MER0190,COLLECT,13.0042207781,77.4850353224,No,NONE,No,0.21
TXN002868,25891,PAY,user027@okbank,2026,2,11/02/26,0:56:00,MER0121,QR,12.9965924803,77.6015349866,No,NONE,No,0.18
TXN004047,13767,PAY,user024@okbank,2026,2,06/02/26,14:23:00,MER0011,MANDATE,12.9424954623,77.6210072027,No,NONE,No,0.13
TXN004970,10655,PAY,user035@okbank,2026,6,10/06/26,5:28:00,MER0070,COLLECT,12.9286181632,77.5804166327,No,NONE,No,0.44
TXN001520,26286,PAY,user010@okbank,2026,4,13/04/26,4:56:00,MER0015,IN_APP,12.9947466404,77.6032572136,No,NONE,No,0.25
TXN003606,20456,PAY,user026@okbank,2026,1,25/01/26,6:39:00,MER0153,COLLECT,12.9638339295,77.6196693656,No,NONE,No,0.28
TXN001180,24802,PAY,user041@okbank,2026,5,15/05/26,7:09:00,MER0151,QR,13.0176138653,77.5739195497,No,NONE,No,0.25
TXN002535,491,PAY,user026@okbank,2026,3,03/03/26,17:19:00,MER0188,INTENT,12.9897947253,77.5213310169,No,NONE,No,0.57
TXN000384,4828,PAY,user018@okbank,2026,1,25/01/26,12:13:00,MER0061,QR,12.9765257677,77.5997636586,No,NONE,No,0.46
TXN002552,20520,PAY,user016@okbank,2026,6,24/06/26,11:52:00,MER0003,INTENT,12.9717821271,77.4805524131,No,NONE,No,0.35
TXN002877,100,PAY,user049@okbank,2026,4,04/04/26,15:41:00,MER0051,COLLECT,12.9759480931,77.5928290143,No,NONE,No,0.26
TXN001690,5931,PAY,user029@okbank,2026,4,12/04/26,19:56:00,MER0177,MOBILE,12.9561527788,77.5870803383,No,NONE,No,0.34
TXN003724,8901,PAY,user008@okbank,2026,4,06/04/26,0:03:00,MER0152,QR,12.9242291014,77.6773455881,No,NONE,No,0.4
TXN000971,14839,PAY,user043@okbank,2026,4,23/04/26,7:07:00,MER0026,INTENT,12.8939481413,77.5820962583,No,NONE,No,0.28
TXN000679,20865,PAY,user006@okbank,2026,1,02/01/26,16:13:00,MER0160,COLLECT,12.9870686084,77.6522680944,No,NONE,No,0.26
TXN004022,20819,PAY,user045@okbank,2026,5,26/05/26,5:21:00,MER0155,VPA,12.9868978219,77.5504445924,No,NONE,No,0.14
TXN000554,11552,PAY,user029@okbank,2026,3,13/03/26,9:51:00,MER0009,INTENT,12.9665296037,77.6110144536,No,NONE,No,0.38
TXN002288,993,PAY,user002@okbank,2026,3,25/03/26,11:33:00,MER0145,COLLECT,12.9488924558,77.4717407499,No,NONE,No,0.59
TXN002112,653,PAY,user014@okbank,2026,1,27/01/26,13:34:00,MER0168,COLLECT,12.972499914,77.6232479287,No,NONE,No,0.41
TXN003885,25404,PAY,user007@okbank,2026,4,25/04/26,15:32:00,MER0116,IN_APP,13.0037471516,77.4791194233,No,NONE,No,0.12
TXN003638,722,PAY,user015@okbank,2026,3,19/03/26,11:15:00,MER0113,COLLECT,12.989306324,77.6293382315,No,NONE,No,0.21
TXN001823,100,PAY,user034@okbank,2026,2,27/02/26,22:23:00,MER0034,MANDATE,12.996148035,77.6274638362,No,NONE,No,0.29
TXN003385,20384,PAY,user014@okbank,2026,2,02/02/26,5:42:00,MER0149,IN_APP,13.0585190679,77.5375440666,No,NONE,No,0.42
TXN004692,38942,PAY,user035@okbank,2026,3,07/03/26,16:35:00,MER0188,INTENT,13.0379225819,77.5812518459,No,NONE,No,0.12
TXN000561,8247,PAY,user049@okbank,2026,5,08/05/26,15:13:00,MER0095,COLLECT,12.9756209687,77.6671630924,No,NONE,No,0.26
TXN000394,17079,PAY,user003@okbank,2026,5,02/05/26,18:23:00,MER0019,INTENT,13.0341996534,77.5213926579,No,NONE,No,0.17
TXN002128,2088,PAY,user005@okbank,2026,6,03/06/26,3:29:00,MER0136,INTENT,12.9370712321,77.7230145224,No,NONE,No,0.32
TXN004761,6460,PAY,user039@okbank,2026,2,19/02/26,21:15:00,MER0024,INTENT,13.0145373617,77.5650560548,No,NONE,No,0.24
TXN001031,20323,PAY,user002@okbank,2026,4,10/04/26,19:43:00,MER0019,IN_APP,13.0027851169,77.5516039198,No,NONE,No,0.25
TXN003082,21560,PAY,user035@okbank,2026,2,04/02/26,0:59:00,MER0151,VPA,12.982436381,77.4612203227,No,NONE,No,0.34
TXN004401,19135,PAY,user006@okbank,2026,4,06/04/26,18:41:00,MER0003,COLLECT,12.9273581157,77.583607382,No,NONE,No,0.42
TXN004455,15900,PAY,user009@okbank,2026,6,19/06/26,3:54:00,MER0069,ACCOUNT_IFSC,12.9693873936,77.5341921521,No,NONE,No,0.4
TXN002071,8305,PAY,user023@okbank,2026,2,25/02/26,13:08:00,MER0085,IN_APP,12.9571349964,77.5543731553,No,NONE,No,0.24
TXN004599,4318,PAY,user021@okbank,2026,3,26/03/26,7:40:00,MER0020,COLLECT,13.031328545,77.5952496158,No,NONE,No,0.32
TXN002272,12054,PAY,user010@okbank,2026,1,28/01/26,7:35:00,MER0117,MANDATE,12.8736913431,77.5887586602,No,NONE,No,0.58
TXN003480,13962,PAY,user021@okbank,2026,5,08/05/26,3:34:00,MER0071,MANDATE,12.9488735685,77.5602968185,No,NONE,No,0.35
TXN001245,17289,PAY,user048@okbank,2026,6,13/06/26,5:07:00,MER0010,COLLECT,12.9404854642,77.5761806589,No,NONE,No,0.32
TXN000312,16345,PAY,user017@okbank,2026,1,01/01/26,8:47:00,MER0020,QR,13.06577744,77.5590128294,No,NONE,No,0.39
TXN003709,29125,PAY,user041@okbank,2026,3,12/03/26,10:48:00,MER0184,INTENT,12.9456353612,77.5935047706,No,NONE,No,0.21
TXN004641,6263,PAY,user011@okbank,2026,2,05/02/26,5:13:00,MER0198,QR,12.966446589,77.5072332998,No,NONE,No,0.13
TXN000843,32200,PAY,user020@okbank,2026,5,15/05/26,21:09:00,MER0058,MANDATE,13.036661205,77.4725293175,No,NONE,No,0.12
TXN001352,13864,PAY,user006@okbank,2026,5,13/05/26,22:29:00,MER0013,INTENT,12.9219981304,77.6543113012,No,NONE,No,0.02
TXN004663,18505,PAY,user014@okbank,2026,4,10/04/26,7:51:00,MER0155,ACCOUNT_IFSC,13.0037421441,77.5565488101,No,NONE,No,0.38
TXN003184,6122,PAY,user015@okbank,2026,1,17/01/26,5:08:00,MER0004,QR,12.9371376652,77.6616757988,No,NONE,No,0.26
TXN004874,8819,PAY,user047@okbank,2026,5,13/05/26,6:26:00,MER0096,INTENT,12.8845703304,77.6247611318,No,NONE,No,0.35
TXN002671,17038,PAY,user033@okbank,2026,1,03/01/26,7:56:00,MER0030,VPA,13.0186914631,77.6148449452,No,NONE,No,0.04
TXN002558,21701,PAY,user041@okbank,2026,3,08/03/26,15:20:00,MER0186,VPA,12.9866177816,77.5560975538,No,NONE,No,0.34
TXN003172,6119,PAY,user042@okbank,2026,1,14/01/26,13:57:00,MER0067,MOBILE,13.0393182404,77.5648214616,No,NONE,No,0.1
TXN003132,5547,PAY,user026@okbank,2026,6,27/06/26,17:40:00,MER0135,ACCOUNT_IFSC,13.0039740747,77.6554439442,No,NONE,No,0.32
TXN000917,6903,PAY,user026@okbank,2026,2,22/02/26,0:52:00,MER0110,MOBILE,12.9556795464,77.5706478521,No,NONE,No,0.23
TXN004726,31635,PAY,user025@okbank,2026,1,04/01/26,9:22:00,MER0179,MANDATE,13.0380244204,77.6297749521,No,NONE,No,0.38
TXN004529,27274,PAY,user035@okbank,2026,1,22/01/26,12:17:00,MER0114,MOBILE,12.9527104105,77.4891166564,No,NONE,No,0.37
TXN004919,13365,PAY,user011@okbank,2026,3,24/03/26,1:23:00,MER0090,QR,13.0196899273,77.5673114867,No,NONE,No,0.33
TXN004524,25419,PAY,user027@okbank,2026,1,20/01/26,16:05:00,MER0185,MOBILE,13.0400705864,77.565509348,No,NONE,No,0.17
TXN000786,10204,PAY,user004@okbank,2026,3,22/03/26,10:17:00,MER0094,VPA,12.9095541209,77.6856478638,No,NONE,No,0.3
TXN004651,100,PAY,user009@okbank,2026,3,17/03/26,8:10:00,MER0135,QR,12.9428390123,77.5775820194,No,NONE,No,0.15
TXN002595,7467,PAY,user011@okbank,2026,4,28/04/26,2:09:00,MER0112,ACCOUNT_IFSC,13.0133752437,77.6005028495,No,NONE,No,0.62
TXN003343,16841,PAY,user042@okbank,2026,1,22/01/26,20:03:00,MER0007,MOBILE,12.9772336653,77.6885019604,No,NONE,No,0.2
TXN001518,5789,PAY,user002@okbank,2026,2,28/02/26,7:31:00,MER0029,ACCOUNT_IFSC,12.9615756909,77.4998217156,No,NONE,No,0.29
TXN000309,5258,PAY,user006@okbank,2026,1,22/01/26,16:34:00,MER0168,MANDATE,12.9096750169,77.630621665,No,NONE,No,0.25
TXN001059,25114,PAY,user034@okbank,2026,1,13/01/26,23:09:00,MER0173,COLLECT,12.9628199272,77.5494434176,No,NONE,No,0.25
TXN001219,3702,PAY,user032@okbank,2026,4,21/04/26,9:00:00,MER0015,QR,12.968393582,77.5865107557,No,NONE,No,0.36
TXN002805,6657,PAY,user037@okbank,2026,4,19/04/26,16:11:00,MER0028,INTENT,12.9386154326,77.6455470706,No,NONE,No,0.43
TXN004033,13410,PAY,user009@okbank,2026,3,14/03/26,12:58:00,MER0111,VPA,12.9889202892,77.5786204283,No,NONE,No,0.27
TXN002667,10871,PAY,user031@okbank,2026,1,07/01/26,22:20:00,MER0065,IN_APP,13.008870457,77.5481386361,No,NONE,No,0.15
TXN004216,19091,PAY,user031@okbank,2026,6,23/06/26,17:22:00,MER0011,VPA,12.9980953879,77.5347321924,No,NONE,No,0.29
TXN001041,18839,PAY,user017@okbank,2026,1,23/01/26,18:51:00,MER0056,VPA,12.9476118414,77.5270284665,No,NONE,No,0.16
TXN001723,29478,PAY,user019@okbank,2026,1,09/01/26,20:49:00,MER0156,COLLECT,12.9873570244,77.608448535,No,NONE,No,0.38
TXN001160,20640,PAY,user012@okbank,2026,1,16/01/26,8:16:00,MER0099,ACCOUNT_IFSC,12.9925243906,77.5457436159,No,NONE,No,0.28
TXN004386,19061,PAY,user013@okbank,2026,2,08/02/26,23:02:00,MER0190,IN_APP,13.0207422922,77.6235591818,No,NONE,No,0.15
TXN003628,23482,PAY,user030@okbank,2026,2,17/02/26,22:52:00,MER0114,MANDATE,13.0419815109,77.6116835321,No,NONE,No,0.35
TXN002702,23142,PAY,user032@okbank,2026,1,21/01/26,6:56:00,MER0035,INTENT,12.9654593747,77.6116002313,No,NONE,No,0.4
TXN000235,30299,PAY,user043@okbank,2026,2,16/02/26,21:02:00,MER0048,COLLECT,12.8667645775,77.6057701411,No,QR_DECEPTION,Yes,0.57
TXN001296,27678,PAY,user010@okbank,2026,6,14/06/26,14:54:00,MER0027,ACCOUNT_IFSC,13.1100796189,77.5111015032,No,NONE,No,0.26
TXN002847,30873,PAY,user004@okbank,2026,5,14/05/26,10:15:00,MER0037,ACCOUNT_IFSC,12.9557225735,77.6272143572,No,NONE,No,0.17
TXN004223,24377,PAY,user004@okbank,2026,6,20/06/26,11:48:00,MER0092,INTENT,13.021221633,77.5951442517,No,NONE,No,0.39
TXN003631,6655,PAY,user004@okbank,2026,1,25/01/26,17:17:00,MER0094,VPA,12.9713824251,77.6549129571,No,NONE,No,0.17
TXN002310,11931,PAY,user049@okbank,2026,1,25/01/26,17:14:00,MER0071,QR,12.866187044,77.5996983024,No,NONE,No,0.46
TXN003861,18936,PAY,user044@okbank,2026,3,04/03/26,23:06:00,MER0149,QR,13.0519742178,77.4431778124,No,NONE,No,0.25
TXN000731,14859,PAY,user002@okbank,2026,4,16/04/26,21:03:00,MER0018,INTENT,12.9881299905,77.5532792275,No,NONE,No,0.22
TXN000232,45871,PAY,user045@okbank,2026,4,28/04/26,10:12:00,MER0168,VPA,12.9059671882,77.5623611115,No,REMOTE_ACCESS_FRAUD,Yes,0.84
TXN002547,5144,PAY,user015@okbank,2026,1,15/01/26,22:33:00,MER0168,QR,12.953309291,77.5318328042,No,NONE,No,0.34
TXN004904,7668,PAY,user029@okbank,2026,5,16/05/26,17:51:00,MER0053,QR,13.0238721249,77.5717657506,No,NONE,No,0.23
TXN004858,27822,PAY,user009@okbank,2026,1,23/01/26,21:54:00,MER0115,ACCOUNT_IFSC,13.0697652543,77.498650646,No,NONE,No,0.25
TXN003054,13272,PAY,user007@okbank,2026,2,18/02/26,16:14:00,MER0178,COLLECT,12.9918606987,77.5911745327,No,NONE,No,0.34
TXN001152,16338,PAY,user050@okbank,2026,1,26/01/26,16:40:00,MER0084,INTENT,13.0074494867,77.6234846273,No,NONE,No,0.52
TXN004046,1884,PAY,user029@okbank,2026,2,21/02/26,21:51:00,MER0171,INTENT,12.9753159654,77.5909082704,No,NONE,No,0.29
TXN004875,30347,PAY,user002@okbank,2026,3,23/03/26,15:44:00,MER0038,VPA,12.9072809403,77.6103752112,No,NONE,No,0.47
TXN003616,16253,PAY,user008@okbank,2026,6,01/06/26,15:38:00,MER0081,QR,12.9965920929,77.6116503992,No,NONE,No,0.3
TXN004171,4247,PAY,user003@okbank,2026,1,14/01/26,19:00:00,MER0049,MOBILE,13.0081925354,77.6159914793,No,NONE,No,0.34
TXN002929,7325,PAY,user010@okbank,2026,2,13/02/26,3:40:00,MER0044,INTENT,13.0493969385,77.5333337819,No,NONE,No,0.17
TXN001327,4717,PAY,user029@okbank,2026,3,05/03/26,17:39:00,MER0051,VPA,12.9538262032,77.5926525261,No,NONE,No,0.26
TXN004645,14019,PAY,user009@okbank,2026,6,13/06/26,3:02:00,MER0107,INTENT,13.01857004,77.6135522731,No,NONE,No,0.11
TXN001330,18597,PAY,user031@okbank,2026,2,11/02/26,4:59:00,MER0191,IN_APP,12.9499326899,77.5709005336,No,NONE,No,0.17
TXN004578,14029,PAY,user014@okbank,2026,3,13/03/26,18:17:00,MER0071,QR,12.9524149976,77.5510455846,No,NONE,No,0.51
TXN002161,24698,PAY,user021@okbank,2026,3,12/03/26,16:10:00,MER0183,MOBILE,12.9844524947,77.4963001513,No,NONE,No,0.22
TXN004464,100,PAY,user046@okbank,2026,5,06/05/26,14:02:00,MER0051,IN_APP,12.9718839904,77.5911001316,No,NONE,No,0.39
TXN000604,16829,PAY,user028@okbank,2026,1,20/01/26,16:18:00,MER0195,COLLECT,13.012890222,77.6456724322,No,NONE,No,0.37
TXN004322,25473,PAY,user029@okbank,2026,4,08/04/26,12:05:00,MER0020,MANDATE,13.0008843492,77.5954170542,No,NONE,No,0.42
TXN001272,100,PAY,user027@okbank,2026,6,05/06/26,13:05:00,MER0151,IN_APP,12.8851253936,77.5558031191,No,NONE,No,0.26
TXN002266,27859,PAY,user042@okbank,2026,3,26/03/26,16:32:00,MER0172,INTENT,13.0001750074,77.5287763158,No,NONE,No,0.04
TXN003611,26674,PAY,user035@okbank,2026,4,25/04/26,3:13:00,MER0192,MOBILE,12.935947189,77.6149076448,No,NONE,No,0.26
TXN004267,26905,PAY,user048@okbank,2026,6,15/06/26,12:03:00,MER0067,VPA,13.0747480603,77.5423198139,No,NONE,No,0.22
TXN003037,23098,PAY,user034@okbank,2026,1,07/01/26,9:35:00,MER0047,COLLECT,13.0053152581,77.5188318482,No,NONE,No,0.08
TXN004693,20162,PAY,user008@okbank,2026,3,03/03/26,8:42:00,MER0046,MOBILE,12.8952966062,77.5714669653,No,NONE,No,0.09
TXN004949,17518,PAY,user021@okbank,2026,4,08/04/26,14:46:00,MER0073,COLLECT,12.9169778543,77.6070563453,No,NONE,No,0.16
TXN001500,29253,PAY,user016@okbank,2026,5,01/05/26,12:19:00,MER0153,QR,12.9438293212,77.5497028314,No,NONE,No,0.28
TXN000572,29821,PAY,user030@okbank,2026,2,27/02/26,10:59:00,MER0124,MOBILE,13.0482927606,77.5102723087,No,NONE,No,0.07
TXN004110,8216,PAY,user047@okbank,2026,6,24/06/26,3:19:00,MER0078,INTENT,13.0069159908,77.5856635384,No,NONE,No,0.13
TXN001934,23704,PAY,user023@okbank,2026,6,20/06/26,6:15:00,MER0183,ACCOUNT_IFSC,13.0110168416,77.5863627924,No,NONE,No,0.14
TXN003939,16734,PAY,user015@okbank,2026,1,05/01/26,16:44:00,MER0138,IN_APP,13.0973852295,77.5773741727,No,NONE,No,0.32
TXN002731,3169,PAY,user030@okbank,2026,5,25/05/26,5:21:00,MER0010,MANDATE,13.0561368232,77.6845120956,No,NONE,No,0.04
TXN000129,59778,PAY,user036@okbank,2026,4,18/04/26,4:44:00,MER0177,ACCOUNT_IFSC,12.9649994996,77.4861550516,Yes,MULE_ACCOUNT,Yes,0.71
TXN000520,2923,PAY,user022@okbank,2026,3,06/03/26,18:38:00,MER0166,ACCOUNT_IFSC,12.9847785862,77.6167920376,No,NONE,No,0.14
TXN000591,13086,PAY,user030@okbank,2026,3,17/03/26,14:32:00,MER0190,ACCOUNT_IFSC,13.075405865,77.5451160752,No,NONE,No,0.29
TXN002971,13275,PAY,user008@okbank,2026,6,21/06/26,9:33:00,MER0005,MOBILE,12.9424774739,77.6603975834,No,NONE,No,0.12
TXN001338,100,PAY,user049@okbank,2026,2,18/02/26,2:02:00,MER0093,IN_APP,12.9703512097,77.5715690333,No,NONE,No,0.21
TXN001796,10212,PAY,user041@okbank,2026,4,09/04/26,23:05:00,MER0199,QR,13.0578928149,77.5703001925,No,NONE,No,0.28
TXN001120,5564,PAY,user008@okbank,2026,6,08/06/26,0:25:00,MER0111,COLLECT,12.9908414532,77.6150398076,No,NONE,No,0.32
TXN001174,11302,PAY,user039@okbank,2026,4,22/04/26,2:33:00,MER0161,COLLECT,12.9748340347,77.5097895833,No,NONE,No,0.15
TXN000838,100,PAY,user021@okbank,2026,4,02/04/26,19:06:00,MER0132,IN_APP,12.9324068428,77.4887325542,No,NONE,No,0.25
TXN001644,13682,PAY,user003@okbank,2026,2,22/02/26,3:07:00,MER0167,QR,13.0086350574,77.5812116539,No,NONE,No,0.45
TXN003621,17473,PAY,user020@okbank,2026,1,24/01/26,16:42:00,MER0115,MOBILE,12.9679324776,77.5048992889,No,NONE,No,0.39
TXN003851,16086,PAY,user005@okbank,2026,5,01/05/26,20:38:00,MER0013,COLLECT,13.0188331726,77.5290382858,No,NONE,No,0.42
TXN001768,23379,PAY,user033@okbank,2026,1,02/01/26,11:27:00,MER0116,MOBILE,13.0485730117,77.5741533373,No,NONE,No,0.34
TXN004643,29544,PAY,user027@okbank,2026,3,27/03/26,18:45:00,MER0036,ACCOUNT_IFSC,12.9395892493,77.5084803079,No,NONE,No,0.25
TXN003916,7887,PAY,user018@okbank,2026,2,15/02/26,7:41:00,MER0119,QR,12.9395350685,77.706048363,No,NONE,No,0.42
TXN000462,19088,PAY,user039@okbank,2026,1,19/01/26,11:33:00,MER0115,VPA,12.9939339875,77.5607720492,Yes,NONE,No,0.11
TXN002825,20194,PAY,user046@okbank,2026,2,14/02/26,16:27:00,MER0102,MANDATE,12.97775501,77.6565260119,No,NONE,No,0.2
TXN002894,21680,PAY,user007@okbank,2026,6,15/06/26,11:12:00,MER0180,ACCOUNT_IFSC,12.9826930513,77.5110759688,No,NONE,No,0.02
TXN004162,100,PAY,user031@okbank,2026,5,08/05/26,9:26:00,MER0019,QR,13.0558898145,77.6501886485,No,NONE,No,0.21
TXN002376,22683,PAY,user020@okbank,2026,1,28/01/26,7:08:00,MER0130,IN_APP,13.0233804905,77.5341783627,No,NONE,No,0.21
TXN002903,23459,PAY,user046@okbank,2026,3,27/03/26,16:52:00,MER0153,COLLECT,13.025315826,77.5819475495,No,NONE,No,0.29
TXN001560,5687,PAY,user015@okbank,2026,2,12/02/26,18:50:00,MER0051,COLLECT,13.0204126338,77.5343897704,No,NONE,No,0.41
TXN004302,14436,PAY,user048@okbank,2026,4,09/04/26,22:12:00,MER0131,IN_APP,12.9185851854,77.5968765305,No,NONE,No,0.3
TXN004776,14275,PAY,user030@okbank,2026,3,10/03/26,7:43:00,MER0145,INTENT,12.9627127599,77.623089767,No,NONE,No,0.28
TXN001779,20555,PAY,user011@okbank,2026,1,14/01/26,15:24:00,MER0188,VPA,12.9588143693,77.5415335868,No,NONE,No,0.28
TXN003726,23434,PAY,user049@okbank,2026,4,24/04/26,13:30:00,MER0038,QR,13.0087282351,77.542555313,No,NONE,No,0.2
TXN001754,16746,PAY,user045@okbank,2026,2,09/02/26,14:36:00,MER0085,VPA,12.9496319107,77.677869694,No,NONE,No,0.49
TXN001314,22832,PAY,user002@okbank,2026,5,26/05/26,4:33:00,MER0036,IN_APP,12.9452670686,77.5424243659,No,NONE,No,0.12
TXN001000,17345,PAY,user033@okbank,2026,5,11/05/26,15:21:00,MER0194,INTENT,12.9724040093,77.6240306831,No,NONE,No,0.32
TXN001756,100,PAY,user037@okbank,2026,1,04/01/26,9:22:00,MER0042,ACCOUNT_IFSC,13.0059467541,77.6148928531,No,NONE,No,0.29
TXN001257,12644,PAY,user007@okbank,2026,1,25/01/26,9:01:00,MER0086,MANDATE,12.946388902,77.6335118931,No,NONE,No,0.18
TXN002574,15588,PAY,user010@okbank,2026,5,15/05/26,2:55:00,MER0166,INTENT,12.9188499712,77.559946903,No,NONE,No,0.11
TXN003934,19680,PAY,user006@okbank,2026,1,07/01/26,15:32:00,MER0191,COLLECT,12.9327703941,77.5353168879,No,NONE,No,0.29
TXN004530,16342,PAY,user023@okbank,2026,3,11/03/26,5:50:00,MER0127,ACCOUNT_IFSC,13.0999085081,77.6199713814,No,NONE,No,0.22
TXN000381,14734,PAY,user025@okbank,2026,6,05/06/26,15:34:00,MER0028,MOBILE,12.9917481272,77.5852232043,No,NONE,No,0.2
TXN003353,26408,PAY,user001@okbank,2026,5,03/05/26,6:42:00,MER0111,IN_APP,13.0681038992,77.6243324844,No,NONE,No,0.25
TXN004958,25530,PAY,user003@okbank,2026,1,25/01/26,13:04:00,MER0094,IN_APP,12.9840164161,77.521541754,No,NONE,No,0.23
TXN004699,10523,PAY,user017@okbank,2026,5,15/05/26,22:16:00,MER0200,INTENT,12.9181350639,77.5820415823,No,NONE,No,0.45
TXN003029,30976,PAY,user013@okbank,2026,5,02/05/26,13:26:00,MER0143,ACCOUNT_IFSC,13.0290173588,77.6538057506,No,NONE,No,0.4
TXN002111,41751,PAY,user004@okbank,2026,2,13/02/26,4:38:00,MER0003,MOBILE,12.978486578,77.5757767637,No,NONE,No,0.26
TXN000829,23751,PAY,user010@okbank,2026,1,14/01/26,23:37:00,MER0142,INTENT,12.947790947,77.6411114207,No,NONE,No,0.23
TXN002403,6590,PAY,user033@okbank,2026,5,21/05/26,6:25:00,MER0172,ACCOUNT_IFSC,12.9237657487,77.6146139771,No,NONE,No,0.3
TXN003786,18298,PAY,user014@okbank,2026,2,26/02/26,0:52:00,MER0147,INTENT,12.9510956659,77.5686068405,No,NONE,No,0.38
TXN000730,29088,PAY,user033@okbank,2026,1,04/01/26,11:48:00,MER0118,IN_APP,12.9749362154,77.5995953614,No,NONE,No,0.33
TXN004590,13399,PAY,user031@okbank,2026,5,13/05/26,11:04:00,MER0129,VPA,13.0083078632,77.5562252436,No,NONE,No,0.27
TXN001769,35451,PAY,user044@okbank,2026,2,15/02/26,6:06:00,MER0001,MOBILE,12.921150099,77.5988124747,No,NONE,No,0.35
TXN002914,100,PAY,user019@okbank,2026,2,22/02/26,3:57:00,MER0089,MANDATE,12.9913765456,77.5963212269,No,NONE,No,0.3
TXN003204,10631,PAY,user003@okbank,2026,2,15/02/26,17:22:00,MER0064,QR,12.9937298315,77.5959672957,No,NONE,No,0.26
TXN001094,4945,PAY,user044@okbank,2026,5,04/05/26,19:16:00,MER0136,IN_APP,12.9946015733,77.5786343146,No,NONE,No,0.5
TXN001953,22654,PAY,user003@okbank,2026,2,14/02/26,14:54:00,MER0024,QR,12.8950108529,77.524612217,No,NONE,No,0.6
TXN004725,15960,PAY,user027@okbank,2026,5,16/05/26,3:48:00,MER0180,MANDATE,13.0202979248,77.5941300844,No,NONE,No,0.22
TXN003836,21867,PAY,user049@okbank,2026,3,06/03/26,5:30:00,MER0033,VPA,13.0161929585,77.6497067518,No,NONE,No,0.24
TXN000988,12887,PAY,user048@okbank,2026,6,21/06/26,10:22:00,MER0198,INTENT,12.9306924573,77.6417033086,No,NONE,No,0.22
TXN001168,32617,PAY,user022@okbank,2026,2,06/02/26,21:31:00,MER0170,IN_APP,12.9747420776,77.5862335356,No,NONE,No,0.15
TXN004882,1129,PAY,user041@okbank,2026,2,09/02/26,23:32:00,MER0120,IN_APP,12.9240614204,77.5850127108,No,NONE,No,0.02
TXN002751,17162,PAY,user050@okbank,2026,4,03/04/26,6:08:00,MER0007,QR,12.9473222551,77.5731020376,No,NONE,No,0.29
TXN000054,30395,PAY,user007@okbank,2026,1,11/01/26,0:46:00,MER0027,COLLECT,12.8405121697,77.540430649,No,QR_DECEPTION,Yes,0.63
TXN002739,11748,PAY,user018@okbank,2026,1,26/01/26,10:26:00,MER0150,COLLECT,12.9730130107,77.5729021355,No,NONE,No,0.03
TXN000495,3990,PAY,user015@okbank,2026,5,18/05/26,9:02:00,MER0137,COLLECT,12.9660597077,77.5764857428,No,NONE,No,0.44
TXN000663,100,PAY,user043@okbank,2026,5,23/05/26,5:54:00,MER0074,COLLECT,12.9225168535,77.5679411659,No,NONE,No,0.23
TXN001315,20403,PAY,user050@okbank,2026,4,20/04/26,17:04:00,MER0035,COLLECT,12.9908353292,77.5279884426,No,NONE,No,0.46
TXN004614,28647,PAY,user017@okbank,2026,4,01/04/26,16:32:00,MER0147,MOBILE,12.9977981571,77.5323768683,No,NONE,No,0.2
TXN003357,13704,PAY,user034@okbank,2026,2,25/02/26,22:23:00,MER0047,COLLECT,12.9726121451,77.5423686275,No,NONE,No,0.27
TXN000336,17111,PAY,user015@okbank,2026,2,23/02/26,3:17:00,MER0154,MOBILE,12.9974560568,77.5021351929,No,NONE,No,0.42
TXN003062,22445,PAY,user008@okbank,2026,2,18/02/26,14:10:00,MER0004,INTENT,13.0381618545,77.7255016275,No,NONE,No,0.35
TXN003442,21197,PAY,user036@okbank,2026,5,25/05/26,6:48:00,MER0155,ACCOUNT_IFSC,12.9910591038,77.6009414381,No,NONE,No,0.38
TXN001696,14294,PAY,user022@okbank,2026,3,23/03/26,22:34:00,MER0087,ACCOUNT_IFSC,13.0065559928,77.6395114567,No,NONE,No,0.41
TXN002646,24273,PAY,user027@okbank,2026,6,13/06/26,14:40:00,MER0018,MANDATE,13.0387810569,77.5416240747,No,NONE,No,0.35
TXN001259,21484,PAY,user039@okbank,2026,5,26/05/26,9:08:00,MER0123,MANDATE,12.9416180213,77.6489429688,No,NONE,No,0.32
TXN000290,6653,PAY,user047@okbank,2026,1,26/01/26,20:51:00,MER0091,INTENT,12.9895171284,77.6552897725,No,NONE,No,0.33
TXN000019,54616,PAY,user039@okbank,2026,1,07/01/26,12:34:00,MER0147,COLLECT,12.9156161567,77.6259926271,No,ACCOUNT_TAKEOVER,Yes,0.63
TXN001787,10173,PAY,user008@okbank,2026,6,26/06/26,23:30:00,MER0072,IN_APP,12.9985749408,77.4919322619,No,NONE,No,0.39
TXN000040,78234,PAY,user011@okbank,2026,3,27/03/26,11:05:00,MER0135,COLLECT,12.9490825389,77.6122342457,No,COLLECT_REQUEST_FRAUD,Yes,0.72
TXN003648,12883,PAY,user002@okbank,2026,1,10/01/26,19:19:00,MER0161,INTENT,13.0095818144,77.5754044597,No,NONE,No,0.21
TXN001757,9193,PAY,user010@okbank,2026,4,10/04/26,10:31:00,MER0093,ACCOUNT_IFSC,12.9438823976,77.6070569283,No,NONE,No,0.51
TXN000582,14415,PAY,user031@okbank,2026,6,28/06/26,19:11:00,MER0161,COLLECT,12.9893933173,77.5445083279,No,NONE,No,0.04
TXN001793,21925,PAY,user048@okbank,2026,1,08/01/26,0:05:00,MER0041,COLLECT,12.9260941162,77.5364755169,No,NONE,No,0.2
TXN001517,18472,PAY,user004@okbank,2026,2,26/02/26,0:50:00,MER0106,INTENT,13.0795284037,77.5862041637,No,NONE,No,0.28
TXN000902,25819,PAY,user003@okbank,2026,2,26/02/26,0:17:00,MER0187,COLLECT,12.9356241135,77.5392320581,No,NONE,No,0.32
TXN004581,25810,PAY,user022@okbank,2026,5,05/05/26,16:30:00,MER0006,QR,12.8229132956,77.6198414932,No,NONE,No,0.33
TXN004478,14826,PAY,user022@okbank,2026,2,28/02/26,22:47:00,MER0175,MANDATE,12.9695755557,77.5753163089,No,NONE,No,0.49
TXN001618,14169,PAY,user031@okbank,2026,2,28/02/26,7:36:00,MER0169,COLLECT,12.940821339,77.5896840673,No,NONE,No,0.27
TXN002995,23036,PAY,user017@okbank,2026,2,05/02/26,7:47:00,MER0128,IN_APP,13.0351546481,77.627030082,No,NONE,No,0.26
TXN004000,11210,PAY,user031@okbank,2026,4,06/04/26,6:37:00,MER0064,QR,12.9729308513,77.6482840703,No,NONE,No,0.26
TXN000115,94674,PAY,user022@okbank,2026,3,04/03/26,23:56:00,MER0153,INTENT,12.9844461373,77.6490895923,No,SIM_SWAP_DRAIN,Yes,0.76
TXN003651,22106,PAY,user036@okbank,2026,4,05/04/26,17:51:00,MER0126,VPA,12.9474616233,77.505565774,No,NONE,No,0.29
TXN002514,10025,PAY,user041@okbank,2026,2,18/02/26,18:39:00,MER0138,MOBILE,12.9283238294,77.5252259331,No,NONE,No,0.3
TXN002734,20077,PAY,user015@okbank,2026,3,12/03/26,4:23:00,MER0131,VPA,13.0376386645,77.5723672577,No,NONE,No,0.41
TXN004492,11223,PAY,user042@okbank,2026,6,07/06/26,4:44:00,MER0172,MOBILE,12.9776765315,77.479211933,No,NONE,No,0.47
TXN000869,17098,PAY,user010@okbank,2026,1,26/01/26,5:35:00,MER0191,INTENT,12.9092373912,77.5852464712,No,NONE,No,0.5
TXN000661,100,PAY,user022@okbank,2026,4,17/04/26,18:24:00,MER0053,QR,12.8976421938,77.5445332821,No,NONE,No,0.26
TXN000574,19453,PAY,user039@okbank,2026,6,08/06/26,3:17:00,MER0112,MANDATE,12.963569606,77.5040621895,No,NONE,No,0.27
TXN003669,21472,PAY,user048@okbank,2026,3,10/03/26,13:33:00,MER0189,VPA,12.9675278313,77.6218638439,No,NONE,No,0.2
TXN000061,71584,PAY,user021@okbank,2026,5,23/05/26,3:35:00,MER0151,COLLECT,13.0609830131,77.5319235455,No,REMOTE_ACCESS_FRAUD,Yes,0.55
TXN004109,22805,PAY,user047@okbank,2026,4,15/04/26,8:44:00,MER0040,ACCOUNT_IFSC,12.9276171993,77.5385720182,No,NONE,No,0.33
TXN003789,32894,PAY,user021@okbank,2026,4,06/04/26,10:28:00,MER0078,MANDATE,12.9690349696,77.5298730032,No,NONE,No,0.1
TXN002470,16151,PAY,user025@okbank,2026,6,27/06/26,10:33:00,MER0195,QR,12.9560471816,77.5239745067,No,NONE,No,0.51
TXN001571,18459,PAY,user050@okbank,2026,3,04/03/26,19:16:00,MER0045,IN_APP,12.9921768471,77.5912709286,No,NONE,No,0.14
TXN002060,2108,PAY,user034@okbank,2026,2,23/02/26,14:17:00,MER0055,QR,12.9981642161,77.6193486847,No,NONE,No,0.34
TXN000865,24580,PAY,user005@okbank,2026,2,27/02/26,17:06:00,MER0195,MOBILE,12.9559761315,77.5586946317,No,NONE,No,0.34
TXN000442,11047,PAY,user045@okbank,2026,6,06/06/26,10:40:00,MER0147,COLLECT,12.9148069044,77.6178936988,No,NONE,No,0.24
TXN000771,5527,PAY,user022@okbank,2026,1,16/01/26,14:20:00,MER0200,VPA,13.0246334878,77.6768366752,No,NONE,No,0.14
TXN001650,1403,PAY,user033@okbank,2026,2,26/02/26,16:35:00,MER0148,QR,13.0093291774,77.6464983038,No,NONE,No,0.35
TXN000402,29793,PAY,user019@okbank,2026,3,25/03/26,1:44:00,MER0126,ACCOUNT_IFSC,12.9184051084,77.5458442833,No,NONE,No,0.38
TXN004344,321,PAY,user036@okbank,2026,4,16/04/26,10:37:00,MER0159,COLLECT,12.8540653159,77.6424727437,No,NONE,No,0.2
TXN001907,17212,PAY,user048@okbank,2026,6,22/06/26,3:39:00,MER0135,INTENT,13.0705691342,77.5136233745,No,NONE,No,0.45
TXN000533,10293,PAY,user037@okbank,2026,6,16/06/26,6:38:00,MER0160,COLLECT,12.9918558408,77.5108286448,No,NONE,No,0.4
TXN001400,23366,PAY,user043@okbank,2026,4,24/04/26,10:55:00,MER0170,MANDATE,12.9341489516,77.529324739,No,NONE,No,0.33
TXN004316,16305,PAY,user042@okbank,2026,1,17/01/26,10:40:00,MER0200,INTENT,13.0453766961,77.5750959068,No,NONE,No,0.31
TXN000853,20938,PAY,user021@okbank,2026,6,25/06/26,13:40:00,MER0001,COLLECT,12.9360821948,77.6137023118,No,NONE,No,0.15
TXN002263,16557,PAY,user005@okbank,2026,6,10/06/26,0:28:00,MER0136,INTENT,13.0224574803,77.5449342749,No,NONE,No,0.28
TXN000480,24063,PAY,user003@okbank,2026,4,01/04/26,0:05:00,MER0130,MANDATE,12.9784007925,77.5748633214,No,NONE,No,0.03
TXN004537,28129,PAY,user047@okbank,2026,4,08/04/26,23:26:00,MER0053,COLLECT,12.8660353754,77.6061483802,No,NONE,No,0.37
TXN001807,11121,PAY,user017@okbank,2026,3,28/03/26,5:00:00,MER0089,IN_APP,12.9156004313,77.5586295132,No,NONE,No,0.08
TXN002501,18103,PAY,user036@okbank,2026,5,18/05/26,16:34:00,MER0070,INTENT,12.9926912644,77.5991637526,No,NONE,No,0.38
TXN003271,11933,PAY,user012@okbank,2026,1,04/01/26,21:29:00,MER0159,INTENT,12.8860150597,77.6855072733,No,NONE,No,0.31
TXN003159,4090,PAY,user004@okbank,2026,4,28/04/26,5:14:00,MER0103,ACCOUNT_IFSC,12.9823695177,77.6867285416,No,NONE,No,0.16
TXN004259,2767,PAY,user012@okbank,2026,5,01/05/26,20:07:00,MER0058,ACCOUNT_IFSC,13.0359536042,77.6859614368,No,NONE,No,0.26
TXN003953,10123,PAY,user033@okbank,2026,5,17/05/26,9:28:00,MER0087,MOBILE,13.0151731139,77.4563073266,No,NONE,No,0.34
TXN004873,9455,PAY,user013@okbank,2026,3,27/03/26,7:54:00,MER0132,COLLECT,12.9947128309,77.6236045591,No,NONE,No,0.24
TXN002380,14719,PAY,user014@okbank,2026,4,27/04/26,0:48:00,MER0094,INTENT,13.0207058183,77.5586600289,No,NONE,No,0.12
TXN003302,12778,PAY,user029@okbank,2026,3,18/03/26,4:19:00,MER0112,INTENT,13.0098934945,77.5591758059,No,NONE,No,0.33
TXN004491,30619,PAY,user012@okbank,2026,5,18/05/26,19:55:00,MER0188,COLLECT,12.9934261187,77.5615969014,No,NONE,No,0.19
TXN003441,11036,PAY,user030@okbank,2026,2,04/02/26,1:51:00,MER0074,MANDATE,12.8891251162,77.5413226446,No,NONE,No,0.14
TXN001290,12734,PAY,user043@okbank,2026,2,13/02/26,9:03:00,MER0161,VPA,12.9064122292,77.5861816684,No,NONE,No,0.22
TXN002934,19097,PAY,user038@okbank,2026,6,11/06/26,16:02:00,MER0114,INTENT,13.0911541388,77.5800098721,No,NONE,No,0.25
TXN002495,24977,PAY,user041@okbank,2026,4,28/04/26,1:02:00,MER0162,INTENT,13.0163227417,77.5895239299,No,NONE,No,0.16
TXN003156,8497,PAY,user031@okbank,2026,2,12/02/26,11:18:00,MER0194,MANDATE,12.936658078,77.5200766477,No,NONE,No,0.46
TXN003403,14539,PAY,user026@okbank,2026,2,12/02/26,16:08:00,MER0184,INTENT,13.0017759022,77.6266435302,No,NONE,No,0.43
TXN002750,100,PAY,user009@okbank,2026,2,03/02/26,19:09:00,MER0189,INTENT,12.9388155971,77.6665681375,No,NONE,No,0.32
TXN000125,17195,PAY,user038@okbank,2026,6,13/06/26,3:11:00,MER0141,IN_APP,12.9863374127,77.6154815099,No,COLLECT_REQUEST_FRAUD,Yes,0.75
TXN001276,14619,PAY,user018@okbank,2026,3,27/03/26,21:53:00,MER0006,INTENT,13.0525378209,77.657752738,No,NONE,No,0.25
TXN004225,14981,PAY,user021@okbank,2026,6,28/06/26,14:59:00,MER0065,MOBILE,13.0045674949,77.5574193666,No,NONE,No,0.37
TXN004720,5627,PAY,user047@okbank,2026,5,05/05/26,13:06:00,MER0111,IN_APP,12.9158825037,77.5888355187,No,NONE,No,0.38
TXN000486,11587,PAY,user023@okbank,2026,4,17/04/26,1:55:00,MER0072,IN_APP,12.9461609664,77.5467627343,No,NONE,No,0.25
TXN003819,13648,PAY,user015@okbank,2026,1,28/01/26,8:21:00,MER0124,MOBILE,12.9654684039,77.58325743,No,NONE,No,0.12
TXN000694,26594,PAY,user028@okbank,2026,2,26/02/26,22:30:00,MER0048,INTENT,13.0294577922,77.6235519028,No,NONE,No,0.4
TXN002327,29098,PAY,user024@okbank,2026,2,09/02/26,8:08:00,MER0123,QR,13.0518283758,77.5838453921,No,NONE,No,0.34
TXN001096,17279,PAY,user045@okbank,2026,3,27/03/26,8:50:00,MER0133,IN_APP,13.0292467864,77.5646694571,No,NONE,No,0.49
TXN000923,3559,PAY,user025@okbank,2026,1,24/01/26,22:35:00,MER0060,VPA,12.9971189342,77.5770103847,No,NONE,No,0.39
TXN004389,8245,PAY,user045@okbank,2026,2,21/02/26,10:21:00,MER0148,MOBILE,12.9294792227,77.5211935951,No,NONE,No,0.36
TXN002062,100,PAY,user024@okbank,2026,1,04/01/26,20:00:00,MER0073,IN_APP,12.9920420795,77.6691945966,No,NONE,No,0.17
TXN001391,27951,PAY,user049@okbank,2026,4,16/04/26,21:46:00,MER0071,COLLECT,12.9315110573,77.6392295515,No,NONE,No,0.2
TXN000392,8695,PAY,user014@okbank,2026,1,06/01/26,22:06:00,MER0018,IN_APP,12.930376238,77.6567554432,No,NONE,No,0.33
TXN002578,14609,PAY,user023@okbank,2026,6,22/06/26,11:10:00,MER0042,MANDATE,12.9165282449,77.6138293912,No,NONE,No,0.31
TXN003521,26129,PAY,user012@okbank,2026,3,17/03/26,0:29:00,MER0200,QR,12.9518363472,77.5154093657,No,NONE,No,0.26
TXN004510,4466,PAY,user007@okbank,2026,5,02/05/26,9:39:00,MER0107,IN_APP,13.0020964982,77.4820390239,No,NONE,No,0.23
TXN003467,29254,PAY,user047@okbank,2026,4,13/04/26,8:53:00,MER0068,VPA,12.9854736143,77.5630213961,No,NONE,No,0.22
TXN003197,13653,PAY,user034@okbank,2026,4,23/04/26,15:25:00,MER0167,VPA,12.9485168248,77.5525584928,No,NONE,No,0.21
TXN001989,17654,PAY,user004@okbank,2026,4,19/04/26,8:25:00,MER0068,VPA,12.9841518236,77.5819932352,No,NONE,No,0.43
TXN001799,4623,PAY,user006@okbank,2026,1,21/01/26,17:25:00,MER0132,QR,12.9589500247,77.698365314,No,NONE,No,0.18
TXN004957,100,PAY,user049@okbank,2026,1,28/01/26,0:57:00,MER0149,QR,12.9424540497,77.5361450972,No,NONE,No,0.11
TXN001143,22938,PAY,user036@okbank,2026,3,17/03/26,5:09:00,MER0003,IN_APP,12.9673228941,77.5356422127,No,NONE,No,0.26
TXN000105,52488,PAY,user038@okbank,2026,5,21/05/26,2:36:00,MER0169,MOBILE,12.8493143612,77.5604575405,No,MANDATE_FRAUD,Yes,0.89
TXN003400,15311,PAY,user008@okbank,2026,1,10/01/26,22:44:00,MER0070,VPA,12.9726875061,77.5672450115,No,NONE,No,0.37
TXN003166,21417,PAY,user043@okbank,2026,5,12/05/26,12:16:00,MER0122,MANDATE,12.9832121534,77.697334069,No,NONE,No,0.34
TXN002343,100,PAY,user032@okbank,2026,6,23/06/26,9:00:00,MER0007,COLLECT,12.8990398782,77.5550088252,No,NONE,No,0.22
TXN003913,25047,PAY,user040@okbank,2026,6,20/06/26,4:58:00,MER0107,VPA,12.9842139643,77.5673901014,No,NONE,No,0.02
TXN002878,10376,PAY,user028@okbank,2026,1,20/01/26,2:19:00,MER0107,VPA,12.9478980003,77.6036383918,No,NONE,No,0.21
TXN000625,20378,PAY,user017@okbank,2026,4,21/04/26,3:57:00,MER0161,VPA,13.1276207754,77.6460241133,No,NONE,No,0.25
TXN000219,72615,PAY,user043@okbank,2026,3,02/03/26,5:06:00,MER0073,VPA,13.0148658327,77.5143920474,No,ACCOUNT_TAKEOVER,Yes,0.67
TXN000553,25122,PAY,user009@okbank,2026,2,23/02/26,1:20:00,MER0024,VPA,12.9791762538,77.6199522642,No,NONE,No,0.14
TXN003288,35231,PAY,user032@okbank,2026,2,10/02/26,19:23:00,MER0152,QR,12.9336857996,77.6009986268,No,NONE,No,0.22
TXN001348,20106,PAY,user012@okbank,2026,6,10/06/26,3:18:00,MER0082,COLLECT,12.9900635602,77.6449594761,No,NONE,No,0.26
TXN004199,2243,PAY,user030@okbank,2026,5,26/05/26,8:21:00,MER0147,QR,12.9868073197,77.6405375183,No,NONE,No,0.1
TXN003807,3839,PAY,user002@okbank,2026,3,01/03/26,13:40:00,MER0100,COLLECT,12.9984724144,77.5635494002,No,NONE,No,0.34
TXN000594,8125,PAY,user045@okbank,2026,6,23/06/26,5:21:00,MER0114,ACCOUNT_IFSC,12.9720769041,77.5358162105,No,NONE,No,0.2
TXN000377,9055,PAY,user046@okbank,2026,5,13/05/26,15:13:00,MER0069,INTENT,13.0365541993,77.5445482128,No,NONE,No,0.15
TXN002885,11586,PAY,user046@okbank,2026,3,12/03/26,23:38:00,MER0108,COLLECT,12.8997257417,77.5528592654,No,NONE,No,0.3
TXN001410,15916,PAY,user001@okbank,2026,3,22/03/26,16:10:00,MER0179,QR,12.8279651812,77.5375791943,No,NONE,No,0.23
TXN003992,26269,PAY,user017@okbank,2026,5,13/05/26,0:38:00,MER0194,INTENT,12.9708007359,77.6014397941,No,NONE,No,0.22
TXN003451,33814,PAY,user032@okbank,2026,2,06/02/26,11:36:00,MER0046,QR,12.9157267612,77.5679091494,No,NONE,No,0.02
TXN003792,100,PAY,user047@okbank,2026,4,05/04/26,1:21:00,MER0073,ACCOUNT_IFSC,12.8614656836,77.6199470134,No,NONE,No,0.38
TXN002386,12609,PAY,user022@okbank,2026,1,17/01/26,2:34:00,MER0162,IN_APP,12.9203585212,77.6680402938,No,NONE,No,0.17
TXN000751,27365,PAY,user009@okbank,2026,3,04/03/26,20:41:00,MER0177,QR,13.0004374992,77.5668666757,No,NONE,No,0.58
TXN001541,10285,PAY,user043@okbank,2026,3,17/03/26,11:46:00,MER0170,IN_APP,12.9870966836,77.5947317591,No,NONE,No,0.26
TXN001034,19837,PAY,user042@okbank,2026,5,09/05/26,11:49:00,MER0105,MANDATE,12.9533111496,77.6428094344,No,NONE,No,0.39
TXN002915,20105,PAY,user023@okbank,2026,2,05/02/26,13:54:00,MER0188,MANDATE,12.9711559065,77.5375956201,No,NONE,No,0.24
TXN000927,10273,PAY,user037@okbank,2026,3,19/03/26,16:37:00,MER0055,MANDATE,12.9481869731,77.6145249587,No,NONE,No,0.25
TXN004040,17585,PAY,user029@okbank,2026,4,25/04/26,7:42:00,MER0018,QR,12.9940383247,77.6117668776,No,NONE,No,0.18
TXN004278,14826,PAY,user026@okbank,2026,4,07/04/26,16:21:00,MER0048,IN_APP,12.9725904037,77.5623415791,No,NONE,No,0.43
TXN000241,85378,PAY,user036@okbank,2026,5,09/05/26,17:15:00,MER0164,QR,13.0284406979,77.6218409464,No,MANDATE_FRAUD,Yes,0.78
TXN003080,10032,PAY,user003@okbank,2026,6,01/06/26,18:07:00,MER0074,MANDATE,12.9318201091,77.5488061225,No,NONE,No,0.33
TXN001670,17408,PAY,user039@okbank,2026,5,09/05/26,22:34:00,MER0187,MANDATE,13.0492871569,77.5426369802,No,NONE,No,0.27
TXN003904,14314,PAY,user032@okbank,2026,3,06/03/26,15:37:00,MER0137,VPA,12.8668226297,77.5985898027,No,NONE,No,0.17
TXN004173,18165,PAY,user012@okbank,2026,1,06/01/26,1:54:00,MER0067,VPA,12.9850187454,77.5302971446,No,NONE,No,0.17
TXN000060,8000,PAY,user031@okbank,2026,4,21/04/26,13:20:00,MER0112,QR,12.9539093609,77.6027053976,No,COLLECT_REQUEST_FRAUD,Yes,0.68
TXN000489,7987,PAY,user039@okbank,2026,4,06/04/26,20:51:00,MER0171,MOBILE,12.9724374997,77.6174972889,No,NONE,No,0.13
TXN002354,19994,PAY,user004@okbank,2026,2,26/02/26,4:26:00,MER0078,VPA,13.056464976,77.5189765596,No,NONE,No,0.19
TXN002632,2762,PAY,user043@okbank,2026,3,04/03/26,3:09:00,MER0108,MANDATE,12.9107215346,77.6188231954,No,NONE,No,0.44
TXN001356,11666,PAY,user018@okbank,2026,2,25/02/26,7:10:00,MER0114,INTENT,12.8874448061,77.5497869082,No,NONE,No,0.28
TXN003636,7431,PAY,user034@okbank,2026,3,20/03/26,6:05:00,MER0074,MOBILE,12.9381264563,77.6110671187,No,NONE,No,0.22
TXN000547,26398,PAY,user014@okbank,2026,6,22/06/26,0:32:00,MER0164,QR,13.0139820313,77.5658666263,No,NONE,No,0.54
TXN003962,5119,PAY,user006@okbank,2026,3,02/03/26,0:31:00,MER0200,VPA,12.9542133089,77.6229236107,No,NONE,No,0.18
TXN001615,100,PAY,user005@okbank,2026,1,06/01/26,8:29:00,MER0005,IN_APP,13.0025673031,77.5816906951,No,NONE,No,0.19
TXN001901,13729,PAY,user022@okbank,2026,4,17/04/26,0:37:00,MER0014,IN_APP,12.87391754,77.5598493219,No,NONE,No,0.25
TXN004380,18156,PAY,user003@okbank,2026,3,28/03/26,12:50:00,MER0088,INTENT,12.8982520344,77.5135183498,No,NONE,No,0.56
TXN000380,11718,PAY,user024@okbank,2026,4,17/04/26,13:34:00,MER0131,COLLECT,12.9296518031,77.5921232981,No,NONE,No,0.14
TXN003713,100,PAY,user028@okbank,2026,6,03/06/26,5:16:00,MER0028,IN_APP,13.043365635,77.4758162767,No,NONE,No,0.07
TXN002609,18830,PAY,user031@okbank,2026,6,09/06/26,9:37:00,MER0154,INTENT,12.9459830605,77.6614540516,No,NONE,No,0.37
TXN003999,21785,PAY,user031@okbank,2026,1,03/01/26,6:31:00,MER0142,IN_APP,13.0298896728,77.6274233968,No,NONE,No,0.21
TXN002597,20418,PAY,user025@okbank,2026,2,22/02/26,4:37:00,MER0045,MANDATE,13.1122952308,77.6357895549,No,NONE,No,0.55
TXN001042,24150,PAY,user012@okbank,2026,3,19/03/26,9:54:00,MER0017,IN_APP,13.0259711593,77.578032938,No,NONE,No,0.18
TXN004063,13221,PAY,user019@okbank,2026,4,12/04/26,13:00:00,MER0099,IN_APP,12.9514548956,77.621286782,No,NONE,No,0.21
TXN004013,17743,PAY,user037@okbank,2026,2,02/02/26,4:25:00,MER0066,IN_APP,12.9551188861,77.5555113269,No,NONE,No,0.29
TXN004037,27641,PAY,user049@okbank,2026,1,18/01/26,10:03:00,MER0011,VPA,12.9593288562,77.5870673938,No,NONE,No,0.16
TXN004359,28014,PAY,user011@okbank,2026,5,02/05/26,16:57:00,MER0085,MOBILE,12.9456057502,77.5674774356,No,NONE,No,0.46
TXN000113,81073,PAY,user043@okbank,2026,4,07/04/26,5:04:00,MER0015,MANDATE,12.9054548835,77.6232395083,No,REMOTE_ACCESS_FRAUD,Yes,0.81
TXN000133,49326,PAY,user008@okbank,2026,2,26/02/26,4:25:00,MER0061,COLLECT,13.0237333682,77.6038219704,No,REMOTE_ACCESS_FRAUD,Yes,0.9
TXN002129,19472,PAY,user027@okbank,2026,4,03/04/26,3:56:00,MER0179,QR,12.9840085737,77.655145239,No,NONE,No,0.29
TXN002554,14586,PAY,user039@okbank,2026,6,17/06/26,17:45:00,MER0001,IN_APP,12.9307848498,77.5895418271,No,NONE,No,0.44
TXN004639,22764,PAY,user016@okbank,2026,3,18/03/26,1:50:00,MER0040,MOBILE,12.9122488414,77.6431347588,No,NONE,No,0.48
TXN002443,100,PAY,user050@okbank,2026,3,17/03/26,5:52:00,MER0185,MANDATE,13.0441221257,77.5771958298,No,NONE,No,0.31
TXN001172,21459,PAY,user002@okbank,2026,5,05/05/26,9:45:00,MER0143,INTENT,13.0084546499,77.5965757357,No,NONE,No,0.44
TXN003673,18835,PAY,user007@okbank,2026,6,09/06/26,23:55:00,MER0116,COLLECT,12.9798552025,77.6047736418,No,NONE,No,0.37
TXN004361,29919,PAY,user042@okbank,2026,6,03/06/26,14:52:00,MER0200,MOBILE,13.0363367299,77.565899189,No,NONE,No,0.11
TXN000966,23186,PAY,user021@okbank,2026,6,01/06/26,21:56:00,MER0188,VPA,13.045364004,77.583240035,No,NONE,No,0.08
TXN002797,36580,PAY,user004@okbank,2026,3,19/03/26,15:58:00,MER0029,MANDATE,12.9678529639,77.598865283,No,NONE,No,0.19
TXN000958,11822,PAY,user010@okbank,2026,1,26/01/26,22:23:00,MER0123,QR,13.0160504308,77.534054452,No,NONE,No,0.09
TXN000102,34309,PAY,user042@okbank,2026,2,11/02/26,10:06:00,MER0084,VPA,12.9258891898,77.5784559369,No,MULE_ACCOUNT,Yes,0.47
TXN003199,19604,PAY,user006@okbank,2026,1,21/01/26,14:31:00,MER0178,MANDATE,12.950702045,77.5481978443,No,NONE,No,0.31
TXN002144,28181,PAY,user039@okbank,2026,2,05/02/26,19:37:00,MER0095,ACCOUNT_IFSC,12.9502543994,77.6049308936,No,NONE,No,0.37
TXN002032,1348,PAY,user002@okbank,2026,2,13/02/26,17:12:00,MER0099,COLLECT,13.0371743826,77.535182493,No,NONE,No,0.07
TXN000775,13405,PAY,user049@okbank,2026,1,25/01/26,1:25:00,MER0142,MOBILE,12.8580647092,77.6361489893,No,NONE,No,0.33
TXN002777,100,PAY,user045@okbank,2026,6,27/06/26,13:27:00,MER0102,COLLECT,12.9446257682,77.5457725122,No,NONE,No,0.36
TXN000359,16314,PAY,user039@okbank,2026,5,16/05/26,13:21:00,MER0113,ACCOUNT_IFSC,12.9711291096,77.5644010713,No,NONE,No,0.26
TXN003305,18242,PAY,user025@okbank,2026,5,09/05/26,7:53:00,MER0003,IN_APP,12.9613631954,77.5627265299,No,NONE,No,0.19
TXN003381,7389,PAY,user011@okbank,2026,4,01/04/26,17:02:00,MER0189,MANDATE,12.9522248561,77.5643821594,No,NONE,No,0.43
TXN000696,10203,PAY,user035@okbank,2026,2,26/02/26,3:19:00,MER0010,MANDATE,12.9190513375,77.5770400103,No,NONE,No,0.22
TXN000468,5456,PAY,user034@okbank,2026,5,08/05/26,18:28:00,MER0025,MANDATE,12.9635379382,77.5307318369,No,NONE,No,0.11
TXN000593,9560,PAY,user033@okbank,2026,6,06/06/26,14:15:00,MER0008,QR,12.9686851378,77.6136520487,No,NONE,No,0.35
TXN000795,14067,PAY,user038@okbank,2026,6,16/06/26,10:25:00,MER0096,IN_APP,13.06280873,77.5378800736,No,NONE,No,0.18
TXN001999,17959,PAY,user021@okbank,2026,4,09/04/26,8:30:00,MER0093,COLLECT,12.9163482354,77.532504319,No,NONE,No,0.13
TXN000990,19789,PAY,user034@okbank,2026,6,04/06/26,5:58:00,MER0123,ACCOUNT_IFSC,13.0188938573,77.5829160913,No,NONE,No,0.48
TXN003738,22300,PAY,user048@okbank,2026,5,26/05/26,11:53:00,MER0059,VPA,12.9829104836,77.6869560015,No,NONE,No,0.17
TXN004762,18367,PAY,user021@okbank,2026,6,07/06/26,3:09:00,MER0151,COLLECT,13.005736069,77.5743126168,No,NONE,No,0.32
TXN002289,21179,PAY,user009@okbank,2026,2,07/02/26,0:52:00,MER0131,IN_APP,12.9737741409,77.622398523,No,NONE,No,0.28
TXN004418,6777,PAY,user015@okbank,2026,5,04/05/26,12:30:00,MER0182,QR,13.0622300233,77.6550337293,No,NONE,No,0.32
TXN002051,100,PAY,user015@okbank,2026,2,12/02/26,22:36:00,MER0062,VPA,13.0347860295,77.5504295317,No,NONE,No,0.42
TXN004713,4346,PAY,user023@okbank,2026,3,27/03/26,21:14:00,MER0094,ACCOUNT_IFSC,13.042487278,77.638168358,No,NONE,No,0.33
TXN001395,19873,PAY,user042@okbank,2026,1,17/01/26,7:38:00,MER0143,ACCOUNT_IFSC,12.8821769218,77.5559958441,No,NONE,No,0.25
TXN002346,15080,PAY,user025@okbank,2026,5,03/05/26,1:49:00,MER0177,IN_APP,13.0326233898,77.523273936,No,NONE,No,0.36
TXN000157,67812,PAY,user035@okbank,2026,6,20/06/26,23:45:00,MER0073,COLLECT,13.007195593,77.5758025526,No,FAKE_CUSTOMER_CARE,Yes,0.82
TXN002223,14987,PAY,user015@okbank,2026,5,05/05/26,0:51:00,MER0057,INTENT,12.9009665225,77.5762174134,No,NONE,No,0.31
TXN000789,12780,PAY,user039@okbank,2026,6,10/06/26,5:33:00,MER0136,INTENT,13.0173488852,77.6178669092,No,NONE,No,0.22
TXN000472,27041,PAY,user005@okbank,2026,3,09/03/26,19:02:00,MER0050,IN_APP,12.9700579315,77.5579020762,No,NONE,No,0.44
TXN000747,19336,PAY,user034@okbank,2026,6,11/06/26,22:21:00,MER0079,COLLECT,12.9081980465,77.6607603126,No,NONE,No,0.05
TXN004903,1568,PAY,user050@okbank,2026,3,26/03/26,19:09:00,MER0136,ACCOUNT_IFSC,12.9874056687,77.5738799608,No,NONE,No,0.18
TXN004983,17738,PAY,user048@okbank,2026,4,08/04/26,0:35:00,MER0165,COLLECT,13.0314088185,77.5224871233,No,NONE,No,0.25
TXN004939,11094,PAY,user028@okbank,2026,2,02/02/26,23:55:00,MER0114,COLLECT,12.9745602806,77.6013272254,No,NONE,No,0.38
TXN003209,23031,PAY,user017@okbank,2026,4,26/04/26,0:47:00,MER0084,INTENT,12.9993661881,77.5015041034,No,NONE,No,0.31
TXN002893,100,PAY,user031@okbank,2026,6,14/06/26,22:38:00,MER0098,VPA,13.0257022696,77.5705454316,No,NONE,No,0.22
TXN004453,11169,PAY,user024@okbank,2026,1,14/01/26,4:33:00,MER0034,MOBILE,12.8853162195,77.6148068212,No,NONE,No,0.55
TXN004413,27564,PAY,user031@okbank,2026,6,16/06/26,22:57:00,MER0191,INTENT,12.9433257534,77.5681655099,No,NONE,No,0.36
TXN001965,9499,PAY,user045@okbank,2026,4,27/04/26,12:10:00,MER0109,MANDATE,12.9408121021,77.5373012338,No,NONE,No,0.39
TXN002324,21184,PAY,user043@okbank,2026,6,25/06/26,12:53:00,MER0157,MOBILE,12.9512429175,77.5888021363,No,NONE,No,0.02
TXN001745,22351,PAY,user039@okbank,2026,2,04/02/26,2:45:00,MER0040,INTENT,12.9708192787,77.5965071457,No,NONE,No,0.21
TXN002257,23010,PAY,user044@okbank,2026,2,27/02/26,4:40:00,MER0140,MOBILE,13.0185873988,77.6875677156,No,NONE,No,0.38
TXN002992,18663,PAY,user031@okbank,2026,2,19/02/26,0:04:00,MER0019,COLLECT,12.9439213624,77.5966116528,No,NONE,No,0.6
TXN002691,11138,PAY,user027@okbank,2026,5,15/05/26,17:04:00,MER0039,QR,12.9602957415,77.5991082508,No,NONE,No,0.35
TXN003706,32634,PAY,user039@okbank,2026,3,07/03/26,7:02:00,MER0009,MOBILE,12.9218966352,77.5565059087,No,NONE,No,0.26
TXN001919,197,PAY,user029@okbank,2026,6,19/06/26,18:25:00,MER0134,COLLECT,12.992412168,77.5510445786,No,NONE,No,0.39
TXN000834,3508,PAY,user007@okbank,2026,6,04/06/26,6:15:00,MER0025,VPA,12.9268858066,77.5398364377,No,NONE,No,0.26
TXN004165,17738,PAY,user050@okbank,2026,5,01/05/26,17:12:00,MER0150,VPA,12.9806710978,77.5738456123,No,NONE,No,0.3
TXN003389,23071,PAY,user047@okbank,2026,2,11/02/26,1:55:00,MER0056,COLLECT,12.9105246248,77.6832204029,No,NONE,No,0.47
TXN001974,100,PAY,user024@okbank,2026,6,28/06/26,4:55:00,MER0038,ACCOUNT_IFSC,12.9956027231,77.545890976,No,NONE,No,0.3
TXN000878,15240,PAY,user030@okbank,2026,2,11/02/26,1:41:00,MER0168,INTENT,12.9643269598,77.63882128,No,NONE,No,0.34
TXN001191,18072,PAY,user008@okbank,2026,4,17/04/26,16:47:00,MER0120,MOBILE,12.9288576356,77.6712631024,No,NONE,No,0.44
TXN001171,100,PAY,user007@okbank,2026,5,24/05/26,11:58:00,MER0136,COLLECT,12.9161553449,77.5927427863,No,NONE,No,0.34
TXN000621,6365,PAY,user019@okbank,2026,4,20/04/26,15:57:00,MER0194,COLLECT,13.0565238606,77.5777868281,No,NONE,No,0.43
TXN004933,6717,PAY,user004@okbank,2026,6,07/06/26,13:00:00,MER0084,ACCOUNT_IFSC,13.0169697925,77.4945618413,No,NONE,No,0.45
TXN003968,12006,PAY,user050@okbank,2026,3,06/03/26,15:47:00,MER0009,VPA,13.0186000319,77.6242333548,No,NONE,No,0.13
TXN001986,20341,PAY,user008@okbank,2026,1,07/01/26,4:16:00,MER0121,INTENT,12.9717026939,77.5911688303,No,NONE,No,0.4
TXN004542,25938,PAY,user030@okbank,2026,5,24/05/26,10:14:00,MER0039,MANDATE,13.0247052175,77.6555090649,No,NONE,No,0.2
TXN004624,3337,PAY,user019@okbank,2026,4,10/04/26,6:40:00,MER0075,QR,12.9155595576,77.6574731756,No,NONE,No,0.3
TXN004303,16591,PAY,user014@okbank,2026,2,03/02/26,7:39:00,MER0057,QR,12.8633926301,77.6243261443,No,NONE,No,0.15
TXN002461,19136,PAY,user048@okbank,2026,2,21/02/26,7:46:00,MER0051,MOBILE,12.9934442271,77.5858052742,No,NONE,No,0.2
TXN003687,410,PAY,user043@okbank,2026,1,20/01/26,18:10:00,MER0084,MANDATE,12.931693764,77.590161529,No,NONE,No,0.1
TXN003884,7992,PAY,user029@okbank,2026,3,03/03/26,4:35:00,MER0013,COLLECT,12.915822623,77.6401057597,No,NONE,No,0.64
TXN004392,15996,PAY,user047@okbank,2026,4,14/04/26,15:05:00,MER0193,MOBILE,13.0025124968,77.5409491614,No,NONE,No,0.15
TXN004031,22051,PAY,user046@okbank,2026,5,06/05/26,2:32:00,MER0165,ACCOUNT_IFSC,13.0337325753,77.6242378736,No,NONE,No,0.25
TXN000599,13139,PAY,user027@okbank,2026,4,26/04/26,19:56:00,MER0100,VPA,12.9947760529,77.5517208068,No,NONE,No,0.08
TXN004763,11813,PAY,user045@okbank,2026,4,22/04/26,5:28:00,MER0084,INTENT,12.84603738,77.5209173235,No,NONE,No,0.13
TXN001396,5076,PAY,user036@okbank,2026,3,17/03/26,13:02:00,MER0051,MANDATE,13.0216683186,77.5893072444,No,NONE,No,0.46
TXN004738,17818,PAY,user039@okbank,2026,1,26/01/26,11:18:00,MER0189,ACCOUNT_IFSC,12.9105848043,77.5194421966,No,NONE,No,0.24
TXN004156,16465,PAY,user022@okbank,2026,3,20/03/26,13:52:00,MER0060,ACCOUNT_IFSC,12.9825820472,77.5287725299,No,NONE,No,0.37
TXN004240,16092,PAY,user011@okbank,2026,1,14/01/26,11:42:00,MER0088,MOBILE,12.9406294533,77.5753567162,No,NONE,No,0.36
TXN004241,3703,PAY,user002@okbank,2026,2,04/02/26,2:20:00,MER0148,MOBILE,12.9502101183,77.6815485537,No,NONE,No,0.29
TXN000288,12907,PAY,user013@okbank,2026,5,25/05/26,13:50:00,MER0082,VPA,12.936248282,77.5280968122,No,NONE,No,0.24
TXN004370,22163,PAY,user009@okbank,2026,6,03/06/26,7:26:00,MER0179,ACCOUNT_IFSC,12.9659696083,77.5592475263,No,NONE,No,0.11
TXN000239,52150,PAY,user048@okbank,2026,5,12/05/26,3:42:00,MER0198,IN_APP,12.9697764127,77.618292962,No,REMOTE_ACCESS_FRAUD,Yes,0.51
TXN001948,6578,PAY,user030@okbank,2026,6,10/06/26,17:18:00,MER0124,VPA,12.9175217953,77.5599966481,No,NONE,No,0.34
TXN000827,7868,PAY,user041@okbank,2026,3,02/03/26,22:37:00,MER0027,COLLECT,12.9571679046,77.5766044728,No,NONE,No,0.25
TXN003313,21956,PAY,user050@okbank,2026,2,18/02/26,21:46:00,MER0162,MANDATE,12.9404944644,77.5791411369,No,NONE,No,0.19
TXN000823,15947,PAY,user016@okbank,2026,2,27/02/26,15:47:00,MER0196,MOBILE,12.9493605227,77.5724127514,No,NONE,No,0.46
TXN003503,24840,PAY,user023@okbank,2026,2,11/02/26,15:09:00,MER0138,QR,12.9661672233,77.6177221551,No,NONE,No,0.34
TXN003700,27773,PAY,user021@okbank,2026,4,16/04/26,19:15:00,MER0124,VPA,12.9393957865,77.5921292954,No,NONE,No,0.05
TXN001842,5575,PAY,user018@okbank,2026,6,18/06/26,3:43:00,MER0003,MANDATE,13.0534102691,77.6710040257,No,NONE,No,0.26
TXN004531,19078,PAY,user024@okbank,2026,2,16/02/26,21:56:00,MER0142,INTENT,12.956385996,77.5766268365,No,NONE,No,0.22
TXN002211,2917,PAY,user047@okbank,2026,5,26/05/26,1:35:00,MER0127,IN_APP,12.8928575856,77.6727705702,No,NONE,No,0.25
TXN000779,22222,PAY,user045@okbank,2026,5,14/05/26,6:52:00,MER0050,IN_APP,12.9902970494,77.5776459543,No,NONE,No,0.25
TXN002997,3122,PAY,user025@okbank,2026,1,04/01/26,1:55:00,MER0096,VPA,12.8940856202,77.4981258023,No,NONE,No,0.27
TXN000654,9081,PAY,user006@okbank,2026,4,15/04/26,1:05:00,MER0161,MOBILE,12.9058280576,77.6614284882,No,NONE,No,0.02
TXN001025,23445,PAY,user028@okbank,2026,4,04/04/26,5:30:00,MER0158,QR,12.9742113988,77.5835486363,No,NONE,No,0.12
TXN000854,12563,PAY,user022@okbank,2026,2,03/02/26,11:46:00,MER0113,QR,12.9539592664,77.5590859776,No,NONE,No,0.23
TXN004274,27304,PAY,user018@okbank,2026,3,15/03/26,17:26:00,MER0106,COLLECT,12.9744801713,77.6775424241,No,NONE,No,0.22
TXN003023,33918,PAY,user012@okbank,2026,1,08/01/26,20:47:00,MER0071,INTENT,13.0260436383,77.6258235664,No,NONE,No,0.18
TXN002692,23180,PAY,user026@okbank,2026,1,17/01/26,6:19:00,MER0090,IN_APP,12.9705660974,77.6282299216,No,NONE,No,0.39
TXN000169,16757,PAY,user020@okbank,2026,1,28/01/26,9:42:00,MER0110,MANDATE,13.0571524322,77.6803577058,No,QR_DECEPTION,Yes,0.74
TXN004337,32484,PAY,user019@okbank,2026,3,11/03/26,10:28:00,MER0198,MANDATE,12.9807722376,77.5028472719,No,NONE,No,0.25
TXN002970,17671,PAY,user017@okbank,2026,4,04/04/26,10:41:00,MER0147,MANDATE,12.963242676,77.6173020096,No,NONE,No,0.07
TXN002870,18331,PAY,user041@okbank,2026,5,08/05/26,6:56:00,MER0152,QR,12.9698859378,77.6057695287,No,NONE,No,0.13
TXN001979,7342,PAY,user046@okbank,2026,1,11/01/26,21:40:00,MER0052,MOBILE,13.0370826947,77.6167791881,No,NONE,No,0.24
TXN001287,15393,PAY,user048@okbank,2026,2,11/02/26,14:37:00,MER0167,MANDATE,12.874068451,77.5602121739,No,NONE,No,0.02
TXN003018,8540,PAY,user042@okbank,2026,5,07/05/26,19:58:00,MER0155,IN_APP,12.9887569373,77.6291998954,No,NONE,No,0.13
TXN000160,8000,PAY,user028@okbank,2026,5,28/05/26,3:39:00,MER0176,MOBILE,13.0809307645,77.4529445314,No,MANDATE_FRAUD,Yes,0.89
TXN000707,17921,PAY,user009@okbank,2026,1,20/01/26,1:58:00,MER0148,MOBILE,12.9389423635,77.6361198728,No,NONE,No,0.13
TXN001093,20718,PAY,user007@okbank,2026,2,27/02/26,4:05:00,MER0014,MOBILE,12.9435137689,77.5271294023,No,NONE,No,0.27
TXN004257,27386,PAY,user008@okbank,2026,3,27/03/26,15:10:00,MER0072,QR,12.9342256067,77.56998152,No,NONE,No,0.32
TXN000218,8000,PAY,user041@okbank,2026,3,26/03/26,2:47:00,MER0080,MANDATE,12.9508703959,77.6875276298,No,INVESTMENT_SCAM,Yes,0.57
TXN004821,22168,PAY,user019@okbank,2026,1,15/01/26,5:59:00,MER0189,IN_APP,12.9993478638,77.5512913263,No,NONE,No,0.27
TXN001889,5228,PAY,user023@okbank,2026,2,08/02/26,21:11:00,MER0084,INTENT,13.0046303749,77.5783285843,No,NONE,No,0.02
TXN000640,17346,PAY,user023@okbank,2026,1,02/01/26,4:29:00,MER0014,MANDATE,12.9245920896,77.6270862124,No,NONE,No,0.34
TXN002104,11061,PAY,user038@okbank,2026,5,12/05/26,14:24:00,MER0051,INTENT,12.9533946502,77.5074656648,No,NONE,No,0.12
TXN002308,20550,PAY,user035@okbank,2026,2,06/02/26,19:58:00,MER0071,IN_APP,13.0051865565,77.5763258016,No,NONE,No,0.43
TXN000286,11987,PAY,user029@okbank,2026,3,11/03/26,3:07:00,MER0060,MANDATE,12.9569930765,77.5527820446,No,NONE,No,0.09
TXN001097,32801,PAY,user015@okbank,2026,4,01/04/26,7:26:00,MER0043,IN_APP,12.8891282744,77.5471003773,No,NONE,No,0.19
TXN002066,8463,PAY,user036@okbank,2026,4,18/04/26,8:57:00,MER0171,VPA,12.9579579057,77.4989772788,No,NONE,No,0.13
TXN000937,22039,PAY,user001@okbank,2026,3,19/03/26,5:41:00,MER0154,MOBILE,13.0151096899,77.6351808311,No,NONE,No,0.25
TXN000662,33252,PAY,user038@okbank,2026,2,04/02/26,17:57:00,MER0131,QR,12.9505966709,77.5855548731,No,NONE,No,0.09
TXN002364,10281,PAY,user008@okbank,2026,4,12/04/26,11:07:00,MER0072,INTENT,12.9553268035,77.6025024695,No,NONE,No,0.37
TXN003178,24370,PAY,user027@okbank,2026,5,07/05/26,19:39:00,MER0084,MANDATE,12.9408771261,77.6026263345,No,NONE,No,0.2
TXN000474,100,PAY,user046@okbank,2026,1,01/01/26,0:18:00,MER0100,MANDATE,12.9613795555,77.5944854759,No,NONE,No,0.47
TXN004149,21570,PAY,user033@okbank,2026,6,11/06/26,15:09:00,MER0042,INTENT,12.9489196915,77.5471771003,No,NONE,No,0.26
TXN004364,20459,PAY,user041@okbank,2026,5,09/05/26,22:40:00,MER0140,ACCOUNT_IFSC,13.0070017344,77.6246222689,No,NONE,No,0.04
TXN002614,12986,PAY,user013@okbank,2026,1,21/01/26,13:48:00,MER0029,ACCOUNT_IFSC,12.8450733045,77.5896387231,No,NONE,No,0.43
TXN004534,24353,PAY,user041@okbank,2026,4,06/04/26,2:16:00,MER0145,MANDATE,12.9185623161,77.5601656457,No,NONE,No,0.14
TXN002567,100,PAY,user002@okbank,2026,5,14/05/26,10:16:00,MER0006,INTENT,13.0343541588,77.6199506404,No,NONE,No,0.66
TXN004576,15923,PAY,user010@okbank,2026,5,22/05/26,1:34:00,MER0051,COLLECT,12.9361156122,77.6685142969,No,NONE,No,0.23
TXN002123,13351,PAY,user020@okbank,2026,3,25/03/26,17:54:00,MER0082,VPA,12.9230151442,77.5809244916,No,NONE,No,0.28
TXN004244,8328,PAY,user027@okbank,2026,4,16/04/26,20:43:00,MER0146,INTENT,12.9544571052,77.5489796535,No,NONE,No,0.03
TXN002388,14724,PAY,user048@okbank,2026,1,11/01/26,8:57:00,MER0100,MANDATE,12.9933182312,77.5767156495,No,NONE,No,0.37
TXN003024,29640,PAY,user044@okbank,2026,2,07/02/26,16:11:00,MER0172,MANDATE,12.9456242868,77.5640841319,No,NONE,No,0.17
TXN000722,22372,PAY,user050@okbank,2026,1,17/01/26,17:12:00,MER0042,INTENT,12.8840778499,77.5835039688,No,NONE,No,0.34
TXN000618,19504,PAY,user026@okbank,2026,1,24/01/26,12:00:00,MER0008,MANDATE,12.9486998203,77.5437618521,No,NONE,No,0.37
TXN004798,9696,PAY,user035@okbank,2026,6,06/06/26,5:32:00,MER0060,IN_APP,13.0056572741,77.6199364541,No,NONE,No,0.31
TXN003764,19714,PAY,user038@okbank,2026,4,17/04/26,13:31:00,MER0167,QR,12.9697118347,77.5110438726,No,NONE,No,0.17
TXN004771,23732,PAY,user045@okbank,2026,2,16/02/26,13:14:00,MER0053,IN_APP,12.901045178,77.6282561918,No,NONE,No,0.11
TXN001870,14909,PAY,user046@okbank,2026,3,06/03/26,12:43:00,MER0082,VPA,12.9847169652,77.7070691191,No,NONE,No,0.44
TXN001443,12892,PAY,user045@okbank,2026,2,16/02/26,10:21:00,MER0133,IN_APP,13.0611629437,77.5284751067,No,NONE,No,0.31
TXN004107,14611,PAY,user005@okbank,2026,2,22/02/26,2:52:00,MER0002,MOBILE,13.0320806187,77.5113480723,No,NONE,No,0.54
TXN000967,4020,PAY,user042@okbank,2026,5,04/05/26,18:24:00,MER0025,QR,13.0659348317,77.6386804304,No,NONE,No,0.08
TXN002520,8784,PAY,user006@okbank,2026,2,12/02/26,0:36:00,MER0122,INTENT,12.9942213302,77.5285962718,No,NONE,No,0.18
TXN002848,22062,PAY,user001@okbank,2026,3,06/03/26,1:03:00,MER0010,INTENT,12.9322104995,77.5337661007,No,NONE,No,0.26
TXN004073,22652,PAY,user039@okbank,2026,5,27/05/26,20:36:00,MER0089,MANDATE,12.9703903941,77.6085764694,No,NONE,No,0.11
TXN003940,23024,PAY,user027@okbank,2026,3,08/03/26,13:54:00,MER0133,MANDATE,12.9519792284,77.5317992352,No,NONE,No,0.4
TXN000415,10277,PAY,user006@okbank,2026,3,27/03/26,6:19:00,MER0026,MANDATE,12.912647125,77.6009026448,No,NONE,No,0.2
TXN000772,5731,PAY,user010@okbank,2026,2,23/02/26,11:53:00,MER0082,VPA,13.0156685645,77.5807373008,No,NONE,No,0.24
TXN003206,11638,PAY,user007@okbank,2026,6,20/06/26,12:05:00,MER0163,VPA,12.8797721443,77.6307953306,No,NONE,No,0.17
TXN002631,11621,PAY,user042@okbank,2026,6,17/06/26,0:53:00,MER0051,MANDATE,13.0268089336,77.5311852034,No,NONE,No,0.17
TXN004769,7154,PAY,user021@okbank,2026,4,18/04/26,16:10:00,MER0037,VPA,12.9047857162,77.6167196677,No,NONE,No,0.02
TXN001235,12551,PAY,user046@okbank,2026,2,20/02/26,6:50:00,MER0049,IN_APP,12.9525061639,77.6190536422,No,NONE,No,0.02
TXN002941,11710,PAY,user011@okbank,2026,3,18/03/26,23:29:00,MER0139,MANDATE,12.952728183,77.5437912305,No,NONE,No,0.26
TXN000189,68811,PAY,user031@okbank,2026,5,14/05/26,0:08:00,MER0088,MOBILE,13.0029903009,77.5313712936,No,REMOTE_ACCESS_FRAUD,Yes,0.78
TXN003137,28435,PAY,user040@okbank,2026,4,28/04/26,4:41:00,MER0034,ACCOUNT_IFSC,12.9926817575,77.5476995763,No,NONE,No,0.27
TXN002497,24030,PAY,user048@okbank,2026,1,23/01/26,23:41:00,MER0187,QR,13.0377115899,77.6363645644,No,NONE,No,0.38
TXN004955,7512,PAY,user026@okbank,2026,5,02/05/26,11:41:00,MER0052,MOBILE,12.9369694755,77.5802121367,No,NONE,No,0.2
TXN001778,11609,PAY,user001@okbank,2026,4,13/04/26,0:11:00,MER0160,QR,13.0234799618,77.5374675209,No,NONE,No,0.21
TXN000176,59631,PAY,user021@okbank,2026,3,18/03/26,18:14:00,MER0067,VPA,12.9607114581,77.6358293816,No,COLLECT_REQUEST_FRAUD,Yes,0.66
TXN000936,28934,PAY,user001@okbank,2026,5,27/05/26,4:31:00,MER0113,QR,12.9831952996,77.5676648255,No,NONE,No,0.29
TXN002425,20395,PAY,user014@okbank,2026,4,04/04/26,22:02:00,MER0022,ACCOUNT_IFSC,12.9106858989,77.4891855413,No,NONE,No,0.19
TXN003655,10667,PAY,user020@okbank,2026,3,19/03/26,2:28:00,MER0156,IN_APP,12.9796128877,77.6647415279,No,NONE,No,0.45
TXN003255,33109,PAY,user042@okbank,2026,5,07/05/26,11:33:00,MER0199,INTENT,12.9975500985,77.6053786017,No,NONE,No,0.33
TXN002097,28401,PAY,user013@okbank,2026,1,20/01/26,0:50:00,MER0043,QR,13.009307295,77.5214364219,No,NONE,No,0.31
TXN003830,20433,PAY,user011@okbank,2026,5,04/05/26,6:52:00,MER0019,VPA,12.9161717801,77.6250476741,No,NONE,No,0.31
TXN002755,32802,PAY,user024@okbank,2026,6,07/06/26,1:19:00,MER0005,MOBILE,12.9656569005,77.5930866653,No,NONE,No,0.35
TXN002452,21465,PAY,user013@okbank,2026,6,16/06/26,10:33:00,MER0131,INTENT,13.0329779671,77.6589317567,No,NONE,No,0.34
TXN000633,8197,PAY,user024@okbank,2026,2,20/02/26,18:39:00,MER0054,INTENT,12.9301257074,77.5536074159,No,NONE,No,0.38
TXN001585,13475,PAY,user014@okbank,2026,4,02/04/26,3:33:00,MER0172,VPA,12.9303398102,77.4641463353,No,NONE,No,0.25
TXN001212,15813,PAY,user019@okbank,2026,5,18/05/26,2:16:00,MER0027,INTENT,13.0080225526,77.6175883444,No,NONE,No,0.32
TXN000912,17428,PAY,user035@okbank,2026,4,01/04/26,21:21:00,MER0120,COLLECT,12.9817219647,77.6270927734,No,NONE,No,0.3
TXN001077,100,PAY,user037@okbank,2026,1,28/01/26,18:23:00,MER0102,QR,12.945449559,77.5490680169,No,NONE,No,0.16
TXN000538,24304,PAY,user040@okbank,2026,3,04/03/26,15:16:00,MER0139,MOBILE,12.9064493822,77.5331652541,No,NONE,No,0.37
TXN001866,8854,PAY,user005@okbank,2026,1,09/01/26,20:54:00,MER0147,COLLECT,13.041433839,77.5894223666,No,NONE,No,0.43
TXN003290,23190,PAY,user002@okbank,2026,3,13/03/26,4:14:00,MER0112,INTENT,12.979211148,77.5723276933,No,NONE,No,0.36
TXN000145,26838,PAY,user043@okbank,2026,5,02/05/26,9:34:00,MER0069,QR,12.9396382475,77.5911220927,No,TEST_THEN_DRAIN,Yes,0.75
TXN003605,11815,PAY,user028@okbank,2026,3,09/03/26,2:04:00,MER0114,VPA,12.9602157532,77.7029213939,No,NONE,No,0.43
TXN003979,15384,PAY,user023@okbank,2026,5,25/05/26,13:56:00,MER0089,COLLECT,12.9582870493,77.5023438086,No,NONE,No,0.29
TXN003594,10951,PAY,user015@okbank,2026,4,28/04/26,10:21:00,MER0156,QR,12.9672762046,77.6659222793,No,NONE,No,0.33
TXN002175,20637,PAY,user018@okbank,2026,6,03/06/26,21:35:00,MER0069,QR,12.9720954292,77.6105836374,No,NONE,No,0.42
TXN000042,59799,PAY,user023@okbank,2026,2,11/02/26,2:37:00,MER0200,VPA,12.9847078919,77.6042127677,No,FAKE_CUSTOMER_CARE,Yes,0.74
TXN002682,42045,PAY,user046@okbank,2026,6,17/06/26,13:49:00,MER0104,ACCOUNT_IFSC,12.8711551548,77.5925683927,No,NONE,No,0.04
TXN002234,100,PAY,user043@okbank,2026,6,21/06/26,16:07:00,MER0157,VPA,12.9712317981,77.6556771874,No,NONE,No,0.28
TXN002247,21252,PAY,user006@okbank,2026,1,23/01/26,1:15:00,MER0128,COLLECT,12.8764740722,77.6304705658,No,NONE,No,0.06
TXN000814,17189,PAY,user007@okbank,2026,6,11/06/26,20:38:00,MER0023,IN_APP,12.9402651131,77.5728263009,No,NONE,No,0.21
TXN004499,15798,PAY,user032@okbank,2026,6,03/06/26,2:38:00,MER0017,INTENT,13.0335678222,77.5811202391,No,NONE,No,0.24
TXN001728,3582,PAY,user048@okbank,2026,6,25/06/26,17:32:00,MER0048,MOBILE,12.8964862477,77.6312224258,No,NONE,No,0.02
TXN002518,18959,PAY,user026@okbank,2026,3,03/03/26,2:32:00,MER0088,MANDATE,13.0450038663,77.5518908998,No,NONE,No,0.34
TXN001279,19418,PAY,user022@okbank,2026,6,07/06/26,19:35:00,MER0103,MOBILE,13.018325195,77.6453597609,No,NONE,No,0.02
TXN004661,15365,PAY,user042@okbank,2026,3,22/03/26,21:34:00,MER0063,MANDATE,12.8945460946,77.5593381185,No,NONE,No,0.41
TXN001772,100,PAY,user049@okbank,2026,4,14/04/26,20:03:00,MER0036,MANDATE,12.8115318725,77.589472125,No,NONE,No,0.15
TXN003309,24002,PAY,user012@okbank,2026,3,16/03/26,5:54:00,MER0010,COLLECT,12.9259437075,77.6316926197,No,NONE,No,0.15
TXN003719,24302,PAY,user029@okbank,2026,6,22/06/26,1:05:00,MER0162,MOBILE,12.9726808451,77.6406885154,No,NONE,No,0.26
TXN002836,11988,PAY,user049@okbank,2026,3,16/03/26,9:58:00,MER0135,INTENT,12.9681121214,77.5385272021,No,NONE,No,0.29
TXN000431,18644,PAY,user022@okbank,2026,2,06/02/26,20:43:00,MER0011,MANDATE,13.0051716811,77.6524311702,No,NONE,No,0.29
TXN000643,36861,PAY,user029@okbank,2026,1,01/01/26,10:06:00,MER0138,COLLECT,13.0121997087,77.5542642384,No,NONE,No,0.27
TXN004595,12100,PAY,user027@okbank,2026,5,27/05/26,21:58:00,MER0180,MANDATE,12.9390671838,77.6350442482,No,NONE,No,0.17
TXN000631,23228,PAY,user002@okbank,2026,4,26/04/26,18:14:00,MER0086,COLLECT,12.9703015017,77.5412679662,No,NONE,No,0.26
TXN000535,20815,PAY,user026@okbank,2026,3,18/03/26,3:21:00,MER0034,INTENT,12.9983926331,77.5260358877,No,NONE,No,0.22
TXN002589,14383,PAY,user030@okbank,2026,6,28/06/26,23:32:00,MER0014,COLLECT,12.9708673482,77.5219580817,No,NONE,No,0.12
TXN001244,22253,PAY,user030@okbank,2026,1,22/01/26,9:23:00,MER0074,IN_APP,12.8601758443,77.6179997397,No,NONE,No,0.25
TXN000951,14336,PAY,user003@okbank,2026,3,12/03/26,11:31:00,MER0064,COLLECT,13.0009331966,77.6040105557,Yes,NONE,No,0.27
TXN001393,22109,PAY,user031@okbank,2026,3,06/03/26,17:56:00,MER0095,INTENT,12.9081236594,77.5889076286,No,NONE,No,0.25
TXN001932,16422,PAY,user036@okbank,2026,5,20/05/26,13:08:00,MER0149,COLLECT,12.9678973428,77.4517037945,No,NONE,No,0.29
TXN003375,12245,PAY,user024@okbank,2026,6,03/06/26,15:57:00,MER0040,IN_APP,12.9176109283,77.538070418,No,NONE,No,0.44
TXN000874,11642,PAY,user009@okbank,2026,5,26/05/26,14:54:00,MER0109,IN_APP,12.970661645,77.5168136505,No,NONE,No,0.31
TXN000970,2692,PAY,user026@okbank,2026,5,04/05/26,16:49:00,MER0069,IN_APP,12.9434017411,77.6103895919,No,NONE,No,0.02
TXN000825,13221,PAY,user008@okbank,2026,4,10/04/26,18:03:00,MER0200,QR,12.9130050787,77.6412722667,No,NONE,No,0.4
TXN001904,100,PAY,user004@okbank,2026,4,27/04/26,15:44:00,MER0172,MOBILE,12.9784442064,77.4425956119,No,NONE,No,0.17
TXN003105,13096,PAY,user050@okbank,2026,1,27/01/26,1:57:00,MER0026,QR,12.9576070722,77.6222403715,No,NONE,No,0.13
TXN004546,4019,PAY,user047@okbank,2026,2,13/02/26,17:50:00,MER0180,VPA,12.9678454314,77.500565949,No,NONE,No,0.29
TXN000393,100,PAY,user018@okbank,2026,4,06/04/26,13:23:00,MER0171,ACCOUNT_IFSC,12.9825775151,77.4902126253,No,NONE,No,0.16
TXN000210,60144,PAY,user017@okbank,2026,4,14/04/26,5:57:00,MER0118,COLLECT,13.0067643269,77.6082553015,No,SIM_SWAP_DRAIN,Yes,0.82
TXN003229,100,PAY,user029@okbank,2026,5,03/05/26,1:52:00,MER0024,VPA,12.9074762307,77.6118506995,No,NONE,No,0.45
TXN004270,12107,PAY,user017@okbank,2026,4,11/04/26,0:09:00,MER0094,MANDATE,12.9129422424,77.6488763525,No,NONE,No,0.13
TXN003588,7365,PAY,user018@okbank,2026,2,10/02/26,0:22:00,MER0123,MANDATE,12.9672459484,77.5177612003,No,NONE,No,0.39
TXN003386,20624,PAY,user044@okbank,2026,4,20/04/26,8:44:00,MER0082,COLLECT,13.0229292847,77.6026946811,No,NONE,No,0.12
TXN004360,21518,PAY,user017@okbank,2026,3,13/03/26,3:05:00,MER0148,QR,12.9959322527,77.5748557711,No,NONE,No,0.38
TXN003139,1384,PAY,user007@okbank,2026,5,16/05/26,20:34:00,MER0139,ACCOUNT_IFSC,13.0074495054,77.5962633987,No,NONE,No,0.51
TXN003918,19464,PAY,user017@okbank,2026,3,18/03/26,13:46:00,MER0038,COLLECT,12.9724603914,77.5621870411,No,NONE,No,0.26
TXN000605,37497,PAY,user040@okbank,2026,4,28/04/26,5:25:00,MER0085,COLLECT,12.9386406464,77.5907280904,No,NONE,No,0.21
TXN004770,15987,PAY,user046@okbank,2026,1,15/01/26,23:09:00,MER0069,INTENT,13.0741387863,77.5772569008,No,NONE,No,0.24
TXN002454,18434,PAY,user050@okbank,2026,5,05/05/26,11:23:00,MER0016,MOBILE,12.9469453683,77.5752495029,No,NONE,No,0.34
TXN001147,11574,PAY,user042@okbank,2026,2,09/02/26,12:10:00,MER0027,MOBILE,12.9862965651,77.6812609574,No,NONE,No,0.27
TXN000637,17999,PAY,user020@okbank,2026,4,09/04/26,13:04:00,MER0142,ACCOUNT_IFSC,12.9316757687,77.6671986188,No,NONE,No,0.12
TXN000151,28460,PAY,user010@okbank,2026,5,25/05/26,22:05:00,MER0055,COLLECT,12.9775120208,77.6474414698,No,INVESTMENT_SCAM,Yes,0.98
TXN001563,18034,PAY,user018@okbank,2026,6,10/06/26,1:08:00,MER0158,IN_APP,12.9341172405,77.6801991906,No,NONE,No,0.27
TXN003966,7811,PAY,user041@okbank,2026,1,12/01/26,12:44:00,MER0161,COLLECT,13.0049596641,77.643969747,No,NONE,No,0.46
TXN003242,6661,PAY,user020@okbank,2026,2,06/02/26,15:42:00,MER0141,COLLECT,12.9298821224,77.5565875467,No,NONE,No,0.11
TXN000571,15123,PAY,user039@okbank,2026,2,27/02/26,7:42:00,MER0140,MOBILE,13.0169165611,77.6002722074,No,NONE,No,0.17
TXN003900,6023,PAY,user034@okbank,2026,6,18/06/26,3:38:00,MER0068,VPA,12.9567014147,77.5654602826,No,NONE,No,0.13
TXN002197,11873,PAY,user050@okbank,2026,1,12/01/26,13:21:00,MER0171,INTENT,13.0084837847,77.5767671344,No,NONE,No,0.05
TXN003870,11416,PAY,user013@okbank,2026,6,13/06/26,7:57:00,MER0152,IN_APP,12.9538223047,77.539596775,No,NONE,No,0.28
TXN002827,100,PAY,user010@okbank,2026,2,07/02/26,0:36:00,MER0186,VPA,12.9639307863,77.6286586696,No,NONE,No,0.27
TXN001844,100,PAY,user034@okbank,2026,6,07/06/26,1:23:00,MER0151,INTENT,12.9436392004,77.573716745,No,NONE,No,0.12
TXN000922,14547,PAY,user046@okbank,2026,6,16/06/26,0:15:00,MER0151,ACCOUNT_IFSC,13.0476528024,77.5737610764,No,NONE,No,0.26
TXN001448,17280,PAY,user026@okbank,2026,1,22/01/26,16:14:00,MER0042,ACCOUNT_IFSC,12.8857219054,77.644955674,No,NONE,No,0.18
TXN004782,100,PAY,user018@okbank,2026,3,17/03/26,13:26:00,MER0098,QR,12.99749151,77.5488806327,No,NONE,No,0.25
TXN003492,5121,PAY,user028@okbank,2026,3,16/03/26,22:07:00,MER0063,COLLECT,12.8878185311,77.4854038869,No,NONE,No,0.31
TXN003602,16567,PAY,user041@okbank,2026,6,24/06/26,5:15:00,MER0115,MOBILE,13.0171284864,77.6873042779,No,NONE,No,0.15
TXN000721,11327,PAY,user043@okbank,2026,1,24/01/26,0:19:00,MER0169,VPA,12.9312318773,77.5017444026,No,NONE,No,0.14
TXN002459,14964,PAY,user037@okbank,2026,2,25/02/26,17:18:00,MER0112,MANDATE,12.9434564851,77.6044861742,No,NONE,No,0.47
TXN003409,100,PAY,user014@okbank,2026,1,22/01/26,0:38:00,MER0025,QR,13.0121450282,77.5854746203,No,NONE,No,0.25
TXN001200,100,PAY,user045@okbank,2026,5,01/05/26,12:40:00,MER0104,INTENT,12.9081856194,77.6224507883,No,NONE,No,0.55
TXN003420,14227,PAY,user032@okbank,2026,1,06/01/26,22:19:00,MER0035,ACCOUNT_IFSC,12.9222157252,77.5349002152,No,NONE,No,0.37
TXN000460,24076,PAY,user028@okbank,2026,5,02/05/26,17:40:00,MER0099,INTENT,12.9416138558,77.5463603739,No,NONE,No,0.46
TXN003119,22588,PAY,user028@okbank,2026,3,10/03/26,12:02:00,MER0057,ACCOUNT_IFSC,12.9926605704,77.5881086827,No,NONE,No,0.37
TXN000466,15642,PAY,user040@okbank,2026,4,05/04/26,6:41:00,MER0185,IN_APP,12.9554347462,77.6722464231,No,NONE,No,0.04
TXN000879,16878,PAY,user049@okbank,2026,3,25/03/26,10:57:00,MER0082,ACCOUNT_IFSC,13.0344142142,77.594251964,No,NONE,No,0.31
TXN005000,17172,PAY,user015@okbank,2026,4,01/04/26,23:43:00,MER0013,MANDATE,13.0194359831,77.5710683282,No,NONE,No,0.34
TXN000276,16747,PAY,user031@okbank,2026,3,22/03/26,5:10:00,MER0123,ACCOUNT_IFSC,12.9462748621,77.5017609513,No,NONE,No,0.13
TXN004139,6748,PAY,user020@okbank,2026,1,09/01/26,4:35:00,MER0196,COLLECT,12.9519502824,77.5624191098,No,NONE,No,0.34
TXN004093,19047,PAY,user023@okbank,2026,6,14/06/26,21:26:00,MER0183,IN_APP,12.9412944765,77.6500713428,No,NONE,No,0.32
TXN003299,16965,PAY,user022@okbank,2026,6,17/06/26,17:49:00,MER0053,COLLECT,12.9855919785,77.5360191684,No,NONE,No,0.09
TXN000919,28594,PAY,user039@okbank,2026,5,24/05/26,17:03:00,MER0003,MOBILE,13.0275245979,77.5794171285,No,NONE,No,0.15
TXN004246,7230,PAY,user011@okbank,2026,1,25/01/26,21:31:00,MER0193,MANDATE,12.9228798557,77.5333007178,No,NONE,No,0.15
TXN003463,19553,PAY,user035@okbank,2026,2,09/02/26,9:34:00,MER0132,MANDATE,12.9065002325,77.5725135183,No,NONE,No,0.02
TXN001637,100,PAY,user021@okbank,2026,5,07/05/26,22:20:00,MER0042,VPA,13.0696727385,77.6124886756,No,NONE,No,0.21
TXN002325,11146,PAY,user009@okbank,2026,5,06/05/26,13:39:00,MER0035,ACCOUNT_IFSC,12.9135633852,77.5474322681,No,NONE,No,0.26
TXN003725,23017,PAY,user045@okbank,2026,5,16/05/26,8:46:00,MER0159,IN_APP,12.9632401792,77.5921953205,No,NONE,No,0.37
TXN004193,11775,PAY,user002@okbank,2026,2,21/02/26,15:02:00,MER0061,IN_APP,12.9901954762,77.5333980745,No,NONE,No,0.36
TXN004815,14488,PAY,user028@okbank,2026,3,10/03/26,7:10:00,MER0186,ACCOUNT_IFSC,12.9966275452,77.5911304701,No,NONE,No,0.02
TXN002879,100,PAY,user021@okbank,2026,6,06/06/26,17:53:00,MER0027,MOBILE,12.9160785717,77.6149545933,No,NONE,No,0.7
TXN000821,468,PAY,user046@okbank,2026,3,20/03/26,10:03:00,MER0045,MOBILE,12.9622641912,77.5520059942,No,NONE,No,0.25
TXN004077,10390,PAY,user049@okbank,2026,4,19/04/26,21:27:00,MER0096,INTENT,12.8954548473,77.6050824567,No,NONE,No,0.37
TXN003395,19395,PAY,user007@okbank,2026,5,19/05/26,7:07:00,MER0079,COLLECT,12.9085727861,77.663175804,No,NONE,No,0.15
TXN004735,37609,PAY,user020@okbank,2026,2,04/02/26,5:50:00,MER0110,VPA,12.9475974411,77.519326147,No,NONE,No,0.13
TXN003227,100,PAY,user039@okbank,2026,4,05/04/26,2:45:00,MER0153,QR,12.9023359003,77.7055286428,No,NONE,No,0.18
TXN004646,23044,PAY,user014@okbank,2026,3,13/03/26,19:43:00,MER0165,MOBILE,12.9651123912,77.6478750476,No,NONE,No,0.27
TXN003333,14768,PAY,user036@okbank,2026,6,19/06/26,15:33:00,MER0171,VPA,13.0454293459,77.6089447936,No,NONE,No,0.28
TXN003043,24073,PAY,user026@okbank,2026,1,18/01/26,11:58:00,MER0074,INTENT,12.9639778045,77.6499975654,No,NONE,No,0.3
TXN004213,20711,PAY,user011@okbank,2026,4,27/04/26,0:54:00,MER0041,MOBILE,13.0091161166,77.5940857986,No,NONE,No,0.19
TXN001288,20742,PAY,user036@okbank,2026,6,15/06/26,7:58:00,MER0097,MANDATE,13.008434537,77.5532967746,No,NONE,No,0.24
TXN002794,26149,PAY,user037@okbank,2026,3,25/03/26,11:07:00,MER0067,VPA,12.9538546066,77.6745166878,No,NONE,No,0.56
TXN004371,17077,PAY,user043@okbank,2026,6,18/06/26,13:11:00,MER0145,QR,12.9303623435,77.5261217827,No,NONE,No,0.34
TXN004571,8643,PAY,user002@okbank,2026,1,26/01/26,16:55:00,MER0079,INTENT,12.9012593439,77.6209636515,No,NONE,No,0.4
TXN003679,18893,PAY,user039@okbank,2026,1,19/01/26,13:03:00,MER0053,INTENT,12.9833971709,77.5989641956,No,NONE,No,0.13
TXN004541,27545,PAY,user037@okbank,2026,5,22/05/26,3:18:00,MER0035,VPA,12.984391406,77.6907495093,No,NONE,No,0.24
TXN002928,21743,PAY,user022@okbank,2026,2,18/02/26,12:14:00,MER0079,COLLECT,12.9695617591,77.5861654743,No,NONE,No,0.47
TXN001910,25109,PAY,user004@okbank,2026,4,06/04/26,21:59:00,MER0092,MOBILE,13.0155356527,77.4791958441,No,NONE,No,0.38
TXN003170,10439,PAY,user009@okbank,2026,3,06/03/26,15:42:00,MER0016,QR,12.9226354812,77.548416313,No,NONE,No,0.12
TXN004207,19316,PAY,user017@okbank,2026,5,12/05/26,19:41:00,MER0092,ACCOUNT_IFSC,13.0301904465,77.6744244478,No,NONE,No,0.52
TXN004982,13654,PAY,user036@okbank,2026,3,25/03/26,4:20:00,MER0183,INTENT,12.9547102392,77.5295310326,Yes,NONE,No,0.18
TXN003192,13789,PAY,user007@okbank,2026,2,09/02/26,16:35:00,MER0077,MANDATE,13.0034210013,77.5714478151,No,NONE,No,0.53
TXN001404,100,PAY,user027@okbank,2026,1,15/01/26,2:18:00,MER0045,MANDATE,13.0179706777,77.5149899079,No,NONE,No,0.31
TXN003180,27875,PAY,user002@okbank,2026,1,14/01/26,1:20:00,MER0083,IN_APP,12.9124697362,77.6020524114,No,NONE,No,0.21
TXN004575,564,PAY,user040@okbank,2026,5,13/05/26,14:26:00,MER0019,QR,12.984673364,77.5812673213,No,NONE,No,0.2
TXN003176,25405,PAY,user028@okbank,2026,3,25/03/26,5:58:00,MER0119,COLLECT,12.9743019174,77.5315203586,No,NONE,No,0.21
TXN004678,22030,PAY,user041@okbank,2026,1,16/01/26,5:43:00,MER0134,MANDATE,12.9724604294,77.5704109907,No,NONE,No,0.38
TXN004160,31570,PAY,user007@okbank,2026,3,05/03/26,14:41:00,MER0195,IN_APP,12.8854624708,77.5204636336,No,NONE,No,0.3
TXN001440,15234,PAY,user031@okbank,2026,5,21/05/26,8:36:00,MER0034,MANDATE,12.9435070707,77.4941118416,No,NONE,No,0.35
TXN003006,18660,PAY,user021@okbank,2026,5,17/05/26,1:26:00,MER0072,VPA,13.0012949321,77.6497304634,No,NONE,No,0.29
TXN002267,10173,PAY,user007@okbank,2026,3,06/03/26,11:18:00,MER0117,ACCOUNT_IFSC,12.9486603323,77.5960984488,No,NONE,No,0.31
TXN003744,391,PAY,user037@okbank,2026,3,16/03/26,0:42:00,MER0137,COLLECT,12.9329025419,77.626231391,No,NONE,No,0.33
TXN003015,28485,PAY,user035@okbank,2026,4,17/04/26,18:29:00,MER0105,QR,12.9881236363,77.5619459918,No,NONE,No,0.46
TXN001762,16532,PAY,user006@okbank,2026,6,15/06/26,2:46:00,MER0098,INTENT,12.9934673216,77.6150755976,No,NONE,No,0.04
TXN004677,27431,PAY,user049@okbank,2026,6,01/06/26,18:19:00,MER0174,VPA,12.8340950924,77.6243782737,No,NONE,No,0.31
TXN004307,32772,PAY,user034@okbank,2026,6,03/06/26,22:45:00,MER0168,IN_APP,13.0471380281,77.5796774841,No,NONE,No,0.33
TXN000620,16278,PAY,user036@okbank,2026,2,13/02/26,13:41:00,MER0156,COLLECT,12.9563302339,77.5541697259,No,NONE,No,0.2
TXN003126,745,PAY,user033@okbank,2026,3,17/03/26,20:26:00,MER0099,ACCOUNT_IFSC,12.9028184356,77.5977734748,No,NONE,No,0.25
TXN002867,18166,PAY,user007@okbank,2026,6,02/06/26,19:28:00,MER0088,ACCOUNT_IFSC,12.9786405012,77.5760084212,No,NONE,No,0.4
TXN000716,11936,PAY,user029@okbank,2026,2,03/02/26,16:26:00,MER0084,COLLECT,12.9796199019,77.60531823,No,NONE,No,0.06
TXN002233,21349,PAY,user030@okbank,2026,5,04/05/26,17:14:00,MER0051,INTENT,12.9934594818,77.5596847328,No,NONE,No,0.33
TXN000342,7094,PAY,user005@okbank,2026,3,03/03/26,20:36:00,MER0015,INTENT,12.8403273946,77.5918251515,No,NONE,No,0.16
TXN000899,26235,PAY,user043@okbank,2026,5,11/05/26,7:58:00,MER0051,INTENT,12.9016237005,77.4986094916,No,NONE,No,0.18
TXN004519,14993,PAY,user008@okbank,2026,6,06/06/26,9:24:00,MER0072,ACCOUNT_IFSC,13.032536212,77.4828155407,No,NONE,No,0.02
TXN000784,100,PAY,user016@okbank,2026,3,25/03/26,19:59:00,MER0143,MOBILE,13.0002818983,77.5203547995,No,NONE,No,0.4
TXN003243,23950,PAY,user032@okbank,2026,5,07/05/26,8:21:00,MER0047,MOBILE,12.9393656339,77.6409156058,No,NONE,No,0.24
TXN000446,13264,PAY,user011@okbank,2026,4,09/04/26,3:11:00,MER0197,COLLECT,12.9839686842,77.5890376668,No,NONE,No,0.22
TXN001944,21501,PAY,user016@okbank,2026,5,25/05/26,21:46:00,MER0197,MOBILE,12.9750584366,77.6201402909,No,NONE,No,0.33
TXN004287,7783,PAY,user014@okbank,2026,5,27/05/26,12:31:00,MER0079,MANDATE,12.9612172828,77.5967251443,No,NONE,No,0.08
TXN002668,25968,PAY,user048@okbank,2026,1,07/01/26,19:08:00,MER0049,COLLECT,13.0103400865,77.5694776871,No,NONE,No,0.38
TXN002730,19952,PAY,user043@okbank,2026,3,27/03/26,13:51:00,MER0057,QR,12.976778491,77.6075974129,No,NONE,No,0.41
TXN004318,100,PAY,user016@okbank,2026,5,10/05/26,15:45:00,MER0085,IN_APP,12.957568943,77.5640464516,No,NONE,No,0.19
TXN000320,34336,PAY,user040@okbank,2026,6,14/06/26,0:05:00,MER0039,COLLECT,13.0042490185,77.5581381139,No,NONE,No,0.42
TXN001614,31951,PAY,user026@okbank,2026,6,11/06/26,21:21:00,MER0087,VPA,13.0149432256,77.5752516389,No,NONE,No,0.43
TXN001002,7848,PAY,user028@okbank,2026,6,26/06/26,8:45:00,MER0138,MOBILE,12.9526201646,77.6105192858,No,NONE,No,0.5
TXN002209,10621,PAY,user001@okbank,2026,4,14/04/26,11:49:00,MER0112,INTENT,12.9395880635,77.5779526752,No,NONE,No,0.11
TXN004220,12634,PAY,user029@okbank,2026,6,18/06/26,23:33:00,MER0126,MOBILE,12.9827178264,77.5605528485,No,NONE,No,0.22
TXN001087,16835,PAY,user041@okbank,2026,5,22/05/26,10:26:00,MER0079,MOBILE,12.934611492,77.5428330337,No,NONE,No,0.13
TXN004758,14521,PAY,user041@okbank,2026,6,12/06/26,10:50:00,MER0046,ACCOUNT_IFSC,13.0245117382,77.5867751411,No,NONE,No,0.08
TXN002433,30671,PAY,user014@okbank,2026,5,11/05/26,12:57:00,MER0012,IN_APP,12.9581914986,77.6222569753,No,NONE,No,0.12
TXN004308,21956,PAY,user003@okbank,2026,6,09/06/26,15:37:00,MER0048,MANDATE,12.9471716718,77.5739867633,No,NONE,No,0.19
TXN004315,24099,PAY,user022@okbank,2026,4,12/04/26,17:19:00,MER0102,IN_APP,12.9408546841,77.5812816617,No,NONE,No,0.15
TXN002918,2711,PAY,user028@okbank,2026,6,09/06/26,16:48:00,MER0095,QR,13.0517571333,77.5820531723,No,NONE,No,0.42
TXN003230,27778,PAY,user018@okbank,2026,6,13/06/26,12:36:00,MER0192,ACCOUNT_IFSC,13.0063080603,77.5896983721,No,NONE,No,0.35
TXN002203,21408,PAY,user022@okbank,2026,3,15/03/26,4:37:00,MER0008,COLLECT,12.9295533589,77.6405009186,No,NONE,No,0.17
TXN001761,7765,PAY,user012@okbank,2026,1,18/01/26,11:07:00,MER0139,COLLECT,12.9906818964,77.5842893418,No,NONE,No,0.42
TXN001925,14230,PAY,user025@okbank,2026,6,21/06/26,8:18:00,MER0184,COLLECT,13.0063335618,77.6462386693,No,NONE,No,0.33
TXN000774,100,PAY,user021@okbank,2026,5,22/05/26,9:37:00,MER0195,MANDATE,13.0016753586,77.5902592472,No,NONE,No,0.33
TXN004177,14523,PAY,user044@okbank,2026,2,25/02/26,11:26:00,MER0042,ACCOUNT_IFSC,13.000928788,77.5681383832,No,NONE,No,0.4
TXN003798,16363,PAY,user026@okbank,2026,2,13/02/26,22:59:00,MER0018,COLLECT,12.8993225487,77.565772297,No,NONE,No,0.38
TXN001146,100,PAY,user002@okbank,2026,6,02/06/26,17:13:00,MER0054,MOBILE,13.0353260189,77.6756084847,No,NONE,No,0.36
TXN001900,15107,PAY,user044@okbank,2026,1,11/01/26,12:18:00,MER0161,COLLECT,13.0081179867,77.5397228277,No,NONE,No,0.17
TXN001161,23109,PAY,user003@okbank,2026,3,21/03/26,20:17:00,MER0022,VPA,12.8645656708,77.6473106603,No,NONE,No,0.19
TXN004266,6390,PAY,user030@okbank,2026,4,16/04/26,4:43:00,MER0183,IN_APP,12.9587637618,77.5270710527,No,NONE,No,0.32
TXN002050,15341,PAY,user050@okbank,2026,3,23/03/26,17:19:00,MER0023,VPA,12.9323900773,77.6272106116,No,NONE,No,0.27
TXN003317,20837,PAY,user001@okbank,2026,3,10/03/26,5:31:00,MER0109,COLLECT,13.071080715,77.6135018055,No,NONE,No,0.35
TXN000781,100,PAY,user030@okbank,2026,4,12/04/26,18:25:00,MER0032,MANDATE,12.9901111367,77.6611565731,No,NONE,No,0.44
TXN003486,20582,PAY,user025@okbank,2026,3,06/03/26,10:43:00,MER0066,QR,12.8995373763,77.584651633,No,NONE,No,0.02
TXN003832,21405,PAY,user003@okbank,2026,2,21/02/26,10:19:00,MER0117,INTENT,12.9821303338,77.5564387627,No,NONE,No,0.07
TXN001667,24324,PAY,user021@okbank,2026,4,13/04/26,12:27:00,MER0154,MANDATE,13.0402460961,77.6445039022,No,NONE,No,0.26
TXN003068,28693,PAY,user023@okbank,2026,1,09/01/26,17:17:00,MER0008,MANDATE,12.9274559919,77.5803921163,No,NONE,No,0.15
TXN000266,12182,PAY,user003@okbank,2026,2,05/02/26,11:46:00,MER0174,QR,13.0290114934,77.6698775803,No,NONE,No,0.36
TXN001210,9249,PAY,user035@okbank,2026,4,10/04/26,8:43:00,MER0179,QR,13.0271799192,77.5433488563,No,NONE,No,0.3
TXN002859,25975,PAY,user035@okbank,2026,1,09/01/26,14:07:00,MER0011,VPA,13.0156438365,77.5875106698,No,NONE,No,0.36
TXN000265,24902,PAY,user050@okbank,2026,5,23/05/26,21:33:00,MER0028,INTENT,12.9542498653,77.5948701476,No,NONE,No,0.43
TXN004953,3409,PAY,user040@okbank,2026,5,05/05/26,5:10:00,MER0029,INTENT,12.9098152456,77.5676619204,No,NONE,No,0.15
TXN003630,13194,PAY,user009@okbank,2026,1,08/01/26,8:44:00,MER0174,COLLECT,12.9931680811,77.5696936802,No,NONE,No,0.31
TXN000864,17573,PAY,user024@okbank,2026,2,11/02/26,18:20:00,MER0135,VPA,13.0347459011,77.5131408124,No,NONE,No,0.27
TXN004306,9855,PAY,user003@okbank,2026,1,03/01/26,12:39:00,MER0194,INTENT,12.9797593991,77.6147150075,No,NONE,No,0.02
TXN003071,15332,PAY,user027@okbank,2026,5,21/05/26,7:52:00,MER0134,QR,12.9703071588,77.5906508421,No,NONE,No,0.14
TXN000029,74225,PAY,user027@okbank,2026,5,15/05/26,17:41:00,MER0009,IN_APP,12.9528765578,77.552922026,No,REMOTE_ACCESS_FRAUD,Yes,0.75
TXN000949,32801,PAY,user022@okbank,2026,4,27/04/26,22:24:00,MER0091,INTENT,13.0180634017,77.5273958352,No,NONE,No,0.21
TXN000354,15684,PAY,user016@okbank,2026,2,26/02/26,0:38:00,MER0180,ACCOUNT_IFSC,13.0178074342,77.5806279471,No,NONE,No,0.29
TXN001550,30412,PAY,user015@okbank,2026,5,07/05/26,23:44:00,MER0060,ACCOUNT_IFSC,12.910082406,77.5924284369,No,NONE,No,0.33
TXN000139,105920,PAY,user021@okbank,2026,4,07/04/26,15:01:00,MER0144,COLLECT,12.9568000161,77.6108614493,Yes,SIM_SWAP_DRAIN,Yes,0.6
TXN000052,68889,PAY,user044@okbank,2026,5,11/05/26,9:50:00,MER0186,VPA,12.9334370136,77.6594687618,No,FAKE_CUSTOMER_CARE,Yes,0.96
TXN002082,14950,PAY,user033@okbank,2026,1,14/01/26,12:00:00,MER0068,ACCOUNT_IFSC,12.9746785585,77.699686757,No,NONE,No,0.5
TXN004032,5704,PAY,user017@okbank,2026,6,18/06/26,0:41:00,MER0032,MANDATE,13.027975054,77.560745292,No,NONE,No,0.47
TXN001854,28356,PAY,user021@okbank,2026,3,08/03/26,19:56:00,MER0072,MOBILE,12.9227494023,77.6482341059,No,NONE,No,0.1
TXN003149,5584,PAY,user045@okbank,2026,5,19/05/26,5:42:00,MER0136,MOBILE,12.8825158427,77.5482598445,No,NONE,No,0.36
TXN001183,12918,PAY,user012@okbank,2026,3,16/03/26,16:02:00,MER0093,VPA,12.950717037,77.5710797324,No,NONE,No,0.34
TXN003354,14099,PAY,user023@okbank,2026,2,12/02/26,19:39:00,MER0070,VPA,12.9292047506,77.5355630793,No,NONE,No,0.23
TXN002801,21853,PAY,user037@okbank,2026,3,05/03/26,22:42:00,MER0069,VPA,12.9778923019,77.6020824834,No,NONE,No,0.14
TXN004838,19292,PAY,user013@okbank,2026,5,09/05/26,5:26:00,MER0043,VPA,13.0881060774,77.6575743656,No,NONE,No,0.38
TXN002271,21583,PAY,user008@okbank,2026,6,20/06/26,3:31:00,MER0123,COLLECT,12.8741911716,77.6943773584,No,NONE,No,0.37
TXN000441,10425,PAY,user027@okbank,2026,2,22/02/26,6:01:00,MER0112,INTENT,13.0007421429,77.4504271596,No,NONE,No,0.48
TXN000087,40553,PAY,user024@okbank,2026,2,06/02/26,10:23:00,MER0164,MOBILE,12.9922852289,77.6783374245,No,MULE_ACCOUNT,Yes,0.68
TXN002379,11480,PAY,user011@okbank,2026,4,17/04/26,2:09:00,MER0092,MANDATE,13.0456603575,77.5870840585,No,NONE,No,0.27
TXN003066,20662,PAY,user015@okbank,2026,2,18/02/26,15:28:00,MER0185,INTENT,12.9432385861,77.6351426322,No,NONE,No,0.36
TXN001715,15793,PAY,user047@okbank,2026,5,20/05/26,9:27:00,MER0007,INTENT,12.9266010695,77.4837930382,No,NONE,No,0.33
TXN001370,12867,PAY,user005@okbank,2026,3,23/03/26,3:34:00,MER0113,VPA,13.0859210059,77.5553786175,No,NONE,No,0.21
TXN000445,22355,PAY,user024@okbank,2026,2,05/02/26,4:33:00,MER0145,MANDATE,12.9079211569,77.5642973536,No,NONE,No,0.16
TXN001512,5260,PAY,user023@okbank,2026,6,10/06/26,11:45:00,MER0100,MOBILE,12.9383773708,77.5945448776,No,NONE,No,0.37
TXN002620,16744,PAY,user044@okbank,2026,2,11/02/26,18:03:00,MER0094,VPA,12.907837906,77.5218376882,No,NONE,No,0.37
TXN001255,17483,PAY,user047@okbank,2026,2,22/02/26,1:45:00,MER0040,COLLECT,13.0380619096,77.5722331004,No,NONE,No,0.19
TXN001209,100,PAY,user019@okbank,2026,2,24/02/26,13:32:00,MER0189,ACCOUNT_IFSC,12.9895101073,77.5369848869,No,NONE,No,0.16
TXN001033,21562,PAY,user027@okbank,2026,1,27/01/26,22:44:00,MER0098,IN_APP,13.0042513108,77.538812124,No,NONE,No,0.45
TXN000109,73230,PAY,user031@okbank,2026,6,21/06/26,0:52:00,MER0122,VPA,12.9222618441,77.6020785619,No,COLLECT_REQUEST_FRAUD,Yes,0.89
TXN004195,6608,PAY,user015@okbank,2026,3,07/03/26,3:12:00,MER0054,INTENT,13.0184916466,77.5957158418,No,NONE,No,0.35
TXN004889,8257,PAY,user017@okbank,2026,2,09/02/26,12:29:00,MER0002,VPA,12.9233048855,77.5969425857,No,NONE,No,0.28
TXN002860,6785,PAY,user029@okbank,2026,6,10/06/26,8:39:00,MER0060,QR,12.9071966093,77.6244937637,No,NONE,No,0.51
TXN003384,18261,PAY,user019@okbank,2026,5,15/05/26,22:05:00,MER0111,MANDATE,13.0627662308,77.5920447276,No,NONE,No,0.35
TXN001125,26492,PAY,user040@okbank,2026,6,14/06/26,18:07:00,MER0046,ACCOUNT_IFSC,12.8422810708,77.5668306642,No,NONE,No,0.11
TXN003152,14561,PAY,user040@okbank,2026,6,09/06/26,13:01:00,MER0091,QR,13.006016643,77.6175733997,No,NONE,No,0.22
TXN000340,17465,PAY,user016@okbank,2026,1,26/01/26,23:37:00,MER0085,QR,12.9994518234,77.4439300783,No,NONE,No,0.21
TXN000920,8125,PAY,user050@okbank,2026,4,27/04/26,11:28:00,MER0144,INTENT,13.0122566957,77.5872194613,No,NONE,No,0.27
TXN001516,19885,PAY,user011@okbank,2026,4,27/04/26,8:32:00,MER0015,COLLECT,12.9077631468,77.5843921664,No,NONE,No,0.23
TXN003057,32717,PAY,user021@okbank,2026,6,21/06/26,6:55:00,MER0028,COLLECT,12.9961906989,77.5667313544,No,NONE,No,0.21
TXN003067,21410,PAY,user030@okbank,2026,4,26/04/26,22:31:00,MER0167,MANDATE,13.0663795606,77.5882502983,No,NONE,No,0.24
TXN002432,37272,PAY,user038@okbank,2026,3,06/03/26,17:01:00,MER0024,MANDATE,12.8763769902,77.6003378773,No,NONE,No,0.24
TXN002993,36896,PAY,user025@okbank,2026,3,26/03/26,14:13:00,MER0154,COLLECT,13.0489857333,77.6132749907,No,NONE,No,0.41
TXN002467,7478,PAY,user046@okbank,2026,5,08/05/26,9:18:00,MER0109,QR,12.9982494779,77.5715095719,No,NONE,No,0.38
TXN004841,29824,PAY,user038@okbank,2026,6,20/06/26,11:24:00,MER0041,QR,13.0687222587,77.6598982761,No,NONE,No,0.08
TXN000670,100,PAY,user048@okbank,2026,6,25/06/26,23:40:00,MER0063,ACCOUNT_IFSC,12.9287913914,77.5438242662,No,NONE,No,0.36
TXN003748,23786,PAY,user016@okbank,2026,3,22/03/26,7:57:00,MER0020,COLLECT,13.0080651755,77.6384386096,No,NONE,No,0.26
TXN000385,36362,PAY,user012@okbank,2026,4,27/04/26,8:08:00,MER0040,INTENT,12.9724973757,77.5946658514,No,NONE,No,0.28
TXN001068,36679,PAY,user012@okbank,2026,3,26/03/26,10:25:00,MER0178,INTENT,12.9881417983,77.6708078563,No,NONE,No,0.19
TXN004598,100,PAY,user006@okbank,2026,4,09/04/26,19:57:00,MER0068,ACCOUNT_IFSC,12.9956741456,77.5465893075,No,NONE,No,0.13
TXN002505,12158,PAY,user022@okbank,2026,4,08/04/26,1:55:00,MER0036,QR,13.0438535254,77.6390791192,No,NONE,No,0.42
TXN002207,36465,PAY,user039@okbank,2026,4,01/04/26,19:52:00,MER0162,MOBILE,12.9960083344,77.684798774,No,NONE,No,0.52
TXN004996,14708,PAY,user026@okbank,2026,2,11/02/26,18:32:00,MER0127,MOBILE,13.0410336894,77.6140803676,No,NONE,No,0.54
TXN004354,13294,PAY,user047@okbank,2026,5,25/05/26,2:03:00,MER0110,VPA,12.9486115958,77.5747726585,No,NONE,No,0.35
TXN001221,9436,PAY,user026@okbank,2026,3,04/03/26,2:03:00,MER0106,ACCOUNT_IFSC,12.9802141635,77.6363230236,No,NONE,No,0.38
TXN000614,19536,PAY,user005@okbank,2026,3,02/03/26,1:23:00,MER0013,VPA,12.9429013085,77.6567050136,No,NONE,No,0.41
TXN003571,24870,PAY,user001@okbank,2026,1,28/01/26,12:39:00,MER0151,MANDATE,13.0022589978,77.4848191007,No,NONE,No,0.02
TXN004848,15893,PAY,user028@okbank,2026,2,12/02/26,11:23:00,MER0065,COLLECT,12.9528970774,77.6232755095,No,NONE,No,0.28
TXN000867,28016,PAY,user011@okbank,2026,5,14/05/26,11:28:00,MER0067,INTENT,12.9077972296,77.6003866969,No,NONE,No,0.31
TXN002444,20350,PAY,user022@okbank,2026,1,03/01/26,3:33:00,MER0196,IN_APP,12.8864342574,77.6341357271,No,NONE,No,0.19
TXN000928,14728,PAY,user012@okbank,2026,1,18/01/26,6:57:00,MER0104,INTENT,12.8806072477,77.6254643013,No,NONE,No,0.23
TXN003217,100,PAY,user029@okbank,2026,3,02/03/26,20:04:00,MER0043,INTENT,12.9340952627,77.5766257286,No,NONE,No,0.54
TXN003914,4861,PAY,user028@okbank,2026,6,03/06/26,22:34:00,MER0128,MOBILE,12.9548561035,77.6523805336,No,NONE,No,0.25
TXN001411,36679,PAY,user046@okbank,2026,5,03/05/26,20:51:00,MER0017,VPA,13.0487524515,77.6223214333,No,NONE,No,0.32
TXN003277,18388,PAY,user039@okbank,2026,1,08/01/26,13:30:00,MER0156,QR,12.9364510104,77.5706787867,No,NONE,No,0.3
TXN002752,5809,PAY,user018@okbank,2026,5,05/05/26,0:30:00,MER0117,IN_APP,12.9433506093,77.6414056184,No,NONE,No,0.29
TXN000693,26399,PAY,user042@okbank,2026,3,05/03/26,4:53:00,MER0014,QR,12.920017916,77.6461897047,No,NONE,No,0.15
TXN001431,25783,PAY,user023@okbank,2026,5,25/05/26,16:08:00,MER0146,ACCOUNT_IFSC,12.9532033573,77.671032464,No,NONE,No,0.32
TXN000993,18544,PAY,user035@okbank,2026,3,12/03/26,4:30:00,MER0002,VPA,12.9657486925,77.5351804272,No,NONE,No,0.19
TXN000642,11855,PAY,user043@okbank,2026,5,20/05/26,7:18:00,MER0034,MOBILE,12.9325191268,77.5633252048,No,NONE,No,0.17
TXN002944,9152,PAY,user038@okbank,2026,3,27/03/26,0:56:00,MER0153,QR,12.8873513228,77.6018143823,No,NONE,No,0.39
TXN003368,17839,PAY,user008@okbank,2026,5,01/05/26,20:16:00,MER0135,MOBILE,12.8912488353,77.6062733659,No,NONE,No,0.32
TXN003653,18932,PAY,user016@okbank,2026,1,05/01/26,4:05:00,MER0011,INTENT,13.0141151288,77.6725516822,No,NONE,No,0.27
TXN001350,12942,PAY,user009@okbank,2026,5,14/05/26,19:51:00,MER0181,VPA,12.9146006105,77.6641211047,No,NONE,No,0.28
TXN001755,21602,PAY,user004@okbank,2026,2,19/02/26,7:12:00,MER0141,COLLECT,12.9865503659,77.59619799,No,NONE,No,0.13
TXN003537,21527,PAY,user014@okbank,2026,2,14/02/26,10:15:00,MER0062,VPA,13.0136409567,77.5527415328,No,NONE,No,0.16
TXN003925,22084,PAY,user045@okbank,2026,3,13/03/26,3:17:00,MER0153,COLLECT,13.0259241944,77.5674682386,No,NONE,No,0.21
TXN003040,20068,PAY,user040@okbank,2026,1,10/01/26,12:05:00,MER0086,INTENT,12.9185513781,77.5761896133,No,NONE,No,0.21
TXN003465,21679,PAY,user050@okbank,2026,2,12/02/26,10:33:00,MER0030,INTENT,12.9123269651,77.6788809179,No,NONE,No,0.38
TXN004228,12531,PAY,user030@okbank,2026,4,25/04/26,17:25:00,MER0159,QR,12.8954262885,77.6438937679,No,NONE,No,0.23
TXN003017,14876,PAY,user044@okbank,2026,5,04/05/26,9:14:00,MER0076,ACCOUNT_IFSC,13.0469634218,77.6415051526,No,NONE,No,0.28
TXN001620,16511,PAY,user050@okbank,2026,1,19/01/26,10:13:00,MER0053,MOBILE,13.0599098377,77.5796209446,No,NONE,No,0.21
TXN001333,32878,PAY,user045@okbank,2026,3,06/03/26,17:37:00,MER0112,MANDATE,12.9226348824,77.5495237839,No,NONE,No,0.37
TXN004617,26161,PAY,user030@okbank,2026,5,14/05/26,8:56:00,MER0096,IN_APP,12.8788758426,77.6192166745,No,NONE,No,0.55
TXN004621,20637,PAY,user022@okbank,2026,4,01/04/26,13:06:00,MER0094,INTENT,12.8478661061,77.5501821292,No,NONE,No,0.22
TXN000015,66236,PAY,user003@okbank,2026,5,11/05/26,17:57:00,MER0066,COLLECT,12.9552657049,77.5646875475,No,COLLECT_REQUEST_FRAUD,Yes,0.87
TXN003383,20566,PAY,user003@okbank,2026,2,06/02/26,0:59:00,MER0069,ACCOUNT_IFSC,12.9160026742,77.5513591964,No,NONE,No,0.14
TXN003181,20638,PAY,user039@okbank,2026,5,24/05/26,13:40:00,MER0054,VPA,12.9039961606,77.5816835477,No,NONE,No,0.27
TXN003141,17420,PAY,user041@okbank,2026,2,27/02/26,21:30:00,MER0131,QR,12.9609956856,77.6801858019,No,NONE,No,0.26
TXN003780,9975,PAY,user050@okbank,2026,6,15/06/26,17:52:00,MER0048,COLLECT,12.9616783376,77.6616507494,No,NONE,No,0.28
TXN002096,31342,PAY,user012@okbank,2026,3,14/03/26,9:40:00,MER0194,MANDATE,12.9184185151,77.5674269894,No,NONE,No,0.37
TXN001621,30295,PAY,user034@okbank,2026,2,19/02/26,18:52:00,MER0110,ACCOUNT_IFSC,12.8278197129,77.6280533069,No,NONE,No,0.25
TXN000294,3131,PAY,user025@okbank,2026,6,22/06/26,4:34:00,MER0066,VPA,12.9632034831,77.5717010807,No,NONE,No,0.36
TXN002761,23294,PAY,user016@okbank,2026,1,05/01/26,19:55:00,MER0055,COLLECT,12.8669798649,77.5866310525,No,NONE,No,0.27
TXN004134,22667,PAY,user020@okbank,2026,2,07/02/26,11:09:00,MER0185,INTENT,12.9064656302,77.6148970263,No,NONE,No,0.11
TXN004823,4194,PAY,user017@okbank,2026,2,12/02/26,13:55:00,MER0179,MOBILE,12.8484262028,77.6396737321,No,NONE,No,0.2
TXN000004,48188,PAY,user013@okbank,2026,1,24/01/26,7:48:00,MER0005,MOBILE,13.0080651192,77.5829999974,No,TEST_THEN_DRAIN,Yes,0.85
TXN001385,14121,PAY,user046@okbank,2026,3,23/03/26,23:12:00,MER0122,ACCOUNT_IFSC,12.9682765518,77.6182301091,No,NONE,No,0.43
TXN003815,16271,PAY,user046@okbank,2026,2,17/02/26,6:38:00,MER0101,IN_APP,13.0037329672,77.5612614026,No,NONE,No,0.43
TXN003863,26778,PAY,user028@okbank,2026,1,27/01/26,11:23:00,MER0117,MANDATE,12.9844052247,77.6370299751,No,NONE,No,0.27
TXN004130,9723,PAY,user040@okbank,2026,5,12/05/26,19:32:00,MER0046,INTENT,12.9957463098,77.6638707844,No,NONE,No,0.41
TXN003049,8345,PAY,user029@okbank,2026,3,10/03/26,21:35:00,MER0073,ACCOUNT_IFSC,13.0215972498,77.5779154329,No,NONE,No,0.27
TXN001126,19795,PAY,user006@okbank,2026,5,23/05/26,22:33:00,MER0117,INTENT,12.953590165,77.5171633407,No,NONE,No,0.52
TXN000459,21248,PAY,user040@okbank,2026,3,09/03/26,9:55:00,MER0103,QR,12.9826478413,77.6373295258,No,NONE,No,0.4
TXN001949,22024,PAY,user016@okbank,2026,1,16/01/26,7:14:00,MER0018,MOBILE,12.979529712,77.5202461662,No,NONE,No,0.3
TXN004440,18266,PAY,user045@okbank,2026,4,05/04/26,16:01:00,MER0089,MOBILE,13.1031960906,77.6472356889,No,NONE,No,0.38
TXN002367,11264,PAY,user042@okbank,2026,5,24/05/26,12:30:00,MER0138,IN_APP,12.9574130758,77.6078811331,No,NONE,No,0.16
TXN000452,1653,PAY,user014@okbank,2026,1,26/01/26,13:06:00,MER0016,QR,13.0146084797,77.6164920387,No,NONE,No,0.18
TXN000059,76277,PAY,user042@okbank,2026,1,19/01/26,7:05:00,MER0137,COLLECT,12.9721566237,77.6281868241,No,REMOTE_ACCESS_FRAUD,Yes,0.76
TXN004410,19148,PAY,user017@okbank,2026,3,16/03/26,3:07:00,MER0185,ACCOUNT_IFSC,13.0228871526,77.6143837006,No,NONE,No,0.26
TXN003808,100,PAY,user019@okbank,2026,1,23/01/26,13:19:00,MER0167,QR,12.9187291675,77.6126163058,No,NONE,No,0.36
TXN004971,19401,PAY,user016@okbank,2026,4,09/04/26,6:58:00,MER0009,ACCOUNT_IFSC,12.9122027036,77.5965008265,No,NONE,No,0.19
TXN003770,16345,PAY,user031@okbank,2026,5,22/05/26,9:22:00,MER0056,MANDATE,12.9049690339,77.6089238424,No,NONE,No,0.12
TXN000536,14533,PAY,user009@okbank,2026,4,10/04/26,16:23:00,MER0087,INTENT,12.9098113638,77.6759691358,No,NONE,No,0.26
TXN004959,30287,PAY,user008@okbank,2026,5,11/05/26,6:04:00,MER0196,MOBILE,13.0677000827,77.655604736,No,NONE,No,0.27
TXN003652,19452,PAY,user022@okbank,2026,2,06/02/26,3:27:00,MER0024,ACCOUNT_IFSC,12.9762964872,77.6181927612,No,NONE,No,0.19
TXN004594,14821,PAY,user030@okbank,2026,2,22/02/26,17:30:00,MER0161,MOBILE,12.8326560352,77.6790849043,No,NONE,No,0.33
TXN004950,11350,PAY,user037@okbank,2026,2,06/02/26,11:16:00,MER0116,IN_APP,12.9539244279,77.6278698239,No,NONE,No,0.37
TXN000832,23184,PAY,user042@okbank,2026,5,01/05/26,0:56:00,MER0109,COLLECT,13.0017686641,77.5737375932,No,NONE,No,0.26
TXN004637,25326,PAY,user023@okbank,2026,5,09/05/26,13:19:00,MER0065,IN_APP,13.0590289535,77.6132094358,No,NONE,No,0.08
TXN001973,22221,PAY,user044@okbank,2026,2,06/02/26,15:13:00,MER0046,MOBILE,12.932014016,77.5744993755,No,NONE,No,0.08
TXN001721,2890,PAY,user041@okbank,2026,5,12/05/26,18:04:00,MER0015,ACCOUNT_IFSC,12.8675912586,77.6754895276,No,NONE,No,0.24
TXN002437,100,PAY,user039@okbank,2026,5,01/05/26,4:38:00,MER0060,QR,13.0368745677,77.6436044317,No,NONE,No,0.29
TXN002763,28484,PAY,user002@okbank,2026,6,02/06/26,9:55:00,MER0098,MOBILE,12.9562650236,77.5494243847,No,NONE,No,0.16
TXN003541,20666,PAY,user041@okbank,2026,5,25/05/26,16:13:00,MER0066,IN_APP,12.978629601,77.5457930369,No,NONE,No,0.61
TXN004532,24804,PAY,user040@okbank,2026,4,18/04/26,7:17:00,MER0111,MOBILE,13.0184025682,77.6088020654,No,NONE,No,0.28
TXN004784,23913,PAY,user029@okbank,2026,2,25/02/26,21:51:00,MER0166,ACCOUNT_IFSC,13.0221323442,77.574088931,No,NONE,No,0.23
TXN000974,9901,PAY,user033@okbank,2026,3,15/03/26,20:23:00,MER0058,IN_APP,12.9672598553,77.6291583777,No,NONE,No,0.21
TXN001710,100,PAY,user028@okbank,2026,4,04/04/26,6:11:00,MER0071,COLLECT,12.9708004369,77.5464304483,No,NONE,No,0.42
TXN004080,17316,PAY,user009@okbank,2026,3,05/03/26,16:29:00,MER0032,MOBILE,12.9742388036,77.5232953615,No,NONE,No,0.17
TXN000800,18809,PAY,user028@okbank,2026,4,24/04/26,19:03:00,MER0095,IN_APP,12.9764262055,77.5418026657,No,NONE,No,0.02
TXN000717,11834,PAY,user043@okbank,2026,3,14/03/26,13:37:00,MER0069,COLLECT,12.9631927282,77.6069787305,No,NONE,No,0.33
TXN000995,6282,PAY,user029@okbank,2026,2,19/02/26,12:23:00,MER0010,MANDATE,12.9996582954,77.5599299896,No,NONE,No,0.02
TXN000634,27903,PAY,user028@okbank,2026,4,10/04/26,10:24:00,MER0110,ACCOUNT_IFSC,13.0515058287,77.5979830241,No,NONE,No,0.13
TXN002537,14733,PAY,user047@okbank,2026,5,22/05/26,3:27:00,MER0187,INTENT,12.9391860965,77.6182068323,No,NONE,No,0.27
TXN002185,24826,PAY,user013@okbank,2026,4,06/04/26,2:08:00,MER0016,COLLECT,12.9668145293,77.6581675483,No,NONE,No,0.37
TXN000607,20876,PAY,user037@okbank,2026,3,08/03/26,1:22:00,MER0157,MOBILE,12.9274143667,77.5789754572,No,NONE,No,0.16
TXN002191,10746,PAY,user028@okbank,2026,1,06/01/26,5:39:00,MER0084,VPA,12.976583096,77.5834016249,No,NONE,No,0.12
TXN002359,12377,PAY,user013@okbank,2026,5,28/05/26,0:53:00,MER0021,ACCOUNT_IFSC,12.8378390257,77.6062640276,No,NONE,No,0.2
TXN003012,100,PAY,user019@okbank,2026,5,06/05/26,23:46:00,MER0118,INTENT,12.9265072492,77.6094426044,No,NONE,No,0.24
TXN001099,100,PAY,user050@okbank,2026,3,23/03/26,21:49:00,MER0037,QR,12.9625669198,77.5300866091,No,NONE,No,0.39
TXN000062,64365,PAY,user032@okbank,2026,4,06/04/26,22:57:00,MER0093,COLLECT,12.8897932968,77.5316688936,No,COLLECT_REQUEST_FRAUD,Yes,0.72
TXN001578,19612,PAY,user025@okbank,2026,5,16/05/26,7:33:00,MER0186,QR,12.9610705845,77.581907663,No,NONE,No,0.19
TXN004427,28001,PAY,user007@okbank,2026,1,11/01/26,11:54:00,MER0178,COLLECT,12.982011511,77.6809030402,No,NONE,No,0.32
TXN003315,18699,PAY,user021@okbank,2026,4,18/04/26,15:00:00,MER0090,MOBILE,13.0361990485,77.6001325577,No,NONE,No,0.21
TXN002990,444,PAY,user019@okbank,2026,3,07/03/26,19:47:00,MER0107,MANDATE,12.9781015407,77.626231076,No,NONE,No,0.31
TXN003004,100,PAY,user028@okbank,2026,1,15/01/26,0:11:00,MER0161,ACCOUNT_IFSC,12.9357465197,77.6122311742,No,NONE,No,0.31
TXN000021,42007,PAY,user021@okbank,2026,5,10/05/26,9:43:00,MER0176,COLLECT,13.0198636134,77.5640675513,No,INVESTMENT_SCAM,Yes,0.73
TXN000238,48601,PAY,user004@okbank,2026,1,24/01/26,21:34:00,MER0151,MANDATE,12.8995088385,77.5977274659,Yes,TEST_THEN_DRAIN,Yes,0.81
TXN000768,47196,PAY,user042@okbank,2026,1,08/01/26,16:15:00,MER0174,IN_APP,12.9946289871,77.5794280694,No,NONE,No,0.42
TXN003120,16396,PAY,user034@okbank,2026,2,12/02/26,6:48:00,MER0039,ACCOUNT_IFSC,12.9558598651,77.5473517015,No,NONE,No,0.27
TXN002120,30895,PAY,user037@okbank,2026,2,13/02/26,5:09:00,MER0025,MOBILE,12.9517445106,77.5272535027,No,NONE,No,0.2
TXN003113,21267,PAY,user036@okbank,2026,1,10/01/26,19:03:00,MER0167,IN_APP,12.9245492247,77.5068764032,No,NONE,No,0.31
TXN003558,12349,PAY,user018@okbank,2026,2,21/02/26,11:18:00,MER0001,IN_APP,12.9108774723,77.6060587455,No,NONE,No,0.33
TXN002063,31135,PAY,user025@okbank,2026,6,11/06/26,13:41:00,MER0112,COLLECT,13.0072847046,77.61973206,No,NONE,No,0.29
TXN002742,24117,PAY,user017@okbank,2026,3,20/03/26,10:56:00,MER0191,COLLECT,12.9722530006,77.557465316,No,NONE,No,0.31
TXN002834,2093,PAY,user033@okbank,2026,4,24/04/26,14:08:00,MER0115,ACCOUNT_IFSC,12.9433267556,77.5024628916,No,NONE,No,0.17
TXN002712,19997,PAY,user012@okbank,2026,6,06/06/26,7:35:00,MER0016,VPA,13.0121771372,77.5461295254,No,NONE,No,0.38
TXN003417,10896,PAY,user029@okbank,2026,2,15/02/26,1:55:00,MER0032,IN_APP,12.9402595461,77.6539829269,No,NONE,No,0.29
TXN004311,26303,PAY,user021@okbank,2026,4,07/04/26,14:33:00,MER0169,ACCOUNT_IFSC,12.8934017562,77.5964449893,No,NONE,No,0.31
TXN003111,38206,PAY,user039@okbank,2026,6,24/06/26,22:54:00,MER0098,COLLECT,12.901363336,77.6739231625,No,NONE,No,0.26
TXN000197,51662,PAY,user047@okbank,2026,4,04/04/26,9:30:00,MER0039,QR,12.9239125651,77.6376066277,Yes,ACCOUNT_TAKEOVER,Yes,0.55
TXN001664,4419,PAY,user043@okbank,2026,4,24/04/26,0:27:00,MER0060,INTENT,13.0848522565,77.6241019034,No,NONE,No,0.23
TXN003070,13684,PAY,user027@okbank,2026,3,02/03/26,3:50:00,MER0020,VPA,12.9767876634,77.6855121382,No,NONE,No,0.27
TXN000386,9846,PAY,user024@okbank,2026,6,07/06/26,12:29:00,MER0056,MOBILE,13.006668062,77.5452440774,No,NONE,No,0.2
TXN002283,16590,PAY,user032@okbank,2026,6,05/06/26,10:46:00,MER0002,QR,12.9029873441,77.6068363133,No,NONE,No,0.28
TXN003963,27487,PAY,user021@okbank,2026,1,07/01/26,20:02:00,MER0018,MANDATE,13.0177858058,77.5752294891,No,NONE,No,0.34
TXN003619,10424,PAY,user024@okbank,2026,3,22/03/26,0:05:00,MER0021,INTENT,13.0392613073,77.5746358645,No,NONE,No,0.25
TXN003702,30975,PAY,user004@okbank,2026,1,16/01/26,14:48:00,MER0009,INTENT,12.9849696054,77.5588853056,No,NONE,No,0.09
TXN001575,10293,PAY,user018@okbank,2026,4,26/04/26,13:01:00,MER0063,COLLECT,13.0722109785,77.5935486364,No,NONE,No,0.43
TXN003734,12628,PAY,user027@okbank,2026,2,20/02/26,8:20:00,MER0108,COLLECT,13.0639981416,77.5978395667,No,NONE,No,0.32
TXN000426,13397,PAY,user016@okbank,2026,6,22/06/26,10:23:00,MER0001,QR,12.9792707791,77.6580379303,No,NONE,No,0.28
TXN004809,30751,PAY,user028@okbank,2026,3,28/03/26,21:27:00,MER0073,INTENT,12.9091328206,77.5172298828,No,NONE,No,0.39
TXN002599,12760,PAY,user047@okbank,2026,6,27/06/26,19:38:00,MER0105,VPA,13.0287746128,77.5838266479,No,NONE,No,0.24
TXN003903,15702,PAY,user044@okbank,2026,2,20/02/26,16:40:00,MER0038,COLLECT,12.9632622839,77.6144281518,No,NONE,No,0.31
TXN000705,12589,PAY,user050@okbank,2026,6,18/06/26,11:29:00,MER0057,IN_APP,13.1057650677,77.6613098668,No,NONE,No,0.36
TXN001542,21387,PAY,user024@okbank,2026,4,12/04/26,16:04:00,MER0149,ACCOUNT_IFSC,12.9155683148,77.57417329,No,NONE,No,0.42
TXN003348,16264,PAY,user019@okbank,2026,2,18/02/26,0:07:00,MER0090,QR,12.9708293237,77.5469629487,No,NONE,No,0.17
TXN001713,22649,PAY,user038@okbank,2026,2,19/02/26,20:34:00,MER0028,MANDATE,12.9947823685,77.6135935956,No,NONE,No,0.34
TXN004626,9801,PAY,user011@okbank,2026,5,06/05/26,4:13:00,MER0054,INTENT,13.0451596482,77.5302832723,No,NONE,No,0.25
TXN003650,18071,PAY,user048@okbank,2026,2,03/02/26,3:14:00,MER0059,MOBILE,12.8797500036,77.5385084205,No,NONE,No,0.39
TXN001509,36522,PAY,user050@okbank,2026,4,26/04/26,0:08:00,MER0101,ACCOUNT_IFSC,13.0332331704,77.5678975359,No,NONE,No,0.35
TXN001820,13970,PAY,user042@okbank,2026,5,05/05/26,6:32:00,MER0029,QR,12.974486284,77.6019778254,No,NONE,No,0.2
TXN001416,15368,PAY,user024@okbank,2026,4,08/04/26,20:45:00,MER0017,IN_APP,12.9221052832,77.5686418299,No,NONE,No,0.45
TXN003298,100,PAY,user032@okbank,2026,4,23/04/26,18:39:00,MER0144,MOBILE,12.957145176,77.5788409011,No,NONE,No,0.17
TXN004292,13619,PAY,user002@okbank,2026,6,04/06/26,10:14:00,MER0051,INTENT,12.9611431021,77.5425499171,No,NONE,No,0.35
TXN002146,100,PAY,user025@okbank,2026,2,16/02/26,6:36:00,MER0065,MOBILE,12.9788123397,77.605416621,No,NONE,No,0.23
TXN000487,292,PAY,user007@okbank,2026,4,23/04/26,19:43:00,MER0112,INTENT,12.9882789345,77.5512177713,No,NONE,No,0.08
TXN002438,16152,PAY,user035@okbank,2026,1,27/01/26,16:14:00,MER0065,COLLECT,13.0580486329,77.6010446887,No,NONE,No,0.24
TXN004944,30394,PAY,user036@okbank,2026,5,24/05/26,19:47:00,MER0107,IN_APP,12.9311605674,77.696336332,No,NONE,No,0.26
TXN003461,14372,PAY,user040@okbank,2026,2,19/02/26,12:24:00,MER0193,QR,12.9475833358,77.6294215886,No,NONE,No,0.27
TXN003681,14901,PAY,user033@okbank,2026,6,17/06/26,2:46:00,MER0049,IN_APP,13.0529478786,77.5163086359,No,NONE,No,0.32
TXN002645,18079,PAY,user025@okbank,2026,1,10/01/26,9:49:00,MER0057,ACCOUNT_IFSC,13.0055098158,77.6233512867,No,NONE,No,0.19
TXN003570,100,PAY,user020@okbank,2026,1,08/01/26,1:35:00,MER0146,INTENT,12.9218851965,77.7274613528,No,NONE,No,0.02
TXN004226,25533,PAY,user042@okbank,2026,5,15/05/26,6:40:00,MER0086,QR,12.9468822432,77.5593811251,No,NONE,No,0.19
TXN000332,28946,PAY,user050@okbank,2026,4,02/04/26,21:05:00,MER0186,COLLECT,12.9508966314,77.5244786727,No,NONE,No,0.18
TXN003971,2943,PAY,user019@okbank,2026,2,26/02/26,12:42:00,MER0037,MOBILE,12.9936127812,77.5928506297,No,NONE,No,0.38
TXN001326,17271,PAY,user013@okbank,2026,4,25/04/26,13:05:00,MER0107,MOBILE,12.9465829092,77.600771194,No,NONE,No,0.1
TXN001363,19725,PAY,user038@okbank,2026,1,11/01/26,16:48:00,MER0078,INTENT,12.991110051,77.5928734297,No,NONE,No,0.2
TXN000475,15913,PAY,user045@okbank,2026,1,17/01/26,19:41:00,MER0136,MOBILE,12.9127612871,77.623697503,No,NONE,No,0.18
TXN003781,1648,PAY,user028@okbank,2026,1,08/01/26,17:52:00,MER0118,INTENT,12.9121165807,77.6225483794,No,NONE,No,0.24
TXN000558,14155,PAY,user040@okbank,2026,4,18/04/26,13:49:00,MER0190,MOBILE,13.0205758071,77.6244354966,No,NONE,No,0.21
TXN002101,11847,PAY,user048@okbank,2026,2,22/02/26,0:25:00,MER0062,VPA,13.0156281683,77.6338104267,Yes,NONE,No,0.37
TXN002361,5247,PAY,user027@okbank,2026,1,24/01/26,9:52:00,MER0075,MOBILE,12.9741420048,77.600167033,No,NONE,No,0.34
TXN004434,31211,PAY,user035@okbank,2026,3,01/03/26,5:39:00,MER0196,MOBILE,13.1141644483,77.5705631926,No,NONE,No,0.43
TXN001325,12733,PAY,user037@okbank,2026,1,12/01/26,19:25:00,MER0154,VPA,13.0329431463,77.5341307725,No,NONE,No,0.46
TXN002113,2893,PAY,user046@okbank,2026,2,16/02/26,3:16:00,MER0045,COLLECT,12.9695646814,77.5706701836,No,NONE,No,0.19
TXN002758,24893,PAY,user005@okbank,2026,2,26/02/26,3:39:00,MER0153,MOBILE,12.959600339,77.621416368,No,NONE,No,0.02
TXN003147,16062,PAY,user031@okbank,2026,1,24/01/26,20:58:00,MER0023,MOBILE,12.9051074613,77.6394238084,No,NONE,No,0.17
TXN003536,100,PAY,user015@okbank,2026,3,07/03/26,22:47:00,MER0188,MOBILE,12.9681802853,77.5939401665,No,NONE,No,0.18
TXN003751,16123,PAY,user028@okbank,2026,3,21/03/26,9:21:00,MER0168,ACCOUNT_IFSC,13.1466934108,77.5321431448,No,NONE,No,0.36
TXN003331,7193,PAY,user033@okbank,2026,6,20/06/26,21:19:00,MER0021,QR,12.999886658,77.5080923298,No,NONE,No,0.14
TXN002802,21508,PAY,user025@okbank,2026,4,22/04/26,21:37:00,MER0111,IN_APP,12.9250878662,77.5335560691,No,NONE,No,0.1
TXN002326,31065,PAY,user041@okbank,2026,6,15/06/26,12:52:00,MER0125,MANDATE,12.9171375899,77.5789608839,No,NONE,No,0.42
TXN004842,33960,PAY,user009@okbank,2026,1,04/01/26,20:17:00,MER0084,IN_APP,12.9399669408,77.613269467,No,NONE,No,0.29
TXN002704,24892,PAY,user007@okbank,2026,6,14/06/26,2:11:00,MER0061,QR,12.9187088334,77.5651561351,No,NONE,No,0.46
TXN001564,100,PAY,user023@okbank,2026,3,01/03/26,18:20:00,MER0131,VPA,12.9000911397,77.555584304,No,NONE,No,0.09
TXN000438,22459,PAY,user005@okbank,2026,4,05/04/26,14:08:00,MER0193,QR,12.9511195284,77.5636050875,No,NONE,No,0.24
TXN004610,23646,PAY,user029@okbank,2026,5,07/05/26,17:20:00,MER0014,MOBILE,13.0560507452,77.6116171972,No,NONE,No,0.4
TXN001354,15907,PAY,user028@okbank,2026,1,18/01/26,10:29:00,MER0065,MOBILE,12.8981878425,77.587745856,No,NONE,No,0.37
TXN001816,32714,PAY,user012@okbank,2026,6,07/06/26,14:52:00,MER0022,IN_APP,12.9853989457,77.5728969438,No,NONE,No,0.15
TXN003667,20819,PAY,user038@okbank,2026,4,23/04/26,4:36:00,MER0140,QR,13.0110836444,77.5868680688,No,NONE,No,0.33
TXN000081,31524,PAY,user027@okbank,2026,5,13/05/26,0:59:00,MER0076,ACCOUNT_IFSC,13.0169808446,77.5721841736,No,QR_DECEPTION,Yes,0.6
TXN003008,8549,PAY,user015@okbank,2026,3,10/03/26,13:51:00,MER0082,QR,12.9503488191,77.5148326989,No,NONE,No,0.08
TXN002737,23292,PAY,user012@okbank,2026,1,04/01/26,19:49:00,MER0149,ACCOUNT_IFSC,12.9973245985,77.633976975,No,NONE,No,0.41
TXN001450,4956,PAY,user003@okbank,2026,6,17/06/26,10:36:00,MER0013,QR,12.9562903171,77.64875563,No,NONE,No,0.23
TXN002793,9484,PAY,user042@okbank,2026,5,14/05/26,8:48:00,MER0022,MOBILE,12.920869581,77.6252676013,No,NONE,No,0.31
TXN000657,21634,PAY,user014@okbank,2026,2,15/02/26,18:16:00,MER0088,COLLECT,12.90391419,77.5762812508,No,NONE,No,0.32
TXN004937,100,PAY,user042@okbank,2026,1,05/01/26,20:14:00,MER0017,MOBILE,12.9689610773,77.5566524809,No,NONE,No,0.29
TXN002254,9716,PAY,user019@okbank,2026,2,02/02/26,4:25:00,MER0143,VPA,12.8938801124,77.6237686231,No,NONE,No,0.34
TXN000997,14997,PAY,user040@okbank,2026,4,01/04/26,0:03:00,MER0160,COLLECT,13.0232682253,77.5784011394,No,NONE,No,0.17
TXN003380,13603,PAY,user045@okbank,2026,4,13/04/26,15:00:00,MER0167,MANDATE,12.9022507887,77.5400499105,No,NONE,No,0.24
TXN004979,32531,PAY,user041@okbank,2026,2,13/02/26,22:40:00,MER0169,COLLECT,12.9692662341,77.6214999403,No,NONE,No,0.16
TXN003327,37516,PAY,user004@okbank,2026,6,23/06/26,8:38:00,MER0032,VPA,13.0330898991,77.6379412226,No,NONE,No,0.18
TXN000503,7355,PAY,user039@okbank,2026,4,03/04/26,21:53:00,MER0065,COLLECT,12.956942625,77.5915798374,No,NONE,No,0.19
TXN004258,9004,PAY,user026@okbank,2026,5,06/05/26,13:23:00,MER0032,INTENT,12.914482592,77.5855262599,No,NONE,No,0.32
TXN002688,14351,PAY,user033@okbank,2026,5,10/05/26,13:36:00,MER0014,MOBILE,12.9621033555,77.5873966765,No,NONE,No,0.42
TXN003491,16740,PAY,user036@okbank,2026,5,28/05/26,0:09:00,MER0005,COLLECT,12.9694676816,77.6495953377,No,NONE,No,0.02
TXN000568,16780,PAY,user016@okbank,2026,2,18/02/26,15:23:00,MER0055,IN_APP,13.0569326921,77.652741358,No,NONE,No,0.24
TXN002856,26876,PAY,user025@okbank,2026,1,13/01/26,2:34:00,MER0168,QR,13.0083114572,77.6045272483,No,NONE,No,0.29
TXN001982,22913,PAY,user018@okbank,2026,2,14/02/26,21:11:00,MER0012,COLLECT,13.026741092,77.5941044597,No,NONE,No,0.15
TXN002042,1393,PAY,user013@okbank,2026,5,26/05/26,10:56:00,MER0003,IN_APP,12.9143060853,77.6135770706,No,NONE,No,0.23
TXN002917,22241,PAY,user018@okbank,2026,1,09/01/26,6:54:00,MER0017,IN_APP,13.0249535308,77.555215106,No,NONE,No,0.15
TXN002695,13988,PAY,user012@okbank,2026,6,14/06/26,10:04:00,MER0101,VPA,12.9734967784,77.6237813701,No,NONE,No,0.22
TXN000401,20757,PAY,user021@okbank,2026,3,10/03/26,7:37:00,MER0124,INTENT,13.011871893,77.5983994116,No,NONE,No,0.35
TXN003660,5377,PAY,user036@okbank,2026,6,06/06/26,3:28:00,MER0122,VPA,12.980792158,77.5184735767,No,NONE,No,0.43
TXN002886,31585,PAY,user042@okbank,2026,6,07/06/26,19:01:00,MER0189,INTENT,12.930686886,77.6084479637,No,NONE,No,0.42
TXN003694,1542,PAY,user018@okbank,2026,2,01/02/26,5:19:00,MER0110,IN_APP,13.0407910618,77.6300191902,No,NONE,No,0.24
TXN004956,12520,PAY,user015@okbank,2026,6,23/06/26,11:41:00,MER0036,QR,12.8947501796,77.6017218714,No,NONE,No,0.17
TXN001630,18645,PAY,user033@okbank,2026,2,04/02/26,9:09:00,MER0063,QR,12.992687257,77.5344946785,No,NONE,No,0.31
TXN003970,28954,PAY,user044@okbank,2026,3,14/03/26,15:11:00,MER0003,MOBILE,12.8978208349,77.658478551,No,NONE,No,0.37
TXN001790,4027,PAY,user018@okbank,2026,4,24/04/26,13:36:00,MER0098,ACCOUNT_IFSC,13.0744420825,77.6117340516,No,NONE,No,0.49
TXN001552,29474,PAY,user030@okbank,2026,1,12/01/26,1:25:00,MER0086,ACCOUNT_IFSC,13.0400791229,77.6416071292,No,NONE,No,0.35
TXN003155,21862,PAY,user022@okbank,2026,5,21/05/26,14:22:00,MER0037,IN_APP,12.9385187678,77.5594669479,No,NONE,No,0.39
TXN004765,13217,PAY,user043@okbank,2026,3,12/03/26,11:56:00,MER0122,INTENT,12.9209044261,77.573623602,No,NONE,No,0.27
TXN001763,100,PAY,user047@okbank,2026,5,25/05/26,7:54:00,MER0079,INTENT,12.9927373399,77.5673517314,No,NONE,No,0.15
TXN000164,83378,PAY,user022@okbank,2026,6,04/06/26,4:27:00,MER0161,VPA,13.0076813386,77.6539899708,Yes,TEST_THEN_DRAIN,Yes,0.89
TXN000723,100,PAY,user046@okbank,2026,2,20/02/26,14:52:00,MER0178,VPA,13.0891664496,77.6133965298,No,NONE,No,0.3
TXN000581,23834,PAY,user030@okbank,2026,1,21/01/26,19:58:00,MER0062,QR,12.9339999221,77.6337822921,No,NONE,No,0.34
TXN002171,100,PAY,user014@okbank,2026,5,11/05/26,1:22:00,MER0071,INTENT,13.0826332775,77.527927881,No,NONE,No,0.18
TXN004669,16443,PAY,user025@okbank,2026,5,19/05/26,0:31:00,MER0128,INTENT,12.9890089054,77.4866119018,No,NONE,No,0.03
TXN000945,14704,PAY,user002@okbank,2026,1,16/01/26,22:07:00,MER0056,MANDATE,12.9879244133,77.6193546442,No,NONE,No,0.34
TXN002610,27058,PAY,user049@okbank,2026,4,04/04/26,4:32:00,MER0064,MANDATE,12.9282326291,77.5966677441,No,NONE,No,0.29
TXN002059,1489,PAY,user034@okbank,2026,5,28/05/26,9:26:00,MER0145,MANDATE,13.0630961276,77.5583781791,No,NONE,No,0.55
TXN002003,3626,PAY,user002@okbank,2026,5,06/05/26,19:22:00,MER0134,MANDATE,12.9154005043,77.5677137602,No,NONE,No,0.54
TXN003454,20882,PAY,user007@okbank,2026,5,13/05/26,12:18:00,MER0060,QR,12.9966949624,77.5982932039,No,NONE,No,0.36
TXN000665,1677,PAY,user033@okbank,2026,6,11/06/26,10:28:00,MER0121,IN_APP,13.0135540913,77.6160900473,No,NONE,No,0.47
TXN003662,19596,PAY,user022@okbank,2026,2,09/02/26,0:30:00,MER0187,MANDATE,12.9621516364,77.6157337037,No,NONE,No,0.3
TXN003585,6109,PAY,user029@okbank,2026,2,12/02/26,7:45:00,MER0058,MOBILE,13.0802487218,77.5778685732,No,NONE,No,0.32
TXN004905,11547,PAY,user040@okbank,2026,2,01/02/26,12:28:00,MER0191,MOBILE,12.9574674458,77.4630460637,No,NONE,No,0.38
TXN003769,100,PAY,user046@okbank,2026,5,06/05/26,2:10:00,MER0113,INTENT,12.9821328734,77.5634095424,No,NONE,No,0.32
TXN001792,8657,PAY,user010@okbank,2026,1,08/01/26,22:56:00,MER0041,COLLECT,12.9221326009,77.6199029536,No,NONE,No,0.48
TXN001242,12918,PAY,user009@okbank,2026,1,22/01/26,16:20:00,MER0163,IN_APP,12.9714338465,77.6047937265,No,NONE,No,0.36
TXN003419,5565,PAY,user030@okbank,2026,2,24/02/26,17:29:00,MER0198,QR,12.8709269608,77.5918902719,No,NONE,No,0.13
TXN003418,12949,PAY,user007@okbank,2026,6,21/06/26,19:18:00,MER0062,COLLECT,13.0219150769,77.7203997774,No,NONE,No,0.47
TXN001775,12013,PAY,user021@okbank,2026,2,19/02/26,3:23:00,MER0072,MANDATE,12.9771616792,77.5774577735,No,NONE,No,0.32
TXN000130,26647,PAY,user027@okbank,2026,5,02/05/26,9:37:00,MER0178,VPA,12.9587696851,77.6063868314,No,COLLECT_REQUEST_FRAUD,Yes,0.66
TXN001789,26619,PAY,user047@okbank,2026,3,12/03/26,11:19:00,MER0063,QR,12.9523859905,77.6395824504,No,NONE,No,0.14
TXN002012,22334,PAY,user010@okbank,2026,1,24/01/26,5:08:00,MER0034,VPA,12.9896790177,77.4812752281,No,NONE,No,0.37
TXN001814,16138,PAY,user028@okbank,2026,3,27/03/26,7:49:00,MER0104,QR,12.994937864,77.6373323298,No,NONE,No,0.26
TXN004281,19802,PAY,user045@okbank,2026,2,20/02/26,11:17:00,MER0071,MANDATE,12.9808675905,77.5746098037,No,NONE,No,0.4
TXN003672,23972,PAY,user043@okbank,2026,3,07/03/26,10:23:00,MER0132,IN_APP,12.944190964,77.5297052125,No,NONE,No,0.37
TXN002749,21620,PAY,user009@okbank,2026,4,22/04/26,10:34:00,MER0081,MOBILE,13.0151718513,77.6612978347,No,NONE,No,0.4
TXN002714,28303,PAY,user031@okbank,2026,2,21/02/26,4:00:00,MER0069,INTENT,12.9712723722,77.6372817704,No,NONE,No,0.27
TXN000166,107166,PAY,user030@okbank,2026,1,05/01/26,20:49:00,MER0101,COLLECT,12.958306056,77.5795644536,No,TASK_SCAM,Yes,0.8
TXN003542,12752,PAY,user038@okbank,2026,4,26/04/26,9:31:00,MER0169,IN_APP,12.9268592035,77.6047160929,No,NONE,No,0.02
TXN000289,12705,PAY,user031@okbank,2026,5,06/05/26,2:42:00,MER0054,QR,12.9407403701,77.6409383074,No,NONE,No,0.23
TXN003045,10416,PAY,user033@okbank,2026,6,24/06/26,5:37:00,MER0121,ACCOUNT_IFSC,12.9018494976,77.5391425632,No,NONE,No,0.18
TXN001387,15480,PAY,user028@okbank,2026,4,04/04/26,6:22:00,MER0116,VPA,13.0140933906,77.5567080733,No,NONE,No,0.56
TXN004314,24452,PAY,user037@okbank,2026,2,28/02/26,6:21:00,MER0065,MOBILE,12.9997136842,77.5741984633,No,NONE,No,0.38
TXN004795,3668,PAY,user003@okbank,2026,2,16/02/26,16:42:00,MER0164,ACCOUNT_IFSC,13.0090938073,77.5668202384,No,NONE,No,0.21
TXN003460,22220,PAY,user034@okbank,2026,4,28/04/26,21:30:00,MER0187,INTENT,12.9356776366,77.5826006252,No,NONE,No,0.25
TXN002887,8808,PAY,user033@okbank,2026,3,18/03/26,20:59:00,MER0012,MANDATE,12.9604634376,77.6468299098,No,NONE,No,0.19
TXN000914,21113,PAY,user002@okbank,2026,6,01/06/26,18:30:00,MER0169,QR,12.9700545018,77.7229907605,No,NONE,No,0.35
TXN003837,24714,PAY,user033@okbank,2026,5,16/05/26,15:15:00,MER0015,MANDATE,12.9448203656,77.6251727856,No,NONE,No,0.19
TXN002826,29895,PAY,user022@okbank,2026,1,05/01/26,9:53:00,MER0153,INTENT,12.9227451772,77.5690198237,No,NONE,No,0.37
TXN000628,29000,PAY,user048@okbank,2026,3,04/03/26,10:12:00,MER0021,MANDATE,12.8514367821,77.518430258,No,NONE,No,0.52
TXN003982,20917,PAY,user010@okbank,2026,5,18/05/26,15:12:00,MER0118,MANDATE,12.9743014276,77.5917420762,No,NONE,No,0.2
TXN001780,12970,PAY,user005@okbank,2026,3,25/03/26,22:45:00,MER0141,QR,13.0104849317,77.4977566839,No,NONE,No,0.19
TXN002058,23247,PAY,user030@okbank,2026,4,19/04/26,23:13:00,MER0087,MOBILE,13.0079014206,77.620279909,No,NONE,No,0.29
TXN003995,5420,PAY,user017@okbank,2026,4,12/04/26,18:28:00,MER0055,MANDATE,12.9467893497,77.5914053156,No,NONE,No,0.31
TXN001022,8085,PAY,user039@okbank,2026,6,04/06/26,4:23:00,MER0175,ACCOUNT_IFSC,12.9050069539,77.646966223,No,NONE,No,0.35
TXN004888,35636,PAY,user005@okbank,2026,5,19/05/26,4:03:00,MER0014,MANDATE,12.9247592139,77.5607946362,No,NONE,No,0.08
TXN002945,21964,PAY,user028@okbank,2026,1,18/01/26,14:35:00,MER0093,INTENT,12.9760685417,77.6165301686,No,NONE,No,0.09
TXN000569,14483,PAY,user025@okbank,2026,4,09/04/26,7:18:00,MER0189,VPA,12.9466231326,77.5869924838,No,NONE,No,0.34
TXN003835,18013,PAY,user005@okbank,2026,2,01/02/26,11:14:00,MER0192,MANDATE,12.9504371501,77.5581407992,No,NONE,No,0.22
TXN000969,13114,PAY,user004@okbank,2026,5,07/05/26,21:11:00,MER0134,MOBILE,13.0524467313,77.6329481135,No,NONE,No,0.15
TXN001258,15798,PAY,user002@okbank,2026,1,16/01/26,8:04:00,MER0008,IN_APP,13.0283228261,77.5444485817,No,NONE,No,0.23
TXN001540,6409,PAY,user013@okbank,2026,1,16/01/26,11:13:00,MER0111,VPA,12.9200643997,77.6162963216,No,NONE,No,0.33
TXN002907,7252,PAY,user002@okbank,2026,4,16/04/26,12:23:00,MER0169,IN_APP,13.043861913,77.6426188073,No,NONE,No,0.09
TXN004188,9010,PAY,user027@okbank,2026,2,14/02/26,17:23:00,MER0108,INTENT,12.9459443886,77.5919718284,No,NONE,No,0.38
TXN002491,11876,PAY,user041@okbank,2026,3,17/03/26,3:01:00,MER0172,MOBILE,12.9642236003,77.5674892497,No,NONE,No,0.17
TXN004737,12003,PAY,user033@okbank,2026,1,17/01/26,6:59:00,MER0129,QR,13.0604554389,77.5683637418,No,NONE,No,0.26
TXN004005,21089,PAY,user022@okbank,2026,6,15/06/26,12:51:00,MER0139,VPA,13.0182483319,77.5394207083,No,NONE,No,0.55
TXN001036,6341,PAY,user014@okbank,2026,4,28/04/26,2:35:00,MER0109,MANDATE,12.9387602517,77.6400691611,No,NONE,No,0.17
TXN002624,23877,PAY,user045@okbank,2026,3,25/03/26,17:49:00,MER0143,MANDATE,12.9497928367,77.5656077689,No,NONE,No,0.19
TXN001113,19627,PAY,user021@okbank,2026,1,22/01/26,0:36:00,MER0011,COLLECT,12.9584608067,77.6076357283,No,NONE,No,0.48
TXN001282,14939,PAY,user046@okbank,2026,6,06/06/26,6:09:00,MER0178,INTENT,13.0108816265,77.6552968448,No,NONE,No,0.38
TXN001737,33636,PAY,user005@okbank,2026,6,19/06/26,4:33:00,MER0191,IN_APP,12.9292756739,77.5363394659,No,NONE,No,0.53
TXN000505,9354,PAY,user022@okbank,2026,5,14/05/26,6:31:00,MER0133,QR,12.8969399637,77.6304667832,No,NONE,No,0.34
TXN001116,25872,PAY,user014@okbank,2026,5,23/05/26,5:40:00,MER0156,MANDATE,13.0491570712,77.6387757411,No,NONE,No,0.24
TXN002316,18862,PAY,user045@okbank,2026,3,12/03/26,21:30:00,MER0083,VPA,12.9009994073,77.6192692135,No,NONE,No,0.19
TXN004443,18765,PAY,user016@okbank,2026,4,18/04/26,16:23:00,MER0094,MOBILE,13.0327815615,77.5251033197,No,NONE,No,0.35
TXN004309,17214,PAY,user045@okbank,2026,1,09/01/26,13:59:00,MER0050,QR,12.9286156432,77.5731431684,No,NONE,No,0.23
TXN003810,5586,PAY,user027@okbank,2026,6,22/06/26,16:08:00,MER0031,MOBILE,12.9755957969,77.5764960172,No,NONE,No,0.08
TXN004716,100,PAY,user004@okbank,2026,3,21/03/26,3:40:00,MER0098,ACCOUNT_IFSC,12.9133801413,77.6217775048,No,NONE,No,0.26
TXN000123,114217,PAY,user047@okbank,2026,3,17/03/26,21:12:00,MER0200,MOBILE,12.9063146515,77.5001144762,No,QR_DECEPTION,Yes,0.51
TXN000924,18288,PAY,user002@okbank,2026,1,01/01/26,9:04:00,MER0080,ACCOUNT_IFSC,12.9724095606,77.5593918851,No,NONE,No,0.28
TXN000208,81496,PAY,user017@okbank,2026,2,13/02/26,3:56:00,MER0010,COLLECT,12.9903560052,77.5673511469,No,MANDATE_FRAUD,Yes,0.85
TXN004940,16130,PAY,user037@okbank,2026,1,05/01/26,13:28:00,MER0110,COLLECT,12.9455018161,77.5999577642,No,NONE,No,0.23
TXN004757,26804,PAY,user028@okbank,2026,2,12/02/26,9:35:00,MER0115,COLLECT,12.9075375135,77.6256515537,No,NONE,No,0.11
TXN002116,23205,PAY,user043@okbank,2026,4,11/04/26,9:28:00,MER0123,IN_APP,12.8759861604,77.5623362411,No,NONE,No,0.35
TXN004560,24115,PAY,user019@okbank,2026,3,28/03/26,6:07:00,MER0007,MANDATE,12.9905981172,77.6449309788,No,NONE,No,0.43
TXN004899,15158,PAY,user010@okbank,2026,5,15/05/26,9:38:00,MER0112,ACCOUNT_IFSC,12.9161332161,77.5499804127,No,NONE,No,0.43
TXN001914,18281,PAY,user040@okbank,2026,4,15/04/26,13:14:00,MER0155,INTENT,12.9416252818,77.5333938752,No,NONE,No,0.17
TXN002243,36402,PAY,user037@okbank,2026,5,26/05/26,11:58:00,MER0025,QR,13.0142335315,77.6602473842,No,NONE,No,0.25
TXN003924,3713,PAY,user002@okbank,2026,6,03/06/26,9:39:00,MER0050,COLLECT,12.9731115326,77.6369862349,No,NONE,No,0.2
TXN000875,23811,PAY,user026@okbank,2026,6,13/06/26,1:40:00,MER0096,COLLECT,12.9458502918,77.6060017739,No,NONE,No,0.54
TXN000880,28866,PAY,user017@okbank,2026,3,07/03/26,12:19:00,MER0115,QR,12.8787722129,77.6530794652,No,NONE,No,0.39
TXN000005,33236,PAY,user033@okbank,2026,5,25/05/26,7:15:00,MER0119,QR,12.9476071492,77.6151722634,No,REMOTE_ACCESS_FRAUD,Yes,0.98
TXN004662,32873,PAY,user048@okbank,2026,3,09/03/26,4:11:00,MER0078,ACCOUNT_IFSC,12.9284326741,77.6365956584,No,NONE,No,0.29
TXN001005,323,PAY,user036@okbank,2026,2,12/02/26,1:47:00,MER0042,QR,13.0067020733,77.5917040245,No,NONE,No,0.27
TXN000782,16271,PAY,user009@okbank,2026,5,18/05/26,0:14:00,MER0165,COLLECT,12.9613135251,77.6203667663,No,NONE,No,0.23
TXN001532,28198,PAY,user003@okbank,2026,5,26/05/26,19:03:00,MER0041,ACCOUNT_IFSC,12.9876155864,77.5340006715,No,NONE,No,0.09
TXN002967,23620,PAY,user024@okbank,2026,2,09/02/26,12:43:00,MER0179,IN_APP,12.9638529615,77.6369896179,No,NONE,No,0.13
TXN000493,32949,PAY,user018@okbank,2026,1,23/01/26,3:50:00,MER0019,MANDATE,12.8806736171,77.6960048002,No,NONE,No,0.12
TXN000311,11567,PAY,user023@okbank,2026,1,09/01/26,2:57:00,MER0018,QR,12.8731990443,77.6772589967,No,NONE,No,0.49
TXN001211,16810,PAY,user022@okbank,2026,1,21/01/26,19:20:00,MER0112,VPA,13.0299249231,77.5838838469,No,NONE,No,0.51
TXN004835,15924,PAY,user044@okbank,2026,6,14/06/26,10:24:00,MER0079,COLLECT,12.9587896226,77.4862115246,No,NONE,No,0.34
TXN000279,2126,PAY,user028@okbank,2026,5,12/05/26,18:37:00,MER0180,MOBILE,13.0446741102,77.5826924745,No,NONE,No,0.31
TXN000350,21775,PAY,user030@okbank,2026,5,22/05/26,4:24:00,MER0150,IN_APP,13.0571894187,77.7092482223,No,NONE,No,0.18
TXN001494,17909,PAY,user001@okbank,2026,2,23/02/26,23:03:00,MER0144,QR,12.9544564011,77.5782503882,No,NONE,No,0.38
TXN001291,7851,PAY,user006@okbank,2026,6,07/06/26,5:19:00,MER0139,VPA,12.9891008168,77.6116393877,No,NONE,No,0.45
TXN004094,16081,PAY,user028@okbank,2026,4,21/04/26,20:50:00,MER0097,MOBILE,12.9165748727,77.4822296994,No,NONE,No,0.13
TXN001894,24184,PAY,user016@okbank,2026,1,28/01/26,3:21:00,MER0071,INTENT,13.0097619552,77.5501186109,No,NONE,No,0.32
TXN002651,13130,PAY,user009@okbank,2026,5,02/05/26,2:29:00,MER0033,MANDATE,12.9639036298,77.5749428192,No,NONE,No,0.07
TXN000358,21002,PAY,user046@okbank,2026,2,24/02/26,16:37:00,MER0143,VPA,12.922940387,77.638763349,No,NONE,No,0.43
TXN000597,31886,PAY,user003@okbank,2026,2,05/02/26,23:56:00,MER0186,INTENT,12.9781533074,77.6101775713,No,NONE,No,0.17
TXN001492,15037,PAY,user021@okbank,2026,1,02/01/26,3:02:00,MER0132,MANDATE,12.9751234822,77.6302414013,No,NONE,No,0.19
TXN000703,2890,PAY,user048@okbank,2026,1,15/01/26,6:41:00,MER0037,COLLECT,13.0082411798,77.6426560274,No,NONE,No,0.4
TXN002906,11424,PAY,user016@okbank,2026,5,23/05/26,4:07:00,MER0069,COLLECT,12.9713349229,77.6134789143,No,NONE,No,0.41
TXN000450,9044,PAY,user035@okbank,2026,5,17/05/26,4:57:00,MER0135,QR,12.9413979391,77.6627183906,No,NONE,No,0.13
TXN000777,100,PAY,user018@okbank,2026,5,19/05/26,2:26:00,MER0045,MOBILE,12.9771664159,77.6063739056,No,NONE,No,0.3
TXN002563,6627,PAY,user012@okbank,2026,5,14/05/26,5:53:00,MER0182,COLLECT,12.8680355386,77.6406309406,No,NONE,No,0.12
TXN002487,6577,PAY,user045@okbank,2026,2,01/02/26,15:51:00,MER0026,VPA,12.8546103288,77.6460162357,No,NONE,No,0.44
TXN001176,27684,PAY,user032@okbank,2026,4,01/04/26,4:25:00,MER0043,INTENT,12.9324653457,77.5715716639,No,NONE,No,0.05
TXN000368,6874,PAY,user010@okbank,2026,1,25/01/26,6:34:00,MER0060,MANDATE,12.9572962804,77.6224238142,No,NONE,No,0.33
TXN004709,21452,PAY,user044@okbank,2026,5,03/05/26,0:57:00,MER0196,ACCOUNT_IFSC,12.9132036579,77.6153207729,No,NONE,No,0.24
TXN004086,7975,PAY,user007@okbank,2026,3,03/03/26,16:55:00,MER0174,ACCOUNT_IFSC,12.9679997627,77.5772273804,No,NONE,No,0.16
TXN000816,10938,PAY,user020@okbank,2026,2,28/02/26,23:42:00,MER0157,VPA,13.0880792681,77.5575400553,No,NONE,No,0.34
TXN002899,17841,PAY,user030@okbank,2026,3,09/03/26,20:23:00,MER0128,MANDATE,13.0491195115,77.62663882,No,NONE,No,0.2
TXN000556,10834,PAY,user006@okbank,2026,6,01/06/26,9:14:00,MER0021,QR,13.0082967174,77.589145352,No,NONE,No,0.03
TXN003138,13656,PAY,user023@okbank,2026,4,18/04/26,23:06:00,MER0001,IN_APP,12.9288009579,77.5703846061,No,NONE,No,0.02
TXN004146,13151,PAY,user023@okbank,2026,5,20/05/26,7:54:00,MER0167,QR,12.9769850851,77.6378291441,No,NONE,No,0.46
TXN003187,8020,PAY,user019@okbank,2026,3,01/03/26,17:57:00,MER0037,ACCOUNT_IFSC,12.945527805,77.5401859683,No,NONE,No,0.24
TXN000908,13628,PAY,user020@okbank,2026,3,19/03/26,6:25:00,MER0018,VPA,13.0752309289,77.6141773038,No,NONE,No,0.42
TXN000362,9611,PAY,user004@okbank,2026,2,25/02/26,1:10:00,MER0160,ACCOUNT_IFSC,12.9224718629,77.5547763293,Yes,NONE,No,0.15
TXN002976,16519,PAY,user023@okbank,2026,3,19/03/26,9:11:00,MER0055,MANDATE,12.8857105472,77.645148727,No,NONE,No,0.22
TXN000107,76099,PAY,user041@okbank,2026,2,05/02/26,7:48:00,MER0198,COLLECT,12.8891119684,77.5732173827,No,QR_DECEPTION,Yes,0.62
TXN002095,19801,PAY,user019@okbank,2026,1,07/01/26,10:25:00,MER0193,IN_APP,12.9987234378,77.5746744292,No,NONE,No,0.38
TXN001813,5258,PAY,user037@okbank,2026,2,09/02/26,15:55:00,MER0098,ACCOUNT_IFSC,13.0522783778,77.5239039825,No,NONE,No,0.19
TXN003888,19335,PAY,user009@okbank,2026,2,19/02/26,12:39:00,MER0056,IN_APP,12.9440354091,77.6223684037,No,NONE,No,0.04
TXN000840,21674,PAY,user006@okbank,2026,1,19/01/26,2:56:00,MER0100,COLLECT,13.0907468432,77.5997302629,No,NONE,No,0.45
TXN002666,19977,PAY,user049@okbank,2026,1,05/01/26,22:59:00,MER0176,VPA,12.9315437556,77.5465554783,No,NONE,No,0.12
TXN001759,5884,PAY,user036@okbank,2026,6,01/06/26,5:25:00,MER0046,VPA,12.9663716818,77.6334484784,No,NONE,No,0.22
TXN001069,26402,PAY,user026@okbank,2026,1,25/01/26,10:12:00,MER0020,COLLECT,13.0009337801,77.641248162,No,NONE,No,0.46
TXN001729,28099,PAY,user008@okbank,2026,2,18/02/26,18:38:00,MER0188,QR,12.9421287447,77.6176022882,No,NONE,No,0.22
TXN000977,100,PAY,user026@okbank,2026,1,26/01/26,9:45:00,MER0192,VPA,12.9881017453,77.632709756,No,NONE,No,0.32
TXN004456,16552,PAY,user007@okbank,2026,6,03/06/26,1:31:00,MER0068,VPA,12.9964955107,77.6875227098,No,NONE,No,0.5
TXN003674,11404,PAY,user035@okbank,2026,6,12/06/26,9:41:00,MER0145,INTENT,12.9139976415,77.6155335925,No,NONE,No,0.09
TXN000761,13946,PAY,user033@okbank,2026,2,20/02/26,21:36:00,MER0001,VPA,12.9638153657,77.6110589824,No,NONE,No,0.11
TXN003079,21250,PAY,user029@okbank,2026,6,06/06/26,16:16:00,MER0093,COLLECT,12.9075257483,77.6336031799,No,NONE,No,0.3
TXN003693,25974,PAY,user030@okbank,2026,1,06/01/26,7:26:00,MER0059,IN_APP,13.0571761649,77.6941819955,No,NONE,No,0.4
TXN001163,14988,PAY,user028@okbank,2026,4,13/04/26,16:54:00,MER0055,IN_APP,13.0120922078,77.6333065608,No,NONE,No,0.15
TXN004980,49064,PAY,user009@okbank,2026,1,20/01/26,15:41:00,MER0162,COLLECT,12.9729844076,77.5241461855,No,NONE,No,0.18
TXN003767,789,PAY,user034@okbank,2026,2,06/02/26,1:11:00,MER0067,ACCOUNT_IFSC,12.9090819336,77.5849980529,No,NONE,No,0.4
TXN000233,43711,PAY,user033@okbank,2026,2,28/02/26,21:06:00,MER0002,MOBILE,13.0003603914,77.6446570875,No,COLLECT_REQUEST_FRAUD,Yes,0.73
TXN004248,16340,PAY,user047@okbank,2026,5,12/05/26,15:58:00,MER0154,INTENT,12.9305275422,77.5441750787,No,NONE,No,0.31
TXN003258,22571,PAY,user019@okbank,2026,2,14/02/26,19:47:00,MER0172,IN_APP,12.9493789385,77.6243930078,No,NONE,No,0.19
TXN000485,32743,PAY,user045@okbank,2026,3,25/03/26,23:50:00,MER0179,IN_APP,12.9097317361,77.5674897093,No,NONE,No,0.18
TXN002686,11894,PAY,user003@okbank,2026,2,16/02/26,5:07:00,MER0105,COLLECT,12.9839294985,77.6142848495,No,NONE,No,0.27
TXN002862,12637,PAY,user005@okbank,2026,3,22/03/26,21:23:00,MER0048,MOBILE,13.0553721147,77.6462259652,No,NONE,No,0.12
TXN003266,1491,PAY,user030@okbank,2026,3,13/03/26,4:01:00,MER0010,MANDATE,12.9490025457,77.5908634583,No,NONE,No,0.42
TXN001028,24200,PAY,user033@okbank,2026,6,07/06/26,21:16:00,MER0169,VPA,12.981939216,77.5621921569,No,NONE,No,0.35
TXN000409,23930,PAY,user043@okbank,2026,6,27/06/26,12:27:00,MER0065,INTENT,12.9383526707,77.5779169585,No,NONE,No,0.35
TXN004756,15991,PAY,user038@okbank,2026,4,24/04/26,19:17:00,MER0147,VPA,13.0128386862,77.5482152647,No,NONE,No,0.31
TXN004150,10233,PAY,user048@okbank,2026,6,06/06/26,15:43:00,MER0060,QR,13.0581191373,77.5533177937,No,NONE,No,0.44
TXN001666,21130,PAY,user015@okbank,2026,4,07/04/26,19:38:00,MER0015,VPA,12.86496392,77.5955122827,Yes,NONE,No,0.23
TXN001836,15091,PAY,user049@okbank,2026,2,13/02/26,13:17:00,MER0050,MOBILE,13.016963055,77.7264387069,No,NONE,No,0.2
TXN001251,13437,PAY,user023@okbank,2026,4,15/04/26,19:55:00,MER0196,VPA,12.9544587931,77.5697164715,No,NONE,No,0.28
TXN003086,10724,PAY,user040@okbank,2026,3,16/03/26,2:06:00,MER0039,ACCOUNT_IFSC,12.8885341124,77.5899881798,No,NONE,No,0.34
TXN000093,80636,PAY,user042@okbank,2026,2,22/02/26,2:40:00,MER0075,ACCOUNT_IFSC,12.983009624,77.5699896147,No,MANDATE_FRAUD,Yes,0.66
TXN001751,11406,PAY,user045@okbank,2026,2,12/02/26,9:32:00,MER0040,ACCOUNT_IFSC,12.9921911003,77.584442495,No,NONE,No,0.25
TXN004222,18209,PAY,user014@okbank,2026,1,27/01/26,18:26:00,MER0147,ACCOUNT_IFSC,12.9790689145,77.4908053686,No,NONE,No,0.08
TXN003597,19563,PAY,user039@okbank,2026,4,14/04/26,22:11:00,MER0171,MOBILE,12.9704049426,77.5677758824,No,NONE,No,0.26
TXN003695,6253,PAY,user033@okbank,2026,3,10/03/26,6:16:00,MER0017,QR,12.8929262932,77.5906707161,No,NONE,No,0.21
TXN001942,10293,PAY,user005@okbank,2026,3,24/03/26,14:34:00,MER0025,INTENT,12.9473066976,77.6321324877,No,NONE,No,0.22
TXN002573,21294,PAY,user006@okbank,2026,4,28/04/26,22:47:00,MER0124,COLLECT,13.0372211915,77.5472123592,No,NONE,No,0.38
TXN003818,37364,PAY,user005@okbank,2026,5,08/05/26,9:01:00,MER0033,INTENT,12.9646424277,77.5932234417,No,NONE,No,0.37
TXN002255,4648,PAY,user042@okbank,2026,2,14/02/26,20:55:00,MER0024,QR,12.9284269923,77.5936599114,No,NONE,No,0.41
TXN002720,7448,PAY,user011@okbank,2026,5,07/05/26,4:42:00,MER0067,COLLECT,12.9448677554,77.7099289292,No,NONE,No,0.22
TXN003398,5019,PAY,user048@okbank,2026,4,02/04/26,11:12:00,MER0026,MOBILE,12.9509979593,77.6672126102,No,NONE,No,0.27
TXN004697,30815,PAY,user037@okbank,2026,2,14/02/26,23:27:00,MER0089,IN_APP,12.9111033805,77.6018135714,No,NONE,No,0.16
TXN004915,24316,PAY,user011@okbank,2026,2,18/02/26,15:31:00,MER0146,MANDATE,13.0095177143,77.5864987893,No,NONE,No,0.34
TXN003173,13645,PAY,user049@okbank,2026,3,13/03/26,22:17:00,MER0027,COLLECT,12.9104857453,77.5035688419,No,NONE,No,0.28
TXN003083,20956,PAY,user026@okbank,2026,3,19/03/26,23:56:00,MER0003,IN_APP,12.9688091548,77.7092606228,No,NONE,No,0.33
TXN002788,20309,PAY,user042@okbank,2026,1,03/01/26,2:24:00,MER0174,MOBILE,12.9267186021,77.4889441725,No,NONE,No,0.41
TXN002606,19400,PAY,user049@okbank,2026,2,26/02/26,5:28:00,MER0122,ACCOUNT_IFSC,12.8710481089,77.6060274777,No,NONE,No,0.25
TXN001878,33459,PAY,user041@okbank,2026,5,28/05/26,19:07:00,MER0028,MOBILE,12.9824795213,77.546073319,No,NONE,No,0.17
TXN002173,6433,PAY,user028@okbank,2026,2,13/02/26,21:57:00,MER0164,QR,12.9873306731,77.4721519404,No,NONE,No,0.22
TXN001154,13145,PAY,user017@okbank,2026,1,11/01/26,16:06:00,MER0022,VPA,12.9468189501,77.6366508905,No,NONE,No,0.22
TXN004655,25053,PAY,user011@okbank,2026,4,28/04/26,1:39:00,MER0171,QR,13.07611643,77.5763512943,No,NONE,No,0.34
TXN002492,3412,PAY,user019@okbank,2026,2,04/02/26,11:39:00,MER0149,MANDATE,13.035905355,77.559002721,No,NONE,No,0.22
TXN002293,15512,PAY,user034@okbank,2026,5,13/05/26,11:18:00,MER0137,MOBILE,13.0898087715,77.5733532962,No,NONE,No,0.45
TXN000794,13124,PAY,user044@okbank,2026,1,06/01/26,8:36:00,MER0123,INTENT,12.9179954589,77.5775870032,No,NONE,No,0.26
TXN002644,23666,PAY,user015@okbank,2026,5,06/05/26,6:59:00,MER0010,IN_APP,12.9797854367,77.6127290631,No,NONE,No,0.34
TXN004828,7801,PAY,user015@okbank,2026,6,02/06/26,18:18:00,MER0080,QR,13.0171320575,77.5123324336,No,NONE,No,0.31
TXN003960,26120,PAY,user038@okbank,2026,4,28/04/26,6:15:00,MER0159,ACCOUNT_IFSC,13.0230087531,77.5880705612,No,NONE,No,0.14
TXN000683,17693,PAY,user027@okbank,2026,1,05/01/26,7:03:00,MER0082,QR,12.930832133,77.6484713568,No,NONE,No,0.34
TXN004666,2849,PAY,user010@okbank,2026,5,03/05/26,3:48:00,MER0004,MANDATE,12.9465854718,77.6010004304,No,NONE,No,0.47
TXN001170,17343,PAY,user017@okbank,2026,5,20/05/26,20:55:00,MER0121,MOBILE,12.9584689929,77.5863892649,No,NONE,No,0.18
TXN001711,13662,PAY,user044@okbank,2026,1,28/01/26,0:50:00,MER0136,INTENT,12.9596102513,77.6223620613,No,NONE,No,0.36
TXN002122,33833,PAY,user007@okbank,2026,3,28/03/26,23:33:00,MER0161,QR,12.8959419753,77.597584983,No,NONE,No,0.15
TXN000609,3566,PAY,user036@okbank,2026,2,21/02/26,9:24:00,MER0075,COLLECT,13.0851707131,77.5473186213,No,NONE,No,0.02
TXN002865,37374,PAY,user009@okbank,2026,2,28/02/26,2:53:00,MER0049,COLLECT,12.9618144888,77.6744149711,No,NONE,No,0.16
TXN002336,25311,PAY,user050@okbank,2026,2,06/02/26,19:21:00,MER0120,IN_APP,12.942536355,77.4981112849,No,NONE,No,0.33
TXN003944,12968,PAY,user025@okbank,2026,5,01/05/26,13:37:00,MER0167,INTENT,12.9971514771,77.6153310183,No,NONE,No,0.28
TXN002596,19533,PAY,user048@okbank,2026,6,09/06/26,10:59:00,MER0071,IN_APP,13.0409893829,77.6043309728,No,NONE,No,0.34
TXN000304,8884,PAY,user005@okbank,2026,2,08/02/26,8:06:00,MER0195,INTENT,12.9606691207,77.7296773648,No,NONE,No,0.21
TXN000852,4395,PAY,user008@okbank,2026,6,14/06/26,6:11:00,MER0146,QR,13.0285604015,77.6035650332,No,NONE,No,0.4
TXN004263,16377,PAY,user010@okbank,2026,5,20/05/26,6:53:00,MER0177,VPA,12.9336845273,77.595450018,No,NONE,No,0.17
TXN004008,13421,PAY,user017@okbank,2026,4,24/04/26,5:53:00,MER0117,IN_APP,12.9758202402,77.6433701251,No,NONE,No,0.11
TXN003153,13961,PAY,user030@okbank,2026,3,05/03/26,9:39:00,MER0012,IN_APP,12.9333282431,77.5906264575,No,NONE,No,0.26
TXN001188,8595,PAY,user002@okbank,2026,4,03/04/26,18:15:00,MER0043,IN_APP,12.9678180574,77.5687434695,No,NONE,No,0.11
TXN004570,10134,PAY,user017@okbank,2026,2,17/02/26,13:54:00,MER0105,MANDATE,12.9294489079,77.560079428,No,NONE,No,0.28
TXN003785,17885,PAY,user011@okbank,2026,1,20/01/26,21:57:00,MER0078,QR,12.9173398395,77.6147563564,No,NONE,No,0.18
TXN003922,14850,PAY,user018@okbank,2026,2,27/02/26,22:34:00,MER0183,VPA,12.9684254893,77.6672047407,No,NONE,No,0.3
TXN003714,4911,PAY,user010@okbank,2026,2,21/02/26,4:25:00,MER0044,VPA,12.9655928893,77.5759775938,No,NONE,No,0.5
TXN001991,32407,PAY,user049@okbank,2026,3,03/03/26,18:06:00,MER0023,MANDATE,12.9553452963,77.5086042438,No,NONE,No,0.21
TXN001344,11635,PAY,user028@okbank,2026,4,06/04/26,11:54:00,MER0074,VPA,12.9634121751,77.5573379195,No,NONE,No,0.21
TXN003878,12156,PAY,user004@okbank,2026,3,02/03/26,22:31:00,MER0103,QR,13.032241303,77.5726457159,No,NONE,No,0.13
TXN003647,16786,PAY,user018@okbank,2026,1,13/01/26,2:19:00,MER0061,VPA,12.9321514824,77.5567665831,No,NONE,No,0.35
TXN004233,17379,PAY,user021@okbank,2026,3,24/03/26,18:51:00,MER0153,IN_APP,12.9613280771,77.663811677,No,NONE,No,0.08
TXN001567,13453,PAY,user044@okbank,2026,6,13/06/26,4:53:00,MER0072,MOBILE,12.9664105366,77.5440142317,No,NONE,No,0.03
TXN004967,10904,PAY,user040@okbank,2026,3,01/03/26,23:53:00,MER0099,MOBILE,12.9174722831,77.6733809107,No,NONE,No,0.4
TXN003448,31237,PAY,user001@okbank,2026,6,27/06/26,8:47:00,MER0038,ACCOUNT_IFSC,12.9755662642,77.5847885967,No,NONE,No,0.06
TXN001273,19757,PAY,user038@okbank,2026,1,27/01/26,2:42:00,MER0035,INTENT,12.9579194695,77.5941753706,No,NONE,No,0.47
TXN001473,9257,PAY,user014@okbank,2026,3,14/03/26,14:25:00,MER0008,MANDATE,12.9842749698,77.6184958662,No,NONE,No,0.22
TXN000268,21549,PAY,user013@okbank,2026,5,17/05/26,11:50:00,MER0165,COLLECT,12.9225555386,77.6221051907,No,NONE,No,0.18
TXN001201,21742,PAY,user045@okbank,2026,2,28/02/26,19:40:00,MER0082,MANDATE,12.8948101976,77.5195802768,No,NONE,No,0.39
TXN002137,6336,PAY,user041@okbank,2026,1,14/01/26,6:11:00,MER0142,QR,12.8777938619,77.6265817305,No,NONE,No,0.02
TXN004876,22488,PAY,user044@okbank,2026,2,27/02/26,19:37:00,MER0153,QR,13.0185137955,77.7150769836,No,NONE,No,0.44
TXN004504,6457,PAY,user012@okbank,2026,5,08/05/26,0:27:00,MER0124,MANDATE,13.0319760299,77.5894284211,No,NONE,No,0.24
TXN003816,9551,PAY,user033@okbank,2026,2,13/02/26,6:58:00,MER0124,COLLECT,12.9621229672,77.632733875,No,NONE,No,0.27
TXN001422,7242,PAY,user047@okbank,2026,5,12/05/26,8:40:00,MER0063,QR,12.9671466367,77.6261662293,No,NONE,No,0.26
TXN004017,10749,PAY,user010@okbank,2026,1,25/01/26,8:10:00,MER0186,IN_APP,12.8857361231,77.6305963856,No,NONE,No,0.48
TXN002110,13141,PAY,user031@okbank,2026,2,26/02/26,0:14:00,MER0105,MANDATE,12.9755499014,77.5802550473,No,NONE,No,0.26
TXN003059,18946,PAY,user007@okbank,2026,5,26/05/26,5:52:00,MER0085,VPA,12.9904118796,77.5979593857,No,NONE,No,0.23
TXN003799,19684,PAY,user002@okbank,2026,3,05/03/26,1:40:00,MER0167,INTENT,13.026176199,77.5273424707,No,NONE,No,0.3
TXN000999,7317,PAY,user036@okbank,2026,2,09/02/26,12:44:00,MER0057,VPA,13.0780399554,77.5906760552,No,NONE,No,0.4
TXN004332,26178,PAY,user041@okbank,2026,2,09/02/26,2:32:00,MER0019,INTENT,12.9764545168,77.4888489112,No,NONE,No,0.35
TXN004204,19637,PAY,user005@okbank,2026,2,12/02/26,10:36:00,MER0018,MOBILE,12.9636736655,77.6020898356,No,NONE,No,0.25
TXN001226,26948,PAY,user025@okbank,2026,1,28/01/26,23:24:00,MER0135,MOBILE,13.0289269338,77.6345977945,No,NONE,No,0.17
TXN001939,14634,PAY,user019@okbank,2026,5,06/05/26,14:34:00,MER0194,QR,13.0149858371,77.6084120745,No,NONE,No,0.23
TXN000455,1492,PAY,user033@okbank,2026,5,03/05/26,13:02:00,MER0120,ACCOUNT_IFSC,12.9501596049,77.6529808713,No,NONE,No,0.22
TXN002172,21378,PAY,user041@okbank,2026,3,25/03/26,0:56:00,MER0122,INTENT,13.0561797619,77.6147256512,No,NONE,No,0.19
TXN003698,19368,PAY,user016@okbank,2026,1,17/01/26,11:32:00,MER0187,VPA,13.0155814868,77.6553252578,No,NONE,No,0.46
TXN003580,21197,PAY,user036@okbank,2026,1,05/01/26,15:22:00,MER0118,INTENT,12.9890419307,77.568441508,No,NONE,No,0.51
TXN001962,26104,PAY,user023@okbank,2026,5,04/05/26,8:41:00,MER0062,MOBILE,12.9720591793,77.5743626687,No,NONE,No,0.15
TXN002654,38799,PAY,user008@okbank,2026,5,19/05/26,22:40:00,MER0014,QR,12.9508243694,77.5818441883,No,NONE,No,0.61
TXN000617,17466,PAY,user013@okbank,2026,4,16/04/26,15:48:00,MER0123,QR,13.0137134816,77.6298422422,No,NONE,No,0.14
TXN004688,100,PAY,user002@okbank,2026,5,07/05/26,11:26:00,MER0079,INTENT,12.9978265339,77.5784536231,No,NONE,No,0.33
TXN001961,100,PAY,user043@okbank,2026,5,05/05/26,17:20:00,MER0118,MANDATE,13.0965095461,77.5821072396,No,NONE,No,0.18
TXN001514,11315,PAY,user049@okbank,2026,3,18/03/26,13:43:00,MER0154,IN_APP,13.0028058146,77.6796972193,No,NONE,No,0.1
TXN004607,100,PAY,user007@okbank,2026,5,27/05/26,9:59:00,MER0088,MOBILE,13.0119160026,77.5569891662,No,NONE,No,0.11
TXN001510,12251,PAY,user026@okbank,2026,6,10/06/26,1:16:00,MER0142,IN_APP,12.9558717169,77.5437296382,No,NONE,No,0.27
TXN003736,9663,PAY,user017@okbank,2026,5,03/05/26,2:20:00,MER0158,COLLECT,13.0618592989,77.548670471,No,NONE,No,0.37
TXN001743,8278,PAY,user018@okbank,2026,2,07/02/26,0:37:00,MER0145,MOBILE,12.9242725994,77.55778644,No,NONE,No,0.28
TXN004960,19433,PAY,user048@okbank,2026,2,23/02/26,16:24:00,MER0039,QR,13.0170021094,77.5392048629,No,NONE,No,0.37
TXN001704,3901,PAY,user022@okbank,2026,5,14/05/26,13:20:00,MER0075,VPA,12.8850529738,77.5609915674,No,NONE,No,0.46
TXN003334,29609,PAY,user045@okbank,2026,1,11/01/26,6:48:00,MER0001,ACCOUNT_IFSC,12.9471129818,77.5901129793,No,NONE,No,0.19
TXN004003,17708,PAY,user031@okbank,2026,3,21/03/26,10:34:00,MER0145,MOBILE,12.9425837031,77.6095743246,No,NONE,No,0.28
TXN001879,20121,PAY,user012@okbank,2026,4,12/04/26,0:20:00,MER0130,MANDATE,12.9343192679,77.5522120949,No,NONE,No,0.26
TXN003617,22533,PAY,user017@okbank,2026,3,23/03/26,23:44:00,MER0184,INTENT,12.9773076261,77.7620517432,No,NONE,No,0.44
TXN000258,25797,PAY,user009@okbank,2026,2,16/02/26,20:47:00,MER0177,COLLECT,13.0314139571,77.4787743727,No,NONE,No,0.35
TXN002077,28604,PAY,user018@okbank,2026,5,28/05/26,19:06:00,MER0133,QR,13.060132578,77.4874473933,No,NONE,No,0.27
TXN003625,4353,PAY,user032@okbank,2026,5,11/05/26,5:53:00,MER0118,QR,12.9694106715,77.580326523,No,NONE,No,0.35
TXN001270,27346,PAY,user027@okbank,2026,6,28/06/26,21:53:00,MER0127,ACCOUNT_IFSC,13.0133741594,77.6100438219,No,NONE,No,0.21
TXN004612,22953,PAY,user048@okbank,2026,2,12/02/26,4:20:00,MER0007,INTENT,13.0019436189,77.5605662695,No,NONE,No,0.26
TXN001193,2481,PAY,user025@okbank,2026,5,19/05/26,21:16:00,MER0040,IN_APP,12.8883307268,77.5807062023,No,NONE,No,0.59
TXN002195,15615,PAY,user011@okbank,2026,3,28/03/26,14:20:00,MER0176,IN_APP,12.9201392549,77.5442818344,No,NONE,No,0.28
TXN002952,16223,PAY,user041@okbank,2026,1,21/01/26,23:18:00,MER0199,MOBILE,12.9776044679,77.5940356123,No,NONE,No,0.16
TXN001359,9614,PAY,user007@okbank,2026,1,14/01/26,2:48:00,MER0051,IN_APP,12.9220976896,77.5744367139,No,NONE,No,0.18
TXN004681,24773,PAY,user045@okbank,2026,4,06/04/26,17:07:00,MER0051,COLLECT,12.908582721,77.6420832395,No,NONE,No,0.31
TXN001918,10191,PAY,user030@okbank,2026,3,07/03/26,18:52:00,MER0151,INTENT,12.9401369404,77.5661119616,No,NONE,No,0.33
TXN001053,1553,PAY,user007@okbank,2026,3,23/03/26,8:44:00,MER0012,INTENT,12.9838277775,77.5563747156,No,NONE,No,0.41
TXN003530,34320,PAY,user040@okbank,2026,6,24/06/26,6:21:00,MER0041,MOBILE,12.9840171517,77.594857364,No,NONE,No,0.31
TXN000885,24785,PAY,user015@okbank,2026,2,07/02/26,1:55:00,MER0173,MANDATE,13.0231906315,77.6320776309,No,NONE,No,0.35
TXN002549,23339,PAY,user042@okbank,2026,6,09/06/26,13:12:00,MER0072,VPA,12.9993557742,77.6937050311,No,NONE,No,0.31
TXN002722,17902,PAY,user007@okbank,2026,3,14/03/26,20:23:00,MER0092,VPA,12.905609258,77.5622771909,No,NONE,No,0.29
TXN001229,19917,PAY,user022@okbank,2026,2,20/02/26,10:16:00,MER0145,INTENT,12.9479718155,77.5620254363,No,NONE,No,0.24
TXN004573,3252,PAY,user044@okbank,2026,4,08/04/26,14:20:00,MER0192,MOBILE,12.9392125342,77.5338492337,No,NONE,No,0.31
TXN000809,14035,PAY,user017@okbank,2026,1,06/01/26,0:36:00,MER0038,VPA,12.9554961149,77.5676420832,No,NONE,No,0.2
TXN002872,5966,PAY,user021@okbank,2026,5,17/05/26,4:34:00,MER0073,COLLECT,13.0436647994,77.5504994544,No,NONE,No,0.21
TXN001586,13818,PAY,user011@okbank,2026,2,23/02/26,10:00:00,MER0154,INTENT,12.9053494307,77.5043484993,No,NONE,No,0.06
TXN004701,19382,PAY,user050@okbank,2026,4,17/04/26,21:38:00,MER0095,ACCOUNT_IFSC,13.0022791328,77.5990094812,No,NONE,No,0.24
TXN004288,21728,PAY,user001@okbank,2026,6,26/06/26,5:53:00,MER0016,COLLECT,13.0275443599,77.6096483065,No,NONE,No,0.15
TXN004585,31094,PAY,user009@okbank,2026,3,15/03/26,16:55:00,MER0003,ACCOUNT_IFSC,12.9270728122,77.5649275268,No,NONE,No,0.26
TXN002430,16128,PAY,user009@okbank,2026,2,08/02/26,6:32:00,MER0041,COLLECT,12.8419517956,77.600247875,No,NONE,No,0.49
TXN003501,19421,PAY,user030@okbank,2026,5,23/05/26,20:59:00,MER0117,IN_APP,12.9870346674,77.537761117,No,NONE,No,0.33
TXN002474,31835,PAY,user035@okbank,2026,3,14/03/26,19:00:00,MER0144,VPA,13.0103482288,77.6559921401,No,NONE,No,0.34
TXN001788,11142,PAY,user004@okbank,2026,4,18/04/26,17:21:00,MER0153,MOBILE,12.9220635545,77.6135094181,No,NONE,No,0.19
TXN002678,29382,PAY,user013@okbank,2026,5,08/05/26,1:04:00,MER0130,IN_APP,13.0604364058,77.6664082068,No,NONE,No,0.49
TXN001493,15144,PAY,user002@okbank,2026,6,18/06/26,18:20:00,MER0128,MANDATE,12.8927977266,77.6188600136,No,NONE,No,0.36
TXN001785,9173,PAY,user038@okbank,2026,2,20/02/26,15:55:00,MER0050,QR,12.9745464413,77.6153942361,No,NONE,No,0.2
TXN003339,27800,PAY,user048@okbank,2026,3,21/03/26,3:44:00,MER0080,QR,12.9571594487,77.6178054977,No,NONE,No,0.35
TXN003752,25313,PAY,user003@okbank,2026,3,27/03/26,10:38:00,MER0063,INTENT,13.055772031,77.5942025228,No,NONE,No,0.13
TXN003517,8101,PAY,user033@okbank,2026,3,04/03/26,16:42:00,MER0140,ACCOUNT_IFSC,12.9142897112,77.6349405257,No,NONE,No,0.26
TXN001648,100,PAY,user043@okbank,2026,4,04/04/26,22:34:00,MER0180,VPA,13.0059749892,77.6699900543,No,NONE,No,0.31
TXN001215,21702,PAY,user024@okbank,2026,2,06/02/26,19:24:00,MER0170,MOBILE,13.0471426026,77.5710757834,No,NONE,No,0.18
TXN004917,6560,PAY,user028@okbank,2026,5,02/05/26,3:36:00,MER0120,INTENT,13.0281880853,77.5468077681,No,NONE,No,0.23
TXN004432,15002,PAY,user048@okbank,2026,1,28/01/26,10:20:00,MER0053,QR,12.980409283,77.6105059452,No,NONE,No,0.11
TXN004593,100,PAY,user013@okbank,2026,4,05/04/26,9:45:00,MER0066,COLLECT,12.9707151224,77.5890850753,No,NONE,No,0.59
TXN000583,14447,PAY,user023@okbank,2026,2,03/02/26,23:33:00,MER0064,MANDATE,12.9682884888,77.6499732802,No,NONE,No,0.13
TXN001606,35974,PAY,user014@okbank,2026,5,21/05/26,5:48:00,MER0168,QR,13.0080628266,77.555569407,No,NONE,No,0.25
TXN002564,7627,PAY,user022@okbank,2026,4,24/04/26,7:50:00,MER0003,IN_APP,13.0459360828,77.6544052134,No,NONE,No,0.16
TXN001557,3921,PAY,user018@okbank,2026,4,06/04/26,20:29:00,MER0103,VPA,12.9163552057,77.5785176852,No,NONE,No,0.27
TXN003701,11212,PAY,user043@okbank,2026,3,05/03/26,7:52:00,MER0029,COLLECT,12.990049551,77.6043469316,No,NONE,No,0.03
TXN002307,25590,PAY,user009@okbank,2026,6,08/06/26,21:55:00,MER0108,COLLECT,12.9522934987,77.5185906162,No,NONE,No,0.36
TXN004656,11574,PAY,user021@okbank,2026,2,14/02/26,10:05:00,MER0200,IN_APP,12.9853937694,77.6391716862,No,NONE,No,0.2
TXN002418,16201,PAY,user040@okbank,2026,3,26/03/26,12:38:00,MER0004,QR,13.04552406,77.6271816292,No,NONE,No,0.33
TXN001916,12293,PAY,user010@okbank,2026,1,14/01/26,7:22:00,MER0100,COLLECT,13.0467912287,77.6067619468,No,NONE,No,0.34
TXN002912,31736,PAY,user027@okbank,2026,6,22/06/26,14:36:00,MER0028,VPA,12.9254439013,77.5951750616,No,NONE,No,0.45
TXN001897,21704,PAY,user015@okbank,2026,5,25/05/26,7:00:00,MER0109,MANDATE,12.9433730122,77.5365371909,No,NONE,No,0.29
TXN002054,31150,PAY,user014@okbank,2026,2,13/02/26,20:06:00,MER0067,VPA,13.0111107337,77.5627992982,No,NONE,No,0.23
TXN004618,20416,PAY,user001@okbank,2026,1,16/01/26,9:09:00,MER0139,MANDATE,13.0177704246,77.6125808648,No,NONE,No,0.28
TXN000863,24421,PAY,user044@okbank,2026,6,06/06/26,15:14:00,MER0108,MOBILE,12.9992948003,77.6185362917,No,NONE,No,0.55
TXN004369,17455,PAY,user022@okbank,2026,6,21/06/26,20:24:00,MER0184,QR,12.9297060509,77.6100980043,No,NONE,No,0.41
TXN004180,25464,PAY,user003@okbank,2026,5,18/05/26,5:22:00,MER0158,ACCOUNT_IFSC,13.0040612575,77.5140767672,No,NONE,No,0.26
TXN000681,21651,PAY,user006@okbank,2026,1,09/01/26,22:16:00,MER0135,QR,12.9853098585,77.5647488251,No,NONE,No,0.11
TXN003708,18899,PAY,user029@okbank,2026,6,25/06/26,15:16:00,MER0190,ACCOUNT_IFSC,13.0421224925,77.5514715861,No,NONE,No,0.02
TXN003964,5557,PAY,user031@okbank,2026,5,26/05/26,7:44:00,MER0131,INTENT,13.0004731367,77.5453491905,No,NONE,No,0.35
TXN000448,28432,PAY,user006@okbank,2026,3,25/03/26,20:03:00,MER0200,COLLECT,13.0265731039,77.5897286053,No,NONE,No,0.28
TXN004084,9605,PAY,user042@okbank,2026,6,03/06/26,18:04:00,MER0169,IN_APP,12.9649518592,77.7143520874,No,NONE,No,0.25
TXN000172,46897,PAY,user021@okbank,2026,2,10/02/26,9:29:00,MER0057,ACCOUNT_IFSC,12.9848692873,77.6077980992,No,ACCOUNT_TAKEOVER,Yes,0.9
TXN002947,17507,PAY,user005@okbank,2026,1,15/01/26,5:53:00,MER0039,COLLECT,12.9670057947,77.7078923146,No,NONE,No,0.21
TXN002517,12723,PAY,user012@okbank,2026,3,14/03/26,21:40:00,MER0162,VPA,12.9764861741,77.616189969,No,NONE,No,0.25
TXN002056,10968,PAY,user034@okbank,2026,2,15/02/26,10:38:00,MER0077,ACCOUNT_IFSC,12.9710555464,77.543000677,No,NONE,No,0.19
TXN001649,9269,PAY,user031@okbank,2026,4,20/04/26,4:12:00,MER0048,INTENT,13.0327865828,77.5368160126,No,NONE,No,0.3
TXN002477,3964,PAY,user048@okbank,2026,1,13/01/26,16:20:00,MER0115,MOBILE,12.9855309067,77.5872481365,No,NONE,No,0.44
TXN002435,7790,PAY,user030@okbank,2026,2,21/02/26,18:47:00,MER0083,COLLECT,12.9559283861,77.5556271543,No,NONE,No,0.21
TXN001981,100,PAY,user002@okbank,2026,6,06/06/26,16:36:00,MER0072,INTENT,13.0406482615,77.6365690277,No,NONE,No,0.45
TXN001150,9339,PAY,user042@okbank,2026,6,09/06/26,15:45:00,MER0130,QR,12.9586280808,77.5856846403,No,NONE,No,0.31
TXN004781,30414,PAY,user008@okbank,2026,1,19/01/26,5:16:00,MER0058,VPA,12.9772399591,77.540256136,No,NONE,No,0.38
TXN003763,11229,PAY,user025@okbank,2026,6,21/06/26,23:49:00,MER0029,COLLECT,13.0453287209,77.5327320133,No,NONE,No,0.28
TXN003264,1720,PAY,user046@okbank,2026,2,04/02/26,17:01:00,MER0063,MANDATE,12.9134362437,77.4924430722,No,NONE,No,0.18
TXN002090,20594,PAY,user039@okbank,2026,5,16/05/26,22:01:00,MER0165,MOBILE,13.0102339584,77.6394124316,No,NONE,No,0.33
TXN004711,23463,PAY,user008@okbank,2026,4,06/04/26,1:51:00,MER0015,VPA,12.9275069974,77.5507859142,No,NONE,No,0.36
TXN003608,20247,PAY,user017@okbank,2026,4,12/04/26,8:40:00,MER0030,MOBILE,12.9453222555,77.5714905185,No,NONE,No,0.09
TXN000501,16523,PAY,user032@okbank,2026,5,13/05/26,1:30:00,MER0092,QR,12.9699292251,77.6379100979,No,NONE,No,0.22
TXN002570,24665,PAY,user026@okbank,2026,1,07/01/26,10:49:00,MER0007,INTENT,13.0649250866,77.6548482935,No,NONE,No,0.28
TXN002876,22769,PAY,user005@okbank,2026,3,07/03/26,8:15:00,MER0104,COLLECT,12.9570368217,77.5453067629,No,NONE,No,0.27
TXN001555,25210,PAY,user024@okbank,2026,2,26/02/26,7:24:00,MER0051,ACCOUNT_IFSC,12.9139072809,77.5218734014,No,NONE,No,0.12
TXN003179,100,PAY,user036@okbank,2026,3,05/03/26,7:59:00,MER0176,IN_APP,13.0232741643,77.6280734775,No,NONE,No,0.26
TXN003755,100,PAY,user028@okbank,2026,2,21/02/26,4:41:00,MER0053,IN_APP,12.9680682506,77.5506922552,No,NONE,No,0.29
TXN004058,12854,PAY,user024@okbank,2026,2,20/02/26,15:46:00,MER0057,QR,12.9486599501,77.629603393,No,NONE,No,0.44
TXN003705,30971,PAY,user005@okbank,2026,5,06/05/26,8:45:00,MER0040,IN_APP,13.0593420479,77.6645564194,No,NONE,No,0.08
TXN000808,38810,PAY,user043@okbank,2026,3,06/03/26,6:18:00,MER0155,COLLECT,12.8759821406,77.5996282121,No,NONE,No,0.36
TXN001591,33047,PAY,user028@okbank,2026,2,19/02/26,20:47:00,MER0171,MOBILE,12.9504707837,77.6966567352,No,NONE,No,0.27
TXN000344,20315,PAY,user009@okbank,2026,4,25/04/26,18:52:00,MER0077,VPA,12.9409698763,77.5691224301,No,NONE,No,0.08
TXN001453,4380,PAY,user027@okbank,2026,1,14/01/26,9:25:00,MER0086,VPA,12.9595809798,77.5528396318,No,NONE,No,0.48
TXN002052,11566,PAY,user003@okbank,2026,4,18/04/26,5:09:00,MER0102,IN_APP,12.9863303091,77.494607681,No,NONE,No,0.03
TXN001943,4751,PAY,user006@okbank,2026,6,28/06/26,16:15:00,MER0145,IN_APP,12.9790464335,77.6527143817,No,NONE,No,0.23
TXN002070,33283,PAY,user024@okbank,2026,3,24/03/26,9:25:00,MER0144,COLLECT,12.9664292856,77.5928667249,No,NONE,No,0.37
TXN004429,16750,PAY,user021@okbank,2026,5,01/05/26,0:32:00,MER0014,INTENT,12.8700816265,77.5803007043,No,NONE,No,0.24
TXN000720,5094,PAY,user008@okbank,2026,6,22/06/26,15:16:00,MER0129,COLLECT,12.9408797333,77.6209028272,No,NONE,No,0.31
TXN004385,20092,PAY,user014@okbank,2026,5,01/05/26,7:03:00,MER0130,COLLECT,12.8948370087,77.6235152272,No,NONE,No,0.19
TXN004430,8576,PAY,user041@okbank,2026,6,27/06/26,8:07:00,MER0092,COLLECT,12.992075467,77.5953926564,No,NONE,No,0.21
TXN000750,22088,PAY,user050@okbank,2026,5,21/05/26,8:40:00,MER0102,VPA,12.9126998233,77.6121134899,No,NONE,No,0.31
TXN003022,10996,PAY,user019@okbank,2026,4,09/04/26,22:40:00,MER0115,IN_APP,12.9857875028,77.5332527632,No,NONE,No,0.28
TXN000991,16737,PAY,user010@okbank,2026,6,16/06/26,6:34:00,MER0180,VPA,12.9472422765,77.5777644761,No,NONE,No,0.31
TXN004680,100,PAY,user021@okbank,2026,2,20/02/26,16:15:00,MER0025,COLLECT,12.9846060457,77.4617610583,No,NONE,No,0.4
TXN002615,9434,PAY,user018@okbank,2026,1,16/01/26,23:00:00,MER0016,COLLECT,12.9964934229,77.6399555044,No,NONE,No,0.39
TXN002925,8935,PAY,user048@okbank,2026,3,03/03/26,8:34:00,MER0185,MOBILE,13.0706887968,77.6705555616,No,NONE,No,0.17
TXN001216,21343,PAY,user045@okbank,2026,5,21/05/26,0:32:00,MER0050,INTENT,13.1237805487,77.6423724352,No,NONE,No,0.37
TXN001065,15470,PAY,user036@okbank,2026,4,16/04/26,12:06:00,MER0083,VPA,12.9222166763,77.6022976455,No,NONE,No,0.38
TXN002363,28630,PAY,user033@okbank,2026,4,05/04/26,16:43:00,MER0199,ACCOUNT_IFSC,13.0111287443,77.5860410202,No,NONE,No,0.2
TXN002709,27826,PAY,user027@okbank,2026,1,17/01/26,0:01:00,MER0123,INTENT,13.0205971185,77.5686742074,No,NONE,No,0.43
TXN004923,4901,PAY,user008@okbank,2026,6,12/06/26,21:37:00,MER0199,VPA,12.9678621717,77.5868085476,No,NONE,No,0.45
TXN004558,10645,PAY,user032@okbank,2026,5,14/05/26,8:43:00,MER0056,QR,13.0077223721,77.5249290646,No,NONE,No,0.37
TXN002999,20688,PAY,user002@okbank,2026,4,05/04/26,10:22:00,MER0047,QR,12.9802167576,77.5959025969,No,NONE,No,0.1
TXN000762,100,PAY,user006@okbank,2026,5,09/05/26,17:21:00,MER0178,ACCOUNT_IFSC,13.0305114789,77.5375121883,No,NONE,No,0.58
TXN000030,42963,PAY,user025@okbank,2026,5,24/05/26,17:17:00,MER0051,IN_APP,12.9931754011,77.6410416531,No,QR_DECEPTION,Yes,0.61
TXN001197,2867,PAY,user046@okbank,2026,6,04/06/26,9:46:00,MER0131,VPA,12.8871075902,77.6404997956,No,NONE,No,0.21
TXN003136,100,PAY,user047@okbank,2026,1,11/01/26,15:07:00,MER0118,MOBILE,12.8934441932,77.5258030657,No,NONE,No,0.27
TXN001403,4246,PAY,user016@okbank,2026,5,01/05/26,22:45:00,MER0179,QR,12.979300091,77.5947067558,No,NONE,No,0.23
TXN001946,12043,PAY,user002@okbank,2026,2,16/02/26,19:29:00,MER0138,QR,12.9408090074,77.6557721128,No,NONE,No,0.16
TXN000587,24315,PAY,user009@okbank,2026,2,23/02/26,2:46:00,MER0160,ACCOUNT_IFSC,12.9062394018,77.5675427192,No,NONE,No,0.21
TXN003144,7606,PAY,user007@okbank,2026,5,27/05/26,17:16:00,MER0075,COLLECT,12.9807458907,77.6028119722,No,NONE,No,0.18
TXN002447,10018,PAY,user046@okbank,2026,6,17/06/26,19:43:00,MER0117,VPA,12.9767229743,77.6159640694,No,NONE,No,0.44
TXN004164,21844,PAY,user030@okbank,2026,1,19/01/26,7:08:00,MER0007,ACCOUNT_IFSC,12.9528283482,77.6017636477,No,NONE,No,0.3
TXN000159,66608,PAY,user044@okbank,2026,3,23/03/26,21:56:00,MER0098,VPA,13.0228259374,77.5870124405,No,ACCOUNT_TAKEOVER,Yes,0.82
TXN002442,13898,PAY,user046@okbank,2026,6,07/06/26,11:29:00,MER0117,INTENT,13.0423669341,77.683150474,No,NONE,No,0.28
TXN004936,100,PAY,user011@okbank,2026,3,24/03/26,18:36:00,MER0052,IN_APP,12.9378958428,77.5564199944,No,NONE,No,0.31
TXN000323,13934,PAY,user007@okbank,2026,6,27/06/26,20:29:00,MER0102,MOBILE,12.9695815117,77.6739824345,No,NONE,No,0.17
TXN000036,29917,PAY,user034@okbank,2026,4,16/04/26,12:31:00,MER0116,VPA,12.9538032983,77.4775043883,No,REMOTE_ACCESS_FRAUD,Yes,0.82
TXN004441,13725,PAY,user049@okbank,2026,4,05/04/26,6:28:00,MER0088,COLLECT,13.0168191123,77.5376193097,No,NONE,No,0.51
TXN000032,59932,PAY,user044@okbank,2026,4,10/04/26,18:03:00,MER0174,INTENT,12.989535761,77.6682086663,No,MULE_ACCOUNT,Yes,0.64
TXN003774,20858,PAY,user008@okbank,2026,4,25/04/26,10:50:00,MER0176,MANDATE,12.9934375672,77.5978585881,No,NONE,No,0.42
TXN002141,13364,PAY,user018@okbank,2026,4,12/04/26,20:13:00,MER0034,MOBILE,12.9513879799,77.5903201454,No,NONE,No,0.14
TXN002351,17954,PAY,user027@okbank,2026,6,13/06/26,18:12:00,MER0069,MANDATE,12.9936300436,77.53001366,No,NONE,No,0.29
TXN000214,44307,PAY,user045@okbank,2026,5,01/05/26,1:13:00,MER0124,QR,13.0353021518,77.5522843348,No,TASK_SCAM,Yes,0.78
TXN004521,3223,PAY,user030@okbank,2026,2,01/02/26,9:12:00,MER0140,VPA,13.0110505147,77.5081692515,No,NONE,No,0.15
TXN003003,13560,PAY,user022@okbank,2026,2,13/02/26,1:05:00,MER0141,MOBILE,12.936752454,77.5974168274,No,NONE,No,0.2
TXN002014,23731,PAY,user020@okbank,2026,2,14/02/26,15:56:00,MER0055,ACCOUNT_IFSC,13.0018511512,77.55414756,No,NONE,No,0.29
TXN000856,16649,PAY,user017@okbank,2026,5,23/05/26,15:56:00,MER0007,COLLECT,12.9744030868,77.5557777701,No,NONE,No,0.12
TXN003427,12980,PAY,user027@okbank,2026,3,04/03/26,5:31:00,MER0012,COLLECT,13.017921717,77.6036586158,No,NONE,No,0.34
TXN004312,14078,PAY,user017@okbank,2026,6,13/06/26,1:35:00,MER0007,IN_APP,13.037296177,77.5412656849,No,NONE,No,0.4
TXN004925,30098,PAY,user024@okbank,2026,2,16/02/26,9:28:00,MER0111,IN_APP,13.0224380705,77.6005917715,No,NONE,No,0.25
TXN003089,100,PAY,user029@okbank,2026,5,16/05/26,0:10:00,MER0176,INTENT,13.0130396205,77.621744053,No,NONE,No,0.41
TXN003237,9030,PAY,user038@okbank,2026,4,11/04/26,0:15:00,MER0093,MOBILE,13.0498966757,77.5310170701,No,NONE,No,0.32
TXN003657,4505,PAY,user016@okbank,2026,5,16/05/26,11:39:00,MER0111,IN_APP,12.8892405434,77.5856002418,No,NONE,No,0.2
TXN004100,10485,PAY,user027@okbank,2026,5,23/05/26,18:40:00,MER0158,COLLECT,12.9525256442,77.6356831675,No,NONE,No,0.4
TXN002320,16561,PAY,user017@okbank,2026,4,20/04/26,3:56:00,MER0145,MOBILE,12.9572717493,77.6364271489,No,NONE,No,0.25
TXN003935,29938,PAY,user009@okbank,2026,4,23/04/26,5:50:00,MER0069,ACCOUNT_IFSC,12.8227057226,77.5913594598,No,NONE,No,0.04
TXN003318,10668,PAY,user029@okbank,2026,3,19/03/26,10:29:00,MER0197,IN_APP,13.0060658135,77.5269784876,No,NONE,No,0.18
TXN000986,100,PAY,user042@okbank,2026,3,03/03/26,14:13:00,MER0028,INTENT,12.9932258281,77.6414481316,No,NONE,No,0.26
TXN001593,2361,PAY,user018@okbank,2026,2,18/02/26,1:50:00,MER0044,INTENT,13.0413929379,77.5410802438,No,NONE,No,0.3
TXN001764,29987,PAY,user024@okbank,2026,3,22/03/26,1:46:00,MER0107,IN_APP,12.9784247198,77.5608508578,No,NONE,No,0.3
TXN003183,26381,PAY,user025@okbank,2026,1,16/01/26,15:21:00,MER0128,IN_APP,12.9290725404,77.5725259896,No,NONE,No,0.47
TXN002281,18556,PAY,user044@okbank,2026,1,24/01/26,22:49:00,MER0173,MOBILE,13.0081019949,77.5815314098,No,NONE,No,0.24
TXN004740,6183,PAY,user007@okbank,2026,5,25/05/26,13:08:00,MER0088,IN_APP,12.9836144292,77.6521098968,No,NONE,No,0.05
TXN003411,100,PAY,user007@okbank,2026,2,22/02/26,20:53:00,MER0151,COLLECT,13.0055943217,77.5780188118,No,NONE,No,0.24
TXN003477,2649,PAY,user037@okbank,2026,3,01/03/26,12:51:00,MER0168,MOBILE,12.9406550575,77.6030824697,No,NONE,No,0.45
TXN004197,28036,PAY,user045@okbank,2026,4,28/04/26,4:32:00,MER0197,QR,13.0146745919,77.5621989513,No,NONE,No,0.51
TXN002719,9769,PAY,user030@okbank,2026,5,21/05/26,14:08:00,MER0026,VPA,12.935865057,77.6218867177,No,NONE,No,0.3
TXN004850,13901,PAY,user001@okbank,2026,6,14/06/26,20:28:00,MER0083,INTENT,12.9070660878,77.573968895,No,NONE,No,0.41
TXN002456,11798,PAY,user031@okbank,2026,4,27/04/26,5:56:00,MER0081,MANDATE,12.9281014237,77.6114215119,No,NONE,No,0.21
TXN000324,16446,PAY,user016@okbank,2026,3,17/03/26,9:03:00,MER0005,MANDATE,12.9539784486,77.5889403281,No,NONE,No,0.21
TXN001800,9577,PAY,user017@okbank,2026,6,25/06/26,6:22:00,MER0133,VPA,13.0045568825,77.5988986349,No,NONE,No,0.22
TXN001511,16089,PAY,user045@okbank,2026,2,07/02/26,16:03:00,MER0111,QR,12.97130745,77.5588785843,No,NONE,No,0.36
TXN004503,7427,PAY,user029@okbank,2026,5,18/05/26,15:47:00,MER0012,IN_APP,12.9575851022,77.6479016618,No,NONE,No,0.51
TXN003800,1113,PAY,user040@okbank,2026,1,22/01/26,12:13:00,MER0087,IN_APP,12.89848443,77.6110712832,No,NONE,No,0.26
TXN003649,9321,PAY,user024@okbank,2026,4,06/04/26,14:20:00,MER0154,COLLECT,13.1126705102,77.5974409938,No,NONE,No,0.27
TXN004374,12532,PAY,user027@okbank,2026,3,19/03/26,14:24:00,MER0039,ACCOUNT_IFSC,12.9530265914,77.6298817837,No,NONE,No,0.37
TXN001064,24631,PAY,user012@okbank,2026,6,15/06/26,23:19:00,MER0117,INTENT,12.9049408882,77.4724380555,No,NONE,No,0.23
TXN001864,3834,PAY,user021@okbank,2026,3,08/03/26,1:12:00,MER0006,VPA,12.9726195699,77.5059048268,No,NONE,No,0.3
TXN004071,19663,PAY,user023@okbank,2026,4,24/04/26,18:27:00,MER0021,MOBILE,12.9086370292,77.6496338908,No,NONE,No,0.47
TXN000300,100,PAY,user004@okbank,2026,6,07/06/26,5:01:00,MER0159,VPA,12.8630552655,77.609300005,No,NONE,No,0.34
TXN003670,9529,PAY,user025@okbank,2026,5,19/05/26,6:57:00,MER0150,QR,13.0154611037,77.5969660649,No,NONE,No,0.31
TXN000014,73443,PAY,user014@okbank,2026,3,22/03/26,0:49:00,MER0058,QR,12.9706912674,77.5378805016,No,QR_DECEPTION,Yes,0.84
TXN000996,31982,PAY,user035@okbank,2026,4,18/04/26,14:24:00,MER0184,IN_APP,13.0320530712,77.569669463,No,NONE,No,0.15
TXN002921,43536,PAY,user036@okbank,2026,6,01/06/26,9:04:00,MER0077,QR,12.9973018024,77.6347283541,No,NONE,No,0.12
TXN004230,100,PAY,user026@okbank,2026,2,08/02/26,21:27:00,MER0032,COLLECT,12.8969303412,77.630533347,No,NONE,No,0.29
TXN003374,25843,PAY,user028@okbank,2026,6,11/06/26,1:51:00,MER0067,MANDATE,12.9877933502,77.5265198038,No,NONE,No,0.02
TXN003522,10488,PAY,user015@okbank,2026,3,08/03/26,13:30:00,MER0168,INTENT,12.9892635807,77.5677573137,No,NONE,No,0.43
TXN004891,12073,PAY,user039@okbank,2026,2,24/02/26,5:06:00,MER0094,IN_APP,12.9516554395,77.5521933127,No,NONE,No,0.19
TXN001462,29172,PAY,user044@okbank,2026,4,25/04/26,22:00:00,MER0170,ACCOUNT_IFSC,12.9598565182,77.5375832446,No,NONE,No,0.14
TXN002069,19942,PAY,user035@okbank,2026,3,15/03/26,7:10:00,MER0162,VPA,13.0141459916,77.6017879475,No,NONE,No,0.2
TXN001597,100,PAY,user026@okbank,2026,2,01/02/26,10:08:00,MER0200,IN_APP,12.9752205353,77.6357806076,No,NONE,No,0.28
TXN004408,17676,PAY,user020@okbank,2026,6,13/06/26,15:49:00,MER0175,QR,12.9722949864,77.5793150237,No,NONE,No,0.4
TXN002787,6932,PAY,user014@okbank,2026,1,26/01/26,1:56:00,MER0139,COLLECT,12.9521552079,77.5952298459,No,NONE,No,0.15
TXN002180,21321,PAY,user010@okbank,2026,5,11/05/26,20:24:00,MER0052,COLLECT,12.862230427,77.5856358903,No,NONE,No,0.42
TXN001198,11239,PAY,user012@okbank,2026,4,11/04/26,6:40:00,MER0159,VPA,13.0010517625,77.6135448614,No,NONE,No,0.28
TXN004935,10940,PAY,user028@okbank,2026,5,18/05/26,8:50:00,MER0032,QR,12.9316690779,77.6192439864,No,NONE,No,0.3
TXN002902,18967,PAY,user006@okbank,2026,5,18/05/26,3:20:00,MER0181,IN_APP,12.9566370596,77.5652178468,No,NONE,No,0.26
TXN000518,100,PAY,user037@okbank,2026,5,10/05/26,10:10:00,MER0009,VPA,12.8965361817,77.5714691573,No,NONE,No,0.45
TXN001527,2180,PAY,user046@okbank,2026,2,07/02/26,13:53:00,MER0016,MOBILE,13.0034031467,77.6123933902,No,NONE,No,0.02
TXN003560,3696,PAY,user015@okbank,2026,4,21/04/26,5:19:00,MER0135,ACCOUNT_IFSC,12.9012650682,77.6686406542,No,NONE,No,0.33
TXN003553,19377,PAY,user001@okbank,2026,3,01/03/26,7:49:00,MER0025,ACCOUNT_IFSC,13.0263914709,77.5278500097,No,NONE,No,0.45
TXN000180,62071,PAY,user007@okbank,2026,6,27/06/26,1:56:00,MER0148,MOBILE,13.0478514867,77.5467716754,No,ACCOUNT_TAKEOVER,Yes,0.79
TXN004843,18585,PAY,user047@okbank,2026,2,26/02/26,11:05:00,MER0019,COLLECT,12.9893243159,77.6895196497,No,NONE,No,0.25
TXN001968,20313,PAY,user011@okbank,2026,1,27/01/26,15:32:00,MER0076,COLLECT,12.8986728797,77.5634962723,No,NONE,No,0.3
TXN004153,40938,PAY,user015@okbank,2026,1,02/01/26,17:37:00,MER0019,MANDATE,12.9389807508,77.5110222296,No,NONE,No,0.24
TXN000283,11107,PAY,user025@okbank,2026,6,21/06/26,8:58:00,MER0183,VPA,12.9409784817,77.5791179077,No,NONE,No,0.21
TXN001545,4576,PAY,user035@okbank,2026,3,01/03/26,6:49:00,MER0077,IN_APP,13.0049433554,77.6384435918,No,NONE,No,0.39
TXN003994,28649,PAY,user001@okbank,2026,5,06/05/26,23:23:00,MER0022,ACCOUNT_IFSC,13.0507453068,77.5632229457,No,NONE,No,0.22
TXN003314,14954,PAY,user044@okbank,2026,1,23/01/26,19:10:00,MER0107,ACCOUNT_IFSC,12.8787662274,77.6157373253,No,NONE,No,0.12
TXN003989,9173,PAY,user004@okbank,2026,3,22/03/26,21:38:00,MER0050,QR,12.9045980915,77.5675637866,No,NONE,No,0.39
TXN000590,10049,PAY,user034@okbank,2026,5,19/05/26,12:13:00,MER0079,ACCOUNT_IFSC,12.9898314961,77.4762193576,No,NONE,No,0.36
TXN002296,14579,PAY,user001@okbank,2026,6,15/06/26,19:45:00,MER0197,IN_APP,13.008213434,77.5988311277,No,NONE,No,0.46
TXN000382,22145,PAY,user047@okbank,2026,3,27/03/26,10:32:00,MER0138,COLLECT,13.0126458718,77.6825042203,No,NONE,No,0.56
TXN002344,27033,PAY,user048@okbank,2026,6,09/06/26,4:51:00,MER0106,MOBILE,13.0638641449,77.5989205331,No,NONE,No,0.25
TXN002268,20102,PAY,user005@okbank,2026,1,19/01/26,9:22:00,MER0093,MANDATE,12.9154444429,77.6075825044,No,NONE,No,0.17
TXN000079,104064,PAY,user015@okbank,2026,4,02/04/26,11:23:00,MER0108,COLLECT,12.9643230233,77.6676901584,No,COLLECT_REQUEST_FRAUD,Yes,0.55
TXN004966,15778,PAY,user030@okbank,2026,2,05/02/26,5:44:00,MER0196,MOBILE,12.9790690255,77.4437827118,No,NONE,No,0.48
TXN002759,27683,PAY,user009@okbank,2026,3,15/03/26,14:01:00,MER0048,MOBILE,12.9606969397,77.6578067291,No,NONE,No,0.47
TXN002516,9007,PAY,user004@okbank,2026,4,20/04/26,19:17:00,MER0097,COLLECT,12.9651294161,77.5448340334,No,NONE,No,0.12
TXN001234,20163,PAY,user020@okbank,2026,4,01/04/26,21:12:00,MER0090,ACCOUNT_IFSC,12.9994487207,77.6433865214,No,NONE,No,0.24
TXN004105,100,PAY,user031@okbank,2026,3,17/03/26,17:54:00,MER0184,INTENT,12.982627949,77.6047695886,No,NONE,No,0.02
TXN000383,26263,PAY,user031@okbank,2026,4,18/04/26,2:20:00,MER0180,VPA,12.982703951,77.6342075845,No,NONE,No,0.41
TXN003247,14314,PAY,user040@okbank,2026,1,04/01/26,8:48:00,MER0075,MOBILE,12.9519684957,77.5943694812,No,NONE,No,0.33
TXN001926,21569,PAY,user028@okbank,2026,6,20/06/26,12:15:00,MER0102,MOBILE,12.9211167042,77.6335130168,No,NONE,No,0.19
TXN002373,345,PAY,user021@okbank,2026,1,13/01/26,1:36:00,MER0168,INTENT,13.0262459908,77.5747162216,No,NONE,No,0.37
TXN002301,12022,PAY,user019@okbank,2026,1,01/01/26,16:40:00,MER0005,INTENT,12.9354296391,77.6171595373,No,NONE,No,0.39
TXN002347,5686,PAY,user005@okbank,2026,2,07/02/26,10:43:00,MER0063,ACCOUNT_IFSC,12.9784379909,77.6663499164,No,NONE,No,0.52
TXN003158,17180,PAY,user046@okbank,2026,4,08/04/26,4:08:00,MER0043,VPA,12.9216800797,77.6818067447,No,NONE,No,0.12
TXN004132,25334,PAY,user045@okbank,2026,4,19/04/26,5:34:00,MER0075,IN_APP,13.0312819882,77.5772555213,No,NONE,No,0.34
TXN000675,27536,PAY,user026@okbank,2026,3,25/03/26,20:04:00,MER0113,MANDATE,13.0061628144,77.6214406365,No,NONE,No,0.2
TXN003864,30761,PAY,user022@okbank,2026,2,07/02/26,7:24:00,MER0027,VPA,12.924805701,77.6109106013,No,NONE,No,0.3
TXN003284,11461,PAY,user048@okbank,2026,4,08/04/26,9:33:00,MER0065,MANDATE,12.9865020312,77.6077289963,No,NONE,No,0.15
TXN000375,18750,PAY,user047@okbank,2026,4,08/04/26,7:21:00,MER0055,MOBILE,13.0132241495,77.6737090911,No,NONE,No,0.27
TXN000767,34084,PAY,user039@okbank,2026,3,05/03/26,22:38:00,MER0076,ACCOUNT_IFSC,12.8925735765,77.5166826121,No,NONE,No,0.2
TXN001893,13525,PAY,user025@okbank,2026,5,17/05/26,18:03:00,MER0168,COLLECT,12.9197934521,77.5918555883,No,NONE,No,0.32
TXN000490,13414,PAY,user038@okbank,2026,4,18/04/26,7:52:00,MER0161,MOBILE,12.9678527947,77.5176127161,No,NONE,No,0.05
TXN004600,17440,PAY,user001@okbank,2026,5,11/05/26,22:43:00,MER0048,COLLECT,12.9648913705,77.6202338912,No,NONE,No,0.05
TXN000847,36113,PAY,user021@okbank,2026,6,09/06/26,8:27:00,MER0174,IN_APP,13.0459094481,77.6530921661,No,NONE,No,0.08
TXN001700,13211,PAY,user005@okbank,2026,3,03/03/26,11:56:00,MER0130,INTENT,12.9980719985,77.6237746904,No,NONE,No,0.33
TXN003233,179,PAY,user030@okbank,2026,3,06/03/26,22:36:00,MER0105,MANDATE,13.0400985609,77.5446118153,No,NONE,No,0.2
TXN001027,18332,PAY,user036@okbank,2026,5,20/05/26,19:46:00,MER0128,MOBILE,12.971552153,77.539761163,No,NONE,No,0.18
TXN000873,11612,PAY,user012@okbank,2026,2,03/02/26,21:23:00,MER0162,MANDATE,12.8638633872,77.529101386,No,NONE,No,0.38
TXN004468,3241,PAY,user017@okbank,2026,3,14/03/26,2:56:00,MER0150,VPA,12.9255927119,77.5719522113,No,NONE,No,0.02
TXN002672,25693,PAY,user027@okbank,2026,2,04/02/26,15:07:00,MER0145,IN_APP,12.9825711259,77.6378694099,No,NONE,No,0.03
TXN001742,100,PAY,user026@okbank,2026,5,17/05/26,6:41:00,MER0023,INTENT,12.9379927273,77.6489712102,No,NONE,No,0.46
TXN001136,12711,PAY,user015@okbank,2026,2,05/02/26,8:36:00,MER0051,COLLECT,12.98695235,77.5343236044,No,NONE,No,0.15
TXN002792,17435,PAY,user013@okbank,2026,3,22/03/26,9:58:00,MER0001,INTENT,13.0053347044,77.5087975633,No,NONE,No,0.49
TXN001360,13739,PAY,user025@okbank,2026,6,19/06/26,0:01:00,MER0032,VPA,12.9461776547,77.6114256879,No,NONE,No,0.28
TXN003961,24326,PAY,user012@okbank,2026,6,14/06/26,6:25:00,MER0143,INTENT,13.0153838509,77.5718655694,No,NONE,No,0.31
TXN004730,27135,PAY,user028@okbank,2026,3,05/03/26,12:22:00,MER0005,INTENT,12.9588215417,77.5544195932,No,NONE,No,0.05
TXN001302,2997,PAY,user037@okbank,2026,4,04/04/26,21:54:00,MER0151,COLLECT,12.9500656786,77.6183245892,No,NONE,No,0.23
TXN004744,26422,PAY,user026@okbank,2026,3,11/03/26,21:56:00,MER0153,COLLECT,12.9159870031,77.5091969274,No,NONE,No,0.28
TXN001635,10294,PAY,user031@okbank,2026,1,02/01/26,22:46:00,MER0052,QR,12.9862835839,77.664702,No,NONE,No,0.27
TXN002843,27350,PAY,user003@okbank,2026,1,13/01/26,1:30:00,MER0072,QR,12.9526053931,77.5480965995,No,NONE,No,0.46
TXN004488,8495,PAY,user030@okbank,2026,5,11/05/26,19:20:00,MER0194,VPA,12.9869250941,77.6534048648,No,NONE,No,0.44
TXN001206,25817,PAY,user027@okbank,2026,5,13/05/26,6:38:00,MER0059,IN_APP,12.9572686009,77.6440697754,No,NONE,No,0.37
TXN001604,6637,PAY,user028@okbank,2026,1,25/01/26,3:51:00,MER0138,VPA,12.9479987026,77.5717568818,No,NONE,No,0.62
TXN001134,1901,PAY,user038@okbank,2026,3,25/03/26,21:08:00,MER0056,COLLECT,12.9895136176,77.638122401,No,NONE,No,0.45
TXN001998,17262,PAY,user048@okbank,2026,2,17/02/26,9:55:00,MER0144,MANDATE,12.9654268322,77.6276580936,No,NONE,No,0.32
TXN004675,2538,PAY,user026@okbank,2026,1,11/01/26,17:21:00,MER0126,IN_APP,13.0845622724,77.6388030327,No,NONE,No,0.29
TXN001088,100,PAY,user009@okbank,2026,2,05/02/26,7:44:00,MER0152,QR,12.9438560131,77.6388118699,No,NONE,No,0.36
TXN001415,24057,PAY,user034@okbank,2026,1,02/01/26,23:18:00,MER0115,IN_APP,12.9937170534,77.5395240835,No,NONE,No,0.43
TXN003574,5039,PAY,user001@okbank,2026,6,21/06/26,10:53:00,MER0176,VPA,13.00530362,77.6434521881,No,NONE,No,0.02
TXN001530,100,PAY,user049@okbank,2026,2,17/02/26,3:29:00,MER0168,MANDATE,12.9666214862,77.6819745699,No,NONE,No,0.13
TXN003862,16236,PAY,user033@okbank,2026,2,03/02/26,21:15:00,MER0077,MANDATE,12.9255038939,77.6322972832,No,NONE,No,0.17
TXN003453,17484,PAY,user014@okbank,2026,3,27/03/26,21:20:00,MER0041,VPA,12.9863167623,77.5850560994,No,NONE,No,0.17
TXN003016,10430,PAY,user010@okbank,2026,1,20/01/26,19:06:00,MER0178,MANDATE,12.9994024384,77.6684780046,No,NONE,No,0.42
TXN002151,13089,PAY,user015@okbank,2026,4,11/04/26,20:30:00,MER0074,MANDATE,12.9266555095,77.5539187181,No,NONE,No,0.58
TXN000975,27735,PAY,user040@okbank,2026,6,18/06/26,6:36:00,MER0160,MANDATE,13.0438949571,77.4976376443,No,NONE,No,0.33
TXN000070,122110,PAY,user045@okbank,2026,2,28/02/26,7:31:00,MER0191,ACCOUNT_IFSC,12.9160647752,77.5262004968,No,INVESTMENT_SCAM,Yes,0.66
TXN002932,4387,PAY,user040@okbank,2026,2,10/02/26,12:55:00,MER0170,MOBILE,12.9254261679,77.5597326313,No,NONE,No,0.24
TXN002841,29632,PAY,user031@okbank,2026,6,27/06/26,0:39:00,MER0036,IN_APP,12.9636258606,77.6852111777,No,NONE,No,0.39
TXN001388,21246,PAY,user029@okbank,2026,4,02/04/26,19:48:00,MER0112,INTENT,12.9289973701,77.6100711197,No,NONE,No,0.02
TXN001477,21574,PAY,user050@okbank,2026,4,01/04/26,2:27:00,MER0100,QR,12.9807848494,77.493465477,No,NONE,No,0.21
TXN000978,8645,PAY,user031@okbank,2026,2,12/02/26,6:25:00,MER0096,VPA,12.9333423287,77.5277135619,No,NONE,No,0.55
TXN004467,8615,PAY,user049@okbank,2026,4,03/04/26,0:51:00,MER0028,INTENT,12.8905700858,77.5898517106,No,NONE,No,0.27
TXN003696,9510,PAY,user004@okbank,2026,6,24/06/26,12:24:00,MER0029,COLLECT,12.957498072,77.6003106973,No,NONE,No,0.02
TXN001128,14824,PAY,user027@okbank,2026,3,01/03/26,7:18:00,MER0045,COLLECT,12.9276223496,77.5091954722,No,NONE,No,0.21
TXN004489,100,PAY,user020@okbank,2026,3,10/03/26,14:58:00,MER0035,MANDATE,12.9771030779,77.5773614368,No,NONE,No,0.28
TXN004406,111,PAY,user010@okbank,2026,3,18/03/26,21:42:00,MER0194,MOBILE,12.92556009,77.5121429024,No,NONE,No,0.3
TXN004181,12850,PAY,user045@okbank,2026,3,19/03/26,11:36:00,MER0011,MOBILE,12.9756084394,77.5890116196,No,NONE,No,0.1
TXN003361,16201,PAY,user004@okbank,2026,5,16/05/26,2:19:00,MER0154,COLLECT,12.9508464878,77.6388362374,No,NONE,No,0.4
TXN000175,52011,PAY,user050@okbank,2026,5,17/05/26,9:44:00,MER0084,INTENT,13.0379778332,77.6316123731,No,TASK_SCAM,Yes,0.55
TXN000629,15676,PAY,user037@okbank,2026,3,02/03/26,9:32:00,MER0089,INTENT,12.9678522166,77.6164445177,No,NONE,No,0.3
TXN004606,9027,PAY,user027@okbank,2026,5,01/05/26,9:12:00,MER0090,MANDATE,13.040401087,77.6557280874,No,NONE,No,0.27
TXN003359,28556,PAY,user013@okbank,2026,5,17/05/26,18:04:00,MER0191,INTENT,12.909329352,77.5413885507,No,NONE,No,0.27
TXN000563,18234,PAY,user049@okbank,2026,1,27/01/26,22:28:00,MER0013,ACCOUNT_IFSC,12.9104822585,77.6554416891,No,NONE,No,0.21
TXN003397,100,PAY,user025@okbank,2026,2,22/02/26,0:05:00,MER0003,MOBILE,12.9078789367,77.6364348263,No,NONE,No,0.26
TXN004143,8916,PAY,user016@okbank,2026,5,09/05/26,15:53:00,MER0148,ACCOUNT_IFSC,12.9686586988,77.5958822923,No,NONE,No,0.37
TXN000337,31824,PAY,user031@okbank,2026,6,27/06/26,1:57:00,MER0069,VPA,12.932456969,77.5924917534,No,NONE,No,0.26
TXN000868,12214,PAY,user013@okbank,2026,1,04/01/26,12:41:00,MER0013,IN_APP,13.0021797143,77.5602339044,No,NONE,No,0.37
TXN002480,17933,PAY,user003@okbank,2026,3,12/03/26,2:36:00,MER0067,QR,12.977564901,77.6437002951,No,NONE,No,0.28
TXN001186,8159,PAY,user011@okbank,2026,2,10/02/26,19:06:00,MER0077,VPA,12.9367417949,77.5782138965,No,NONE,No,0.13
TXN000710,30528,PAY,user042@okbank,2026,3,27/03/26,7:23:00,MER0172,QR,13.0070113039,77.5641105932,No,NONE,No,0.19
TXN001121,14740,PAY,user014@okbank,2026,2,02/02/26,5:20:00,MER0175,VPA,12.9888123557,77.6147498018,No,NONE,No,0.29
TXN003200,26265,PAY,user009@okbank,2026,2,02/02/26,8:18:00,MER0061,COLLECT,13.0243185173,77.6953897846,No,NONE,No,0.02
TXN003260,12751,PAY,user022@okbank,2026,1,11/01/26,12:03:00,MER0192,VPA,13.0061335245,77.6741855116,No,NONE,No,0.18
TXN002521,13448,PAY,user010@okbank,2026,5,19/05/26,2:33:00,MER0070,VPA,12.9750133248,77.5864028919,No,NONE,No,0.36
TXN004990,10026,PAY,user028@okbank,2026,6,19/06/26,20:01:00,MER0148,IN_APP,12.9428580885,77.5089346105,No,NONE,No,0.19
TXN003614,20340,PAY,user019@okbank,2026,2,02/02/26,9:09:00,MER0046,COLLECT,12.9897178072,77.619652366,No,NONE,No,0.51
TXN001525,24396,PAY,user048@okbank,2026,2,04/02/26,17:07:00,MER0079,INTENT,12.944053327,77.610284859,No,NONE,No,0.3
TXN003677,100,PAY,user050@okbank,2026,6,22/06/26,19:54:00,MER0153,ACCOUNT_IFSC,13.0943028621,77.5613057571,No,NONE,No,0.29
TXN002814,6655,PAY,user032@okbank,2026,4,05/04/26,5:41:00,MER0091,INTENT,12.9825441881,77.5939520217,No,NONE,No,0.26
TXN004583,16439,PAY,user017@okbank,2026,5,27/05/26,13:35:00,MER0095,QR,12.9197726941,77.4908242511,No,NONE,No,0.54
TXN001109,14359,PAY,user029@okbank,2026,1,12/01/26,3:00:00,MER0193,COLLECT,12.9626120419,77.517914561,No,NONE,No,0.44
TXN000349,19052,PAY,user029@okbank,2026,6,17/06/26,19:18:00,MER0039,VPA,13.0278470903,77.6920658331,No,NONE,No,0.19
TXN000575,100,PAY,user017@okbank,2026,3,21/03/26,19:30:00,MER0005,COLLECT,12.9049162644,77.4816645955,No,NONE,No,0.27
TXN003859,25547,PAY,user043@okbank,2026,4,15/04/26,2:26:00,MER0157,IN_APP,13.0167809528,77.6107385932,No,NONE,No,0.44
TXN003485,10078,PAY,user049@okbank,2026,4,14/04/26,12:30:00,MER0021,VPA,12.9972170608,77.5468657211,No,NONE,No,0.51
TXN000237,110383,PAY,user013@okbank,2026,1,23/01/26,4:19:00,MER0059,VPA,13.0609700122,77.6486652253,No,COLLECT_REQUEST_FRAUD,Yes,0.84
TXN001467,22154,PAY,user021@okbank,2026,4,16/04/26,1:16:00,MER0112,INTENT,12.9238292868,77.5395470271,No,NONE,No,0.41
TXN004528,6202,PAY,user034@okbank,2026,5,16/05/26,5:52:00,MER0200,INTENT,12.9290696939,77.6205319683,No,NONE,No,0.27
TXN002980,26986,PAY,user042@okbank,2026,4,19/04/26,18:50:00,MER0031,INTENT,13.0000739949,77.4957508627,No,NONE,No,0.46
TXN000403,26607,PAY,user040@okbank,2026,4,24/04/26,16:59:00,MER0096,MANDATE,13.0231423118,77.6097502491,No,NONE,No,0.1
TXN002576,35181,PAY,user012@okbank,2026,4,16/04/26,5:37:00,MER0173,QR,12.9722363898,77.4849136233,No,NONE,No,0.31
TXN004674,13179,PAY,user013@okbank,2026,5,02/05/26,16:29:00,MER0024,IN_APP,13.0054410834,77.5576641284,No,NONE,No,0.38
TXN003639,27043,PAY,user040@okbank,2026,4,10/04/26,19:20:00,MER0142,ACCOUNT_IFSC,12.9173316687,77.5512339446,No,NONE,No,0.02
TXN003426,17213,PAY,user035@okbank,2026,6,22/06/26,10:02:00,MER0010,IN_APP,12.9143913372,77.6573055925,No,NONE,No,0.14
TXN004679,1925,PAY,user050@okbank,2026,3,02/03/26,22:53:00,MER0019,MANDATE,12.98543963,77.6143224563,No,NONE,No,0.26
TXN000173,47291,PAY,user045@okbank,2026,2,05/02/26,11:14:00,MER0076,VPA,13.0267022766,77.5327135651,No,QR_DECEPTION,Yes,0.66
TXN000408,9166,PAY,user023@okbank,2026,3,27/03/26,21:51:00,MER0128,MANDATE,12.9687036415,77.6157480925,No,NONE,No,0.1
TXN002222,7335,PAY,user022@okbank,2026,3,14/03/26,1:27:00,MER0119,QR,12.9528515638,77.4727745358,No,NONE,No,0.4
TXN004817,24762,PAY,user045@okbank,2026,1,22/01/26,0:29:00,MER0020,COLLECT,12.9365161695,77.6049089828,No,NONE,No,0.3
TXN002679,11545,PAY,user036@okbank,2026,5,06/05/26,8:12:00,MER0078,ACCOUNT_IFSC,13.042285087,77.5815619972,No,NONE,No,0.34
TXN001476,1322,PAY,user040@okbank,2026,6,24/06/26,18:18:00,MER0041,MOBILE,12.8981266461,77.5795788335,No,NONE,No,0.29
TXN002025,21744,PAY,user022@okbank,2026,1,04/01/26,8:18:00,MER0007,COLLECT,12.9310369711,77.6026950948,No,NONE,No,0.11
TXN004910,17697,PAY,user006@okbank,2026,2,10/02/26,22:46:00,MER0028,QR,13.0001380014,77.5405085359,No,NONE,No,0.45
TXN001429,18527,PAY,user030@okbank,2026,6,14/06/26,21:54:00,MER0124,IN_APP,13.0254697032,77.71636031,No,NONE,No,0.16
TXN001382,13682,PAY,user004@okbank,2026,1,20/01/26,22:50:00,MER0106,IN_APP,13.0600883479,77.601350816,No,NONE,No,0.28
TXN002434,33760,PAY,user026@okbank,2026,6,10/06/26,13:06:00,MER0107,ACCOUNT_IFSC,12.96688661,77.4958147777,No,NONE,No,0.33
TXN002248,26703,PAY,user020@okbank,2026,3,14/03/26,12:25:00,MER0043,INTENT,12.9835719616,77.5242383727,No,NONE,No,0.39
TXN001079,7061,PAY,user044@okbank,2026,3,15/03/26,12:48:00,MER0001,QR,12.8995489963,77.552155475,No,NONE,No,0.37
TXN000211,74276,PAY,user040@okbank,2026,5,17/05/26,8:12:00,MER0078,COLLECT,12.9473389199,77.6282913563,Yes,TASK_SCAM,Yes,0.94
TXN004498,18843,PAY,user048@okbank,2026,1,10/01/26,6:29:00,MER0189,INTENT,12.8622930896,77.5836982971,No,NONE,No,0.34
TXN002852,19983,PAY,user036@okbank,2026,5,03/05/26,1:06:00,MER0087,VPA,12.9459864052,77.6205434166,No,NONE,No,0.33
TXN003401,2936,PAY,user003@okbank,2026,1,27/01/26,21:05:00,MER0185,INTENT,12.943231415,77.6247165165,No,NONE,No,0.32
TXN003177,24147,PAY,user039@okbank,2026,2,14/02/26,15:53:00,MER0179,MANDATE,12.9569553339,77.585582511,No,NONE,No,0.24
TXN004329,12590,PAY,user005@okbank,2026,4,13/04/26,21:59:00,MER0027,INTENT,12.9233424751,77.4905542034,No,NONE,No,0.48
TXN004200,10575,PAY,user044@okbank,2026,3,16/03/26,6:38:00,MER0137,MANDATE,13.0099508859,77.5440898842,No,NONE,No,0.34
TXN001218,6422,PAY,user046@okbank,2026,6,10/06/26,16:20:00,MER0149,QR,12.976901571,77.6038266874,No,NONE,No,0.26
TXN000982,15935,PAY,user021@okbank,2026,4,07/04/26,23:22:00,MER0159,ACCOUNT_IFSC,12.9027623464,77.5633712651,No,NONE,No,0.21
TXN000191,58509,PAY,user022@okbank,2026,3,06/03/26,13:47:00,MER0103,INTENT,12.9477458283,77.6774343438,No,SIM_SWAP_DRAIN,Yes,0.47
TXN002482,8963,PAY,user047@okbank,2026,3,14/03/26,3:05:00,MER0062,INTENT,12.9505783995,77.5840957181,No,NONE,No,0.5
TXN000527,2312,PAY,user036@okbank,2026,6,22/06/26,3:36:00,MER0052,ACCOUNT_IFSC,12.9130672258,77.6796675993,No,NONE,No,0.09
TXN004566,3864,PAY,user009@okbank,2026,4,08/04/26,2:59:00,MER0012,QR,12.9660287024,77.6480530835,No,NONE,No,0.39
TXN001043,16610,PAY,user037@okbank,2026,2,20/02/26,1:03:00,MER0069,VPA,12.9640286657,77.4632721146,No,NONE,No,0.18
TXN000579,3619,PAY,user011@okbank,2026,3,15/03/26,23:43:00,MER0070,INTENT,13.0173121735,77.5988311818,No,NONE,No,0.16
TXN004036,5621,PAY,user034@okbank,2026,2,13/02/26,9:13:00,MER0200,INTENT,12.9335984309,77.6227177837,No,NONE,No,0.27
TXN000788,19136,PAY,user026@okbank,2026,5,26/05/26,15:44:00,MER0021,MOBILE,13.0419466806,77.5881107782,No,NONE,No,0.02
TXN001671,36165,PAY,user003@okbank,2026,1,21/01/26,8:58:00,MER0113,MOBILE,12.9164990547,77.6409478903,No,NONE,No,0.21
TXN004140,31295,PAY,user016@okbank,2026,5,02/05/26,16:58:00,MER0175,COLLECT,13.0047808881,77.6277009733,No,NONE,No,0.18
TXN000002,46892,PAY,user047@okbank,2026,2,23/02/26,23:29:00,MER0182,INTENT,13.0056239925,77.5266266612,No,NONE,Yes,0.67
TXN002385,15391,PAY,user035@okbank,2026,6,14/06/26,13:46:00,MER0032,IN_APP,13.0313111688,77.6893420435,No,NONE,No,0.02
TXN002883,7678,PAY,user017@okbank,2026,3,02/03/26,16:50:00,MER0018,VPA,12.9858077201,77.53911037,No,NONE,No,0.15
TXN002842,25893,PAY,user048@okbank,2026,3,14/03/26,20:24:00,MER0039,ACCOUNT_IFSC,12.9304802799,77.5474331848,No,NONE,No,0.32
TXN003231,28921,PAY,user027@okbank,2026,5,04/05/26,14:37:00,MER0084,INTENT,13.0096107868,77.6211678069,No,NONE,No,0.38
TXN004136,7085,PAY,user045@okbank,2026,3,10/03/26,5:56:00,MER0190,MANDATE,13.0219010451,77.4588634582,No,NONE,No,0.38
TXN004810,4027,PAY,user004@okbank,2026,1,02/01/26,8:18:00,MER0143,VPA,13.0161059853,77.5821859486,No,NONE,No,0.2
TXN000083,32442,PAY,user003@okbank,2026,2,26/02/26,11:52:00,MER0112,COLLECT,13.0162335144,77.5723332437,No,SIM_SWAP_DRAIN,Yes,0.98
TXN002857,26524,PAY,user030@okbank,2026,4,19/04/26,7:03:00,MER0162,MOBILE,13.0320693703,77.6511076888,No,NONE,No,0.11
TXN000001,73669,PAY,user031@okbank,2026,5,08/05/26,20:52:00,MER0189,COLLECT,12.9181553244,77.5905533453,No,MULE_ACCOUNT,Yes,0.89
TXN002901,12383,PAY,user044@okbank,2026,4,17/04/26,10:16:00,MER0073,COLLECT,12.9381202438,77.534355497,No,NONE,No,0.26
TXN001708,8933,PAY,user034@okbank,2026,5,01/05/26,9:43:00,MER0163,IN_APP,12.9928889735,77.4920403647,No,NONE,No,0.25
TXN002068,13977,PAY,user033@okbank,2026,4,16/04/26,1:28:00,MER0144,QR,13.016083473,77.5904618794,No,NONE,No,0.02
TXN000110,94496,PAY,user020@okbank,2026,1,08/01/26,16:55:00,MER0090,COLLECT,12.9690547488,77.5412830505,No,INVESTMENT_SCAM,Yes,0.83
TXN003879,11423,PAY,user038@okbank,2026,1,02/01/26,23:12:00,MER0043,MOBILE,13.0396266778,77.6629632904,Yes,NONE,No,0.07
TXN003573,8610,PAY,user009@okbank,2026,3,19/03/26,22:12:00,MER0154,VPA,12.9488537881,77.5692252695,No,NONE,No,0.21
TXN003892,7451,PAY,user021@okbank,2026,1,24/01/26,3:52:00,MER0189,IN_APP,13.0708321165,77.6395343756,No,NONE,No,0.42
TXN003154,100,PAY,user037@okbank,2026,3,08/03/26,21:47:00,MER0036,VPA,12.9779110594,77.5820393301,No,NONE,No,0.29
TXN001574,13534,PAY,user027@okbank,2026,3,24/03/26,15:49:00,MER0167,MOBILE,12.9770197192,77.5480395071,No,NONE,No,0.35
TXN002152,20422,PAY,user032@okbank,2026,2,26/02/26,23:21:00,MER0158,ACCOUNT_IFSC,12.9352002928,77.5537208,No,NONE,No,0.47
TXN001103,100,PAY,user012@okbank,2026,6,14/06/26,15:19:00,MER0177,IN_APP,12.931856516,77.6320644501,No,NONE,No,0.08
TXN001888,27399,PAY,user034@okbank,2026,2,04/02/26,16:57:00,MER0116,MANDATE,12.935099978,77.5807867811,No,NONE,No,0.28
TXN004615,3780,PAY,user013@okbank,2026,2,09/02/26,2:43:00,MER0054,VPA,12.9513807044,77.6551399413,No,NONE,No,0.42
TXN004986,14310,PAY,user027@okbank,2026,2,14/02/26,5:13:00,MER0014,ACCOUNT_IFSC,12.9511532486,77.5120577653,No,NONE,No,0.32
TXN001967,11379,PAY,user011@okbank,2026,1,22/01/26,14:22:00,MER0160,COLLECT,12.9823947622,77.6165079695,No,NONE,No,0.29
TXN001012,16195,PAY,user006@okbank,2026,2,21/02/26,13:53:00,MER0138,IN_APP,12.9758918584,77.5783243861,No,NONE,No,0.02
TXN001495,3683,PAY,user027@okbank,2026,5,07/05/26,16:38:00,MER0147,MANDATE,12.9611524958,77.6511292237,No,NONE,No,0.15
TXN002581,24712,PAY,user025@okbank,2026,1,27/01/26,22:44:00,MER0142,MOBILE,13.014022096,77.5752785885,No,NONE,No,0.37
TXN003691,21189,PAY,user029@okbank,2026,1,28/01/26,11:23:00,MER0059,IN_APP,13.0050689383,77.5613555486,No,NONE,No,0.32
TXN000882,13571,PAY,user022@okbank,2026,2,08/02/26,23:04:00,MER0170,MANDATE,12.9365441802,77.6230607744,No,NONE,No,0.18
TXN004878,17770,PAY,user004@okbank,2026,1,01/01/26,15:09:00,MER0182,COLLECT,12.9483950361,77.6183925592,No,NONE,No,0.21
TXN000861,15045,PAY,user020@okbank,2026,4,03/04/26,13:11:00,MER0154,IN_APP,13.0000201994,77.5447911762,No,NONE,No,0.4
TXN002757,6229,PAY,user009@okbank,2026,6,10/06/26,21:19:00,MER0082,ACCOUNT_IFSC,12.8761595549,77.5597293737,No,NONE,No,0.27
TXN002649,13470,PAY,user040@okbank,2026,6,25/06/26,4:48:00,MER0111,MANDATE,12.9577306878,77.5980449758,No,NONE,No,0.19
TXN000516,7082,PAY,user006@okbank,2026,6,28/06/26,2:12:00,MER0120,QR,13.0101030668,77.608215901,No,NONE,No,0.27
TXN000736,5049,PAY,user023@okbank,2026,5,03/05/26,21:22:00,MER0146,QR,13.0050201444,77.5426354865,No,NONE,No,0.29
TXN003909,9582,PAY,user023@okbank,2026,1,24/01/26,11:20:00,MER0050,COLLECT,13.0312714161,77.6059255085,No,NONE,No,0.31
TXN002733,25029,PAY,user006@okbank,2026,3,13/03/26,22:45:00,MER0083,QR,13.0110494677,77.5984200172,No,NONE,No,0.38
TXN001449,25336,PAY,user027@okbank,2026,5,08/05/26,2:26:00,MER0141,INTENT,12.9178955916,77.6000699088,No,NONE,No,0.42
TXN001217,20348,PAY,user037@okbank,2026,6,05/06/26,13:24:00,MER0156,MOBILE,12.9648138282,77.5788877543,No,NONE,No,0.28
TXN001841,27746,PAY,user039@okbank,2026,3,03/03/26,23:29:00,MER0027,VPA,12.95572334,77.655295731,No,NONE,No,0.28
TXN003584,13537,PAY,user034@okbank,2026,6,22/06/26,10:01:00,MER0108,IN_APP,13.0428507165,77.6667804878,No,NONE,No,0.3
TXN001050,17713,PAY,user005@okbank,2026,4,25/04/26,3:38:00,MER0068,QR,12.9865796844,77.6096447428,No,NONE,No,0.36
TXN003661,19119,PAY,user003@okbank,2026,2,10/02/26,1:43:00,MER0110,IN_APP,13.0060582448,77.6219702505,No,NONE,No,0.42
TXN004592,8651,PAY,user034@okbank,2026,5,11/05/26,7:46:00,MER0029,MOBILE,13.0883499167,77.5824239925,No,NONE,No,0.02
TXN001817,17688,PAY,user009@okbank,2026,6,26/06/26,4:26:00,MER0123,INTENT,13.0114527409,77.721399537,No,NONE,No,0.11
TXN004569,16671,PAY,user007@okbank,2026,1,01/01/26,20:29:00,MER0153,QR,12.9145760866,77.6558798291,No,NONE,No,0.04
TXN004638,12428,PAY,user046@okbank,2026,5,09/05/26,20:12:00,MER0036,QR,12.9178065864,77.5511493597,No,NONE,No,0.24
TXN004650,18101,PAY,user042@okbank,2026,5,10/05/26,12:41:00,MER0050,ACCOUNT_IFSC,12.8435457106,77.6585827752,No,NONE,No,0.29
TXN000549,100,PAY,user028@okbank,2026,3,17/03/26,21:45:00,MER0057,COLLECT,12.9688678998,77.5843331621,No,NONE,No,0.16
TXN004218,22684,PAY,user030@okbank,2026,6,15/06/26,4:48:00,MER0035,QR,12.964898537,77.4985715263,No,NONE,No,0.15
TXN004275,31709,PAY,user024@okbank,2026,4,13/04/26,2:55:00,MER0134,MOBILE,12.9658516861,77.5945266843,No,NONE,No,0.46
TXN001958,16944,PAY,user043@okbank,2026,6,28/06/26,16:52:00,MER0151,IN_APP,12.9553304971,77.615295963,No,NONE,No,0.43
TXN003093,33678,PAY,user009@okbank,2026,5,03/05/26,9:59:00,MER0009,ACCOUNT_IFSC,13.0325286347,77.6283468219,No,NONE,No,0.31
TXN000141,92644,PAY,user011@okbank,2026,3,09/03/26,1:50:00,MER0119,MANDATE,13.0271501206,77.5811780474,No,INVESTMENT_SCAM,Yes,0.44
TXN002548,15002,PAY,user003@okbank,2026,6,02/06/26,1:39:00,MER0177,QR,12.9249815704,77.5765208176,No,NONE,No,0.29
TXN000544,10967,PAY,user009@okbank,2026,6,23/06/26,5:55:00,MER0089,VPA,12.9844228364,77.6736481075,No,NONE,No,0.36
TXN003926,4928,PAY,user050@okbank,2026,1,04/01/26,23:39:00,MER0013,INTENT,13.0105677043,77.6268102757,No,NONE,No,0.49
TXN002214,22914,PAY,user026@okbank,2026,1,03/01/26,5:11:00,MER0052,INTENT,12.8818581404,77.5944790995,No,NONE,No,0.29
TXN002727,23293,PAY,user005@okbank,2026,4,06/04/26,15:58:00,MER0106,ACCOUNT_IFSC,12.927703516,77.5772840918,No,NONE,No,0.46
TXN002043,23368,PAY,user031@okbank,2026,1,23/01/26,11:48:00,MER0094,INTENT,12.9686542352,77.5692838075,No,NONE,No,0.15
TXN004902,10472,PAY,user025@okbank,2026,3,05/03/26,14:57:00,MER0123,MOBILE,12.9897145906,77.6175874284,No,NONE,No,0.43
TXN000116,41087,PAY,user030@okbank,2026,4,19/04/26,3:49:00,MER0176,INTENT,12.9889817717,77.6211259608,No,INVESTMENT_SCAM,Yes,0.53
TXN003095,14293,PAY,user030@okbank,2026,1,23/01/26,11:41:00,MER0111,ACCOUNT_IFSC,12.9968028784,77.5961372276,No,NONE,No,0.1
TXN004172,100,PAY,user038@okbank,2026,5,27/05/26,6:45:00,MER0036,QR,13.011521633,77.5458539468,No,NONE,No,0.16
TXN004659,13611,PAY,user012@okbank,2026,4,16/04/26,13:28:00,MER0163,QR,12.9904004523,77.6356433153,No,NONE,No,0.23
TXN000521,26263,PAY,user046@okbank,2026,1,08/01/26,10:45:00,MER0194,ACCOUNT_IFSC,12.9736387623,77.5812061821,No,NONE,No,0.11
TXN001165,16091,PAY,user023@okbank,2026,1,06/01/26,7:39:00,MER0072,IN_APP,12.9383268905,77.5687456093,No,NONE,No,0.37
TXN003499,25085,PAY,user011@okbank,2026,5,18/05/26,13:18:00,MER0029,ACCOUNT_IFSC,13.0297975942,77.6519355439,No,NONE,No,0.26
TXN004390,1037,PAY,user005@okbank,2026,4,26/04/26,22:33:00,MER0111,MANDATE,12.9940417083,77.4959734182,No,NONE,No,0.22
TXN002715,20790,PAY,user014@okbank,2026,5,18/05/26,15:07:00,MER0021,COLLECT,12.9319983659,77.6322670588,No,NONE,No,0.17
TXN004163,100,PAY,user032@okbank,2026,6,23/06/26,1:46:00,MER0003,INTENT,13.0053523565,77.6559054571,No,NONE,No,0.34
TXN004696,24521,PAY,user043@okbank,2026,6,28/06/26,13:30:00,MER0081,ACCOUNT_IFSC,13.0206222262,77.6187595115,No,NONE,No,0.33
TXN003148,14367,PAY,user013@okbank,2026,3,06/03/26,20:24:00,MER0009,MANDATE,12.935641781,77.5169081264,No,NONE,No,0.03
TXN002489,3197,PAY,user009@okbank,2026,5,15/05/26,11:56:00,MER0039,COLLECT,12.939163578,77.6108643372,No,NONE,No,0.29
TXN003394,8150,PAY,user008@okbank,2026,3,13/03/26,21:19:00,MER0146,MANDATE,12.9008193345,77.5833191238,No,NONE,No,0.3
TXN000935,100,PAY,user026@okbank,2026,3,16/03/26,4:02:00,MER0156,QR,13.0848986412,77.6686780599,No,NONE,No,0.22
TXN003316,18687,PAY,user043@okbank,2026,2,15/02/26,4:16:00,MER0061,MANDATE,12.9834512036,77.5414640685,No,NONE,No,0.02
TXN001406,100,PAY,user034@okbank,2026,2,19/02/26,10:23:00,MER0007,MOBILE,13.0206097115,77.5564117879,No,NONE,No,0.25
TXN003478,100,PAY,user036@okbank,2026,1,10/01/26,12:01:00,MER0131,MOBILE,12.9874168855,77.5722029859,No,NONE,No,0.36
TXN002725,7894,PAY,user050@okbank,2026,6,22/06/26,21:50:00,MER0094,QR,12.9738811315,77.6441275138,No,NONE,No,0.4
TXN000848,100,PAY,user006@okbank,2026,5,09/05/26,4:13:00,MER0002,COLLECT,13.0036330833,77.6029279631,No,NONE,No,0.14
TXN001275,16697,PAY,user019@okbank,2026,5,25/05/26,18:17:00,MER0155,ACCOUNT_IFSC,12.9036269104,77.5613666647,No,NONE,No,0.32
TXN001732,35495,PAY,user005@okbank,2026,5,16/05/26,12:21:00,MER0072,ACCOUNT_IFSC,13.0224856707,77.5340536139,No,NONE,No,0.62
TXN003272,6276,PAY,user040@okbank,2026,2,13/02/26,3:03:00,MER0164,INTENT,12.9905805511,77.5593889146,No,NONE,No,0.08
TXN002484,27753,PAY,user026@okbank,2026,3,02/03/26,20:39:00,MER0133,VPA,13.0299790405,77.6637954466,No,NONE,No,0.32
TXN002569,2327,PAY,user028@okbank,2026,5,01/05/26,6:31:00,MER0115,INTENT,12.9617244933,77.5895993859,No,NONE,No,0.49
TXN000744,19877,PAY,user038@okbank,2026,6,24/06/26,0:16:00,MER0184,INTENT,12.9414828295,77.5773854381,No,NONE,No,0.13
TXN001362,23020,PAY,user009@okbank,2026,1,01/01/26,21:27:00,MER0084,MANDATE,12.8915042733,77.5808907165,No,NONE,No,0.38
TXN000010,69293,PAY,user047@okbank,2026,6,20/06/26,2:32:00,MER0045,IN_APP,12.9757126754,77.6559692913,No,TEST_THEN_DRAIN,Yes,0.71
TXN000429,20159,PAY,user001@okbank,2026,4,09/04/26,18:48:00,MER0040,MANDATE,12.9555649459,77.5483596981,No,NONE,No,0.2
TXN000508,12242,PAY,user047@okbank,2026,1,14/01/26,21:07:00,MER0025,MANDATE,12.9668716093,77.6354851405,No,NONE,No,0.52
TXN003920,4364,PAY,user004@okbank,2026,2,25/02/26,21:42:00,MER0030,VPA,12.9489671278,77.5784810242,No,NONE,No,0.23
TXN002494,15169,PAY,user033@okbank,2026,6,03/06/26,19:09:00,MER0196,VPA,12.8901204935,77.6092351093,No,NONE,No,0.28
TXN003746,15075,PAY,user050@okbank,2026,4,26/04/26,23:32:00,MER0179,INTENT,12.9525923733,77.433091434,No,NONE,No,0.43
TXN001114,28188,PAY,user022@okbank,2026,5,24/05/26,10:02:00,MER0139,QR,12.9860015517,77.6292411256,No,NONE,No,0.27
TXN003826,26537,PAY,user028@okbank,2026,2,16/02/26,11:57:00,MER0069,MOBILE,12.9569857103,77.5903479963,No,NONE,No,0.17
TXN004055,35921,PAY,user033@okbank,2026,6,21/06/26,2:00:00,MER0051,VPA,13.0241925105,77.5927382447,No,NONE,No,0.31
TXN004444,13299,PAY,user048@okbank,2026,4,23/04/26,17:48:00,MER0028,QR,12.9019231325,77.552795547,No,NONE,No,0.19
TXN004325,25311,PAY,user042@okbank,2026,2,09/02/26,6:14:00,MER0133,ACCOUNT_IFSC,13.0073428398,77.6692861675,No,NONE,No,0.39
TXN003908,8953,PAY,user004@okbank,2026,3,07/03/26,6:30:00,MER0136,IN_APP,12.9553179465,77.6303728986,No,NONE,No,0.15
TXN003321,20211,PAY,user012@okbank,2026,6,03/06/26,20:08:00,MER0181,IN_APP,12.9221485796,77.562620551,No,NONE,No,0.18
TXN001427,10524,PAY,user027@okbank,2026,1,26/01/26,13:09:00,MER0085,MOBILE,12.9109705212,77.6682846372,No,NONE,No,0.16
TXN001044,12764,PAY,user004@okbank,2026,4,26/04/26,18:06:00,MER0151,VPA,12.9658965409,77.6398668856,No,NONE,No,0.28
TXN003712,14426,PAY,user005@okbank,2026,6,20/06/26,11:28:00,MER0034,ACCOUNT_IFSC,12.913170099,77.6219533184,No,NONE,No,0.53
TXN004043,3745,PAY,user049@okbank,2026,3,20/03/26,10:31:00,MER0019,ACCOUNT_IFSC,12.9811555824,77.5874519807,No,NONE,No,0.3
TXN004028,100,PAY,user018@okbank,2026,1,04/01/26,11:53:00,MER0197,INTENT,13.0379217544,77.5312199203,No,NONE,No,0.13
TXN002819,21837,PAY,user016@okbank,2026,1,07/01/26,8:59:00,MER0159,COLLECT,12.9175395628,77.5974822545,No,NONE,No,0.23
TXN000511,13815,PAY,user009@okbank,2026,1,18/01/26,15:15:00,MER0126,COLLECT,12.9250503384,77.4657187566,No,NONE,No,0.57
TXN002543,22698,PAY,user034@okbank,2026,2,17/02/26,18:08:00,MER0009,COLLECT,12.9175532545,77.5409364264,No,NONE,No,0.15
TXN003773,11072,PAY,user012@okbank,2026,6,18/06/26,17:43:00,MER0009,MOBILE,13.0014966578,77.605712651,No,NONE,No,0.25
TXN001346,16653,PAY,user008@okbank,2026,1,23/01/26,1:45:00,MER0101,INTENT,12.9618645915,77.6344884631,No,NONE,No,0.3
TXN002278,14169,PAY,user042@okbank,2026,2,01/02/26,20:09:00,MER0165,MANDATE,12.9307789941,77.5669541274,No,NONE,No,0.28
TXN003393,100,PAY,user023@okbank,2026,6,12/06/26,13:10:00,MER0124,MANDATE,12.935422586,77.6134850033,No,NONE,No,0.23
TXN002946,2665,PAY,user021@okbank,2026,1,10/01/26,14:21:00,MER0092,VPA,12.9230611293,77.5949319801,No,NONE,No,0.44
TXN004736,27864,PAY,user004@okbank,2026,6,18/06/26,15:26:00,MER0016,ACCOUNT_IFSC,12.9316681259,77.6052863409,No,NONE,No,0.33
TXN001937,24281,PAY,user016@okbank,2026,1,22/01/26,2:45:00,MER0144,VPA,12.9956423555,77.7289701861,No,NONE,No,0.29
TXN002382,11116,PAY,user043@okbank,2026,3,14/03/26,1:03:00,MER0185,INTENT,13.0395663277,77.6448522952,No,NONE,No,0.22
TXN003793,100,PAY,user017@okbank,2026,4,28/04/26,8:00:00,MER0033,INTENT,13.0537142949,77.5705591268,No,NONE,No,0.17
TXN004879,24638,PAY,user045@okbank,2026,4,13/04/26,0:56:00,MER0041,MANDATE,12.901616446,77.5437779109,No,NONE,No,0.11
TXN003065,39567,PAY,user040@okbank,2026,1,19/01/26,21:55:00,MER0066,MANDATE,12.9577013994,77.5066569796,No,NONE,No,0.28
TXN002365,5635,PAY,user050@okbank,2026,1,27/01/26,1:52:00,MER0163,COLLECT,12.944758075,77.6254602954,No,NONE,No,0.32
TXN004777,100,PAY,user050@okbank,2026,6,02/06/26,1:30:00,MER0076,QR,12.9693982088,77.6344902661,No,NONE,No,0.26
TXN003191,16590,PAY,user010@okbank,2026,5,10/05/26,15:17:00,MER0187,VPA,12.863486488,77.5758417475,No,NONE,No,0.35
TXN000363,14312,PAY,user014@okbank,2026,4,26/04/26,7:33:00,MER0116,IN_APP,12.9985392194,77.6876804853,No,NONE,No,0.21
TXN002635,12055,PAY,user031@okbank,2026,4,16/04/26,23:00:00,MER0174,INTENT,13.0263790387,77.6533974711,No,NONE,No,0.21
TXN000101,61878,PAY,user037@okbank,2026,5,18/05/26,8:47:00,MER0044,COLLECT,12.989228079,77.6045252612,No,SIM_SWAP_DRAIN,Yes,0.68
TXN001249,2449,PAY,user001@okbank,2026,1,26/01/26,22:35:00,MER0183,IN_APP,13.1139367977,77.6210974736,No,NONE,No,0.61
TXN000692,31765,PAY,user004@okbank,2026,5,08/05/26,2:46:00,MER0193,INTENT,13.0038788065,77.552233698,No,NONE,No,0.28
TXN003620,20433,PAY,user021@okbank,2026,1,12/01/26,16:35:00,MER0003,ACCOUNT_IFSC,13.0644860764,77.6696565124,No,NONE,No,0.12
TXN003787,5297,PAY,user015@okbank,2026,5,13/05/26,5:36:00,MER0044,COLLECT,12.9687219633,77.5763082036,No,NONE,No,0.3
TXN004362,12251,PAY,user036@okbank,2026,3,02/03/26,5:51:00,MER0007,VPA,12.9959033226,77.4737290303,No,NONE,No,0.29
TXN002768,48178,PAY,user043@okbank,2026,5,03/05/26,2:08:00,MER0137,INTENT,12.9260657934,77.4999982655,No,NONE,No,0.38
TXN001399,20010,PAY,user006@okbank,2026,4,27/04/26,5:33:00,MER0136,MOBILE,12.9601451487,77.5549988924,No,NONE,No,0.29
TXN000228,87344,PAY,user011@okbank,2026,4,02/04/26,23:12:00,MER0130,VPA,12.9710559782,77.6644376113,No,QR_DECEPTION,Yes,0.64
TXN000168,43095,PAY,user046@okbank,2026,6,01/06/26,7:55:00,MER0061,COLLECT,13.0886821972,77.617332846,No,ACCOUNT_TAKEOVER,Yes,0.83
TXN003949,19447,PAY,user021@okbank,2026,3,02/03/26,0:12:00,MER0200,VPA,12.9726613932,77.6241743607,No,NONE,No,0.2
TXN000824,19542,PAY,user003@okbank,2026,2,04/02/26,12:22:00,MER0141,INTENT,13.0684369945,77.6006709219,No,NONE,No,0.63
TXN004402,33280,PAY,user050@okbank,2026,3,15/03/26,3:43:00,MER0185,IN_APP,12.9213052851,77.5008215,No,NONE,No,0.34
TXN004379,7216,PAY,user030@okbank,2026,3,22/03/26,16:42:00,MER0161,INTENT,13.0181240779,77.5238970104,No,NONE,No,0.23
TXN004745,19012,PAY,user019@okbank,2026,2,27/02/26,19:12:00,MER0082,QR,12.9744132384,77.5565364136,No,NONE,No,0.27
TXN004751,10158,PAY,user036@okbank,2026,6,26/06/26,3:22:00,MER0091,MOBILE,12.9590418987,77.5750775859,No,NONE,No,0.17
TXN001570,29826,PAY,user008@okbank,2026,2,15/02/26,0:25:00,MER0079,QR,12.9808299897,77.5707393297,No,NONE,No,0.02
TXN000613,7467,PAY,user047@okbank,2026,6,21/06/26,11:32:00,MER0111,COLLECT,12.9959025819,77.5206174096,No,NONE,No,0.03
TXN001439,9516,PAY,user021@okbank,2026,4,11/04/26,10:55:00,MER0055,IN_APP,12.912838009,77.641758628,No,NONE,No,0.17
TXN003438,30872,PAY,user022@okbank,2026,6,26/06/26,3:26:00,MER0104,INTENT,12.9363606622,77.6019473239,No,NONE,No,0.42
TXN001118,32446,PAY,user007@okbank,2026,4,02/04/26,2:30:00,MER0179,QR,13.0510531337,77.6105297413,Yes,NONE,No,0.2
TXN004368,4372,PAY,user036@okbank,2026,3,27/03/26,5:06:00,MER0144,INTENT,12.9430030699,77.5019071676,No,NONE,No,0.1
TXN002585,5888,PAY,user001@okbank,2026,4,18/04/26,2:36:00,MER0197,QR,12.946117965,77.6223244199,No,NONE,No,0.39
TXN002956,10987,PAY,user005@okbank,2026,6,07/06/26,10:25:00,MER0073,COLLECT,12.9556093046,77.5807914464,No,NONE,No,0.15
TXN003936,100,PAY,user045@okbank,2026,6,01/06/26,10:54:00,MER0073,VPA,12.9149009239,77.6289180705,No,NONE,No,0.15
TXN000592,9767,PAY,user025@okbank,2026,3,15/03/26,14:56:00,MER0027,MOBILE,12.9376531727,77.5455134337,No,NONE,No,0.15
TXN000708,18647,PAY,user005@okbank,2026,3,10/03/26,16:21:00,MER0068,MOBILE,12.9809170204,77.5590108858,No,NONE,No,0.25
TXN003505,18256,PAY,user016@okbank,2026,5,16/05/26,8:31:00,MER0109,MOBILE,13.0113493767,77.5843384856,No,NONE,No,0.51
TXN000236,60868,PAY,user025@okbank,2026,5,03/05/26,23:30:00,MER0071,IN_APP,12.9510066099,77.6313553895,No,TASK_SCAM,Yes,0.7
TXN002411,100,PAY,user009@okbank,2026,2,24/02/26,21:10:00,MER0131,IN_APP,12.9990525329,77.5881617909,No,NONE,No,0.1
TXN004249,7788,PAY,user028@okbank,2026,3,11/03/26,17:41:00,MER0050,MANDATE,12.9374528199,77.5593546276,No,NONE,No,0.23
TXN000907,29314,PAY,user022@okbank,2026,3,20/03/26,6:13:00,MER0031,MOBILE,12.8837995011,77.6234395788,No,NONE,No,0.24
TXN003768,22807,PAY,user044@okbank,2026,1,21/01/26,0:27:00,MER0034,MOBILE,12.9201234652,77.5769520793,No,NONE,No,0.32
TXN000098,43718,PAY,user018@okbank,2026,5,25/05/26,12:42:00,MER0007,VPA,12.8851865674,77.6257844876,No,TEST_THEN_DRAIN,Yes,0.85
TXN000086,60046,PAY,user013@okbank,2026,4,01/04/26,4:59:00,MER0063,IN_APP,12.9772810953,77.589802384,Yes,INVESTMENT_SCAM,Yes,0.84
TXN001966,8490,PAY,user020@okbank,2026,4,10/04/26,14:02:00,MER0147,MANDATE,13.0363495781,77.6318371454,No,NONE,No,0.07
TXN003777,13391,PAY,user020@okbank,2026,3,27/03/26,7:07:00,MER0200,MANDATE,12.9728434061,77.5589950188,No,NONE,No,0.3
TXN002621,33116,PAY,user011@okbank,2026,1,24/01/26,18:10:00,MER0073,QR,12.9555207217,77.6124260273,No,NONE,No,0.23
TXN000222,85623,PAY,user008@okbank,2026,3,18/03/26,19:33:00,MER0016,MANDATE,12.9961920431,77.6321260896,No,TASK_SCAM,Yes,0.89
TXN001424,6994,PAY,user050@okbank,2026,6,06/06/26,7:48:00,MER0067,QR,12.9441484126,77.6429217963,No,NONE,No,0.1
TXN004548,5166,PAY,user010@okbank,2026,2,02/02/26,22:21:00,MER0016,QR,12.9175595807,77.5729419027,No,NONE,No,0.37
TXN002832,19222,PAY,user031@okbank,2026,1,03/01/26,20:42:00,MER0107,INTENT,12.9701060812,77.5596925911,No,NONE,No,0.22
TXN002605,14276,PAY,user034@okbank,2026,4,26/04/26,3:25:00,MER0115,INTENT,12.9913875895,77.5528552904,No,NONE,No,0.11
TXN000328,24434,PAY,user045@okbank,2026,5,08/05/26,14:41:00,MER0122,IN_APP,12.9951191356,77.5632200092,No,NONE,No,0.2
TXN004717,12041,PAY,user037@okbank,2026,6,07/06/26,13:56:00,MER0054,ACCOUNT_IFSC,13.0074759681,77.6304962418,No,NONE,No,0.26
TXN002406,13892,PAY,user013@okbank,2026,5,17/05/26,19:15:00,MER0078,INTENT,12.8971530727,77.5928450371,No,NONE,No,0.38
TXN002076,26447,PAY,user043@okbank,2026,2,27/02/26,12:16:00,MER0072,ACCOUNT_IFSC,12.8366761889,77.6068979849,No,NONE,No,0.3
TXN004044,8579,PAY,user045@okbank,2026,5,11/05/26,4:19:00,MER0111,MANDATE,12.9728808041,77.5948936763,No,NONE,No,0.27
TXN000523,27914,PAY,user023@okbank,2026,4,18/04/26,22:12:00,MER0011,QR,13.0125675607,77.5934168715,No,NONE,No,0.26
TXN000743,15330,PAY,user004@okbank,2026,1,28/01/26,5:52:00,MER0097,ACCOUNT_IFSC,12.9684160259,77.5512009168,No,NONE,No,0.2
TXN003325,25120,PAY,user017@okbank,2026,3,11/03/26,8:47:00,MER0104,QR,12.9179298515,77.6131980587,No,NONE,No,0.09
TXN001659,35632,PAY,user025@okbank,2026,1,22/01/26,8:58:00,MER0138,QR,12.9336877099,77.6465015819,No,NONE,No,0.55
TXN004611,27075,PAY,user048@okbank,2026,2,14/02/26,12:14:00,MER0194,INTENT,12.9093249482,77.5390133476,No,NONE,No,0.33
TXN002131,18689,PAY,user025@okbank,2026,1,02/01/26,17:46:00,MER0198,MOBILE,12.9192156305,77.5601102003,No,NONE,No,0.23
TXN002979,11063,PAY,user031@okbank,2026,5,05/05/26,0:14:00,MER0099,MOBILE,13.0185677678,77.6259557072,No,NONE,No,0.51
TXN000828,20971,PAY,user022@okbank,2026,6,12/06/26,10:32:00,MER0174,QR,13.0152918083,77.637985507,No,NONE,No,0.18
TXN000370,9072,PAY,user024@okbank,2026,3,02/03/26,16:27:00,MER0097,ACCOUNT_IFSC,12.9973940729,77.5527831807,No,NONE,No,0.34
TXN004120,26731,PAY,user021@okbank,2026,3,09/03/26,11:40:00,MER0186,COLLECT,12.9490627997,77.6586280155,No,NONE,No,0.3
TXN000910,21082,PAY,user006@okbank,2026,6,23/06/26,1:08:00,MER0197,COLLECT,12.8701990355,77.5449091278,No,NONE,No,0.43
TXN000668,24068,PAY,user024@okbank,2026,5,25/05/26,15:56:00,MER0002,INTENT,12.9733715691,77.6055482453,No,NONE,No,0.2
TXN002329,7498,PAY,user019@okbank,2026,5,05/05/26,3:30:00,MER0071,IN_APP,12.9527485114,77.6290469069,No,NONE,No,0.29
TXN003626,26851,PAY,user038@okbank,2026,2,17/02/26,18:53:00,MER0028,MANDATE,12.9886653882,77.7000959917,No,NONE,No,0.22
TXN002399,2001,PAY,user048@okbank,2026,4,11/04/26,13:24:00,MER0116,COLLECT,13.0348883667,77.5788403516,No,NONE,No,0.2
TXN004102,9478,PAY,user046@okbank,2026,6,21/06/26,21:33:00,MER0145,COLLECT,12.9982105788,77.5601293773,No,NONE,No,0.31
TXN002448,12443,PAY,user006@okbank,2026,5,28/05/26,8:07:00,MER0106,ACCOUNT_IFSC,12.8673042087,77.5834744065,No,NONE,No,0.31
TXN001622,9226,PAY,user006@okbank,2026,1,09/01/26,21:15:00,MER0175,INTENT,13.0110339814,77.5850431808,No,NONE,No,0.18
TXN001906,16210,PAY,user042@okbank,2026,4,15/04/26,18:03:00,MER0074,VPA,13.0286757833,77.5759419804,No,NONE,No,0.14
TXN002966,100,PAY,user040@okbank,2026,2,16/02/26,20:35:00,MER0112,QR,13.0024175427,77.5333818882,No,NONE,No,0.15
TXN004239,17269,PAY,user002@okbank,2026,4,03/04/26,12:49:00,MER0157,MOBILE,12.9021769277,77.5681204731,No,NONE,No,0.29
TXN002969,13138,PAY,user040@okbank,2026,5,12/05/26,15:14:00,MER0050,VPA,12.9858097576,77.5539209916,No,NONE,No,0.26
TXN004620,9619,PAY,user018@okbank,2026,6,17/06/26,21:42:00,MER0120,ACCOUNT_IFSC,12.8883228968,77.5754728132,No,NONE,No,0.53
TXN001852,16687,PAY,user005@okbank,2026,5,10/05/26,6:39:00,MER0179,MOBILE,13.0009533953,77.587772425,No,NONE,No,0.13
TXN000639,14038,PAY,user018@okbank,2026,6,28/06/26,7:30:00,MER0191,INTENT,12.9194794423,77.5425005705,No,NONE,No,0.47
TXN002036,26517,PAY,user048@okbank,2026,2,07/02/26,10:35:00,MER0092,IN_APP,13.0323330804,77.5986945549,No,NONE,No,0.44
TXN000962,28016,PAY,user035@okbank,2026,3,15/03/26,13:59:00,MER0170,IN_APP,13.0343479519,77.5927901163,No,NONE,No,0.12
TXN004963,19767,PAY,user049@okbank,2026,2,25/02/26,8:04:00,MER0086,IN_APP,13.0148098802,77.5283107647,No,NONE,No,0.33
TXN004323,17757,PAY,user021@okbank,2026,6,28/06/26,0:59:00,MER0133,IN_APP,12.9204274078,77.5584220819,No,NONE,No,0.39
TXN004476,7182,PAY,user014@okbank,2026,2,27/02/26,3:03:00,MER0012,COLLECT,12.938814025,77.5851146928,No,NONE,No,0.34
TXN003711,3573,PAY,user023@okbank,2026,4,15/04/26,20:45:00,MER0096,MOBILE,12.9714116641,77.6258820418,No,NONE,No,0.22
TXN000345,20855,PAY,user011@okbank,2026,5,17/05/26,4:48:00,MER0105,IN_APP,12.9980832938,77.6441701642,No,NONE,No,0.11
TXN002639,33836,PAY,user030@okbank,2026,5,06/05/26,22:26:00,MER0052,QR,13.0363652712,77.6069590554,No,NONE,No,0.11
TXN004400,8245,PAY,user010@okbank,2026,2,16/02/26,14:27:00,MER0102,ACCOUNT_IFSC,12.9263779089,77.589594831,No,NONE,No,0.11
TXN001048,14135,PAY,user034@okbank,2026,4,22/04/26,19:54:00,MER0196,ACCOUNT_IFSC,12.9634056002,77.5374634107,No,NONE,No,0.24
TXN001963,15800,PAY,user003@okbank,2026,5,08/05/26,10:36:00,MER0115,MANDATE,12.9984596897,77.5877208021,No,NONE,No,0.32
TXN001246,3590,PAY,user020@okbank,2026,3,04/03/26,23:44:00,MER0180,IN_APP,13.0218310781,77.5224812948,No,NONE,No,0.35
TXN001783,27380,PAY,user008@okbank,2026,6,01/06/26,5:41:00,MER0111,MOBILE,12.9080502005,77.5432083316,No,NONE,No,0.37
TXN002323,15033,PAY,user046@okbank,2026,6,18/06/26,14:09:00,MER0070,ACCOUNT_IFSC,12.9524764594,77.5914779961,No,NONE,No,0.3
TXN000551,29624,PAY,user038@okbank,2026,4,28/04/26,21:46:00,MER0190,ACCOUNT_IFSC,13.0245893798,77.6036384275,No,NONE,No,0.2
TXN001181,100,PAY,user021@okbank,2026,6,09/06/26,6:09:00,MER0096,ACCOUNT_IFSC,12.9346264559,77.5230508628,No,NONE,No,0.3
TXN003866,13061,PAY,user030@okbank,2026,3,25/03/26,2:31:00,MER0194,MANDATE,12.9665318123,77.6905181906,No,NONE,No,0.2
TXN003876,5471,PAY,user021@okbank,2026,4,02/04/26,2:06:00,MER0114,COLLECT,12.9596098064,77.4971268939,No,NONE,No,0.27
TXN003654,9185,PAY,user006@okbank,2026,1,13/01/26,18:39:00,MER0168,QR,12.9649171154,77.6832640948,No,NONE,No,0.49
TXN002783,5916,PAY,user006@okbank,2026,1,03/01/26,19:29:00,MER0187,MOBILE,12.9858277745,77.5376342966,No,NONE,No,0.2
TXN003820,9224,PAY,user024@okbank,2026,3,07/03/26,3:02:00,MER0069,MANDATE,13.0021629986,77.5701450965,No,NONE,No,0.44
TXN001884,11948,PAY,user032@okbank,2026,2,27/02/26,1:25:00,MER0107,COLLECT,12.9928744236,77.5849778618,No,NONE,No,0.28
TXN000216,32761,PAY,user015@okbank,2026,6,16/06/26,23:18:00,MER0129,MOBILE,12.924707207,77.6365746625,No,INVESTMENT_SCAM,Yes,0.54
TXN000361,12945,PAY,user016@okbank,2026,4,18/04/26,1:01:00,MER0073,COLLECT,12.9935833864,77.5422996873,No,NONE,No,0.14
TXN003765,8522,PAY,user046@okbank,2026,2,14/02/26,13:28:00,MER0039,MOBILE,13.0295561916,77.6006626914,Yes,NONE,No,0.24
TXN004686,6248,PAY,user024@okbank,2026,5,19/05/26,5:51:00,MER0042,IN_APP,12.9531096399,77.5855700261,No,NONE,No,0.21
TXN001583,2287,PAY,user025@okbank,2026,3,24/03/26,2:18:00,MER0055,IN_APP,12.9901593529,77.5561413023,No,NONE,No,0.31
TXN001024,2089,PAY,user010@okbank,2026,1,13/01/26,9:05:00,MER0015,IN_APP,12.9689336011,77.5615659457,No,NONE,No,0.22
TXN003294,17652,PAY,user025@okbank,2026,3,16/03/26,22:22:00,MER0064,VPA,13.0231085384,77.5421972046,No,NONE,No,0.43
TXN000071,86938,PAY,user001@okbank,2026,2,09/02/26,13:38:00,MER0125,MANDATE,12.9803829609,77.552867879,Yes,TEST_THEN_DRAIN,Yes,0.84
TXN000018,95729,PAY,user028@okbank,2026,5,05/05/26,6:36:00,MER0150,ACCOUNT_IFSC,12.9881149952,77.6046167768,No,ACCOUNT_TAKEOVER,Yes,0.58
TXN003583,12886,PAY,user019@okbank,2026,5,13/05/26,14:35:00,MER0062,ACCOUNT_IFSC,12.9773115452,77.5300330104,No,NONE,No,0.52
TXN002756,11976,PAY,user022@okbank,2026,3,21/03/26,5:44:00,MER0043,VPA,12.895406702,77.5162168268,No,NONE,No,0.34
TXN002926,6488,PAY,user009@okbank,2026,6,12/06/26,0:43:00,MER0052,INTENT,13.051538458,77.6167004993,No,NONE,No,0.13
TXN000671,11995,PAY,user009@okbank,2026,4,21/04/26,21:16:00,MER0165,QR,12.988769126,77.670500919,No,NONE,No,0.42
TXN004236,9458,PAY,user034@okbank,2026,5,07/05/26,7:47:00,MER0104,IN_APP,12.8915342317,77.5657956425,No,NONE,No,0.05
TXN000433,18869,PAY,user027@okbank,2026,2,11/02/26,18:48:00,MER0090,MOBILE,12.9743077062,77.7058625513,No,NONE,No,0.24
TXN004237,24818,PAY,user033@okbank,2026,1,07/01/26,20:14:00,MER0030,QR,13.0093973146,77.5883515199,No,NONE,No,0.29
TXN001748,7869,PAY,user002@okbank,2026,6,20/06/26,17:27:00,MER0003,MOBILE,12.9211319923,77.5282252412,No,NONE,No,0.37
TXN001676,12401,PAY,user034@okbank,2026,5,07/05/26,19:49:00,MER0109,QR,12.9144368219,77.6184936124,No,NONE,No,0.14
TXN003330,8039,PAY,user037@okbank,2026,3,02/03/26,6:00:00,MER0174,INTENT,13.0075145805,77.5714493797,No,NONE,No,0.1
TXN002460,12075,PAY,user024@okbank,2026,2,21/02/26,23:57:00,MER0186,MANDATE,12.9043002647,77.5699773345,No,NONE,No,0.32
TXN000461,8770,PAY,user002@okbank,2026,2,25/02/26,4:37:00,MER0112,IN_APP,12.9299273674,77.5876948527,No,NONE,No,0.12
TXN000785,6581,PAY,user003@okbank,2026,6,03/06/26,4:23:00,MER0056,IN_APP,12.9266591576,77.6063472733,No,NONE,No,0.43
TXN004978,3024,PAY,user050@okbank,2026,5,23/05/26,11:58:00,MER0019,ACCOUNT_IFSC,12.9745242535,77.5408510153,No,NONE,No,0.36
TXN000806,28582,PAY,user046@okbank,2026,1,19/01/26,8:27:00,MER0077,IN_APP,12.9975447355,77.5366235173,No,NONE,No,0.26
TXN000165,57117,PAY,user033@okbank,2026,3,18/03/26,18:09:00,MER0192,COLLECT,12.9088199783,77.6046735745,No,TEST_THEN_DRAIN,Yes,0.79
TXN000142,109178,PAY,user038@okbank,2026,5,07/05/26,23:33:00,MER0120,IN_APP,12.9084172861,77.5477283141,No,FAKE_CUSTOMER_CARE,Yes,0.6
TXN001207,1021,PAY,user018@okbank,2026,2,02/02/26,14:03:00,MER0199,INTENT,12.9928035392,77.5802672493,No,NONE,No,0.54
TXN004009,24486,PAY,user025@okbank,2026,5,28/05/26,18:28:00,MER0167,COLLECT,13.0197953869,77.5047331492,No,NONE,No,0.29
TXN004414,21068,PAY,user002@okbank,2026,1,18/01/26,23:10:00,MER0082,COLLECT,12.9373563661,77.6159344179,No,NONE,No,0.46
TXN001976,100,PAY,user026@okbank,2026,6,12/06/26,9:27:00,MER0057,MOBILE,13.0810036483,77.6696459759,No,NONE,No,0.45
TXN001003,17145,PAY,user044@okbank,2026,1,21/01/26,15:41:00,MER0148,ACCOUNT_IFSC,12.877595143,77.5413846295,No,NONE,No,0.17
TXN003387,100,PAY,user022@okbank,2026,3,11/03/26,7:25:00,MER0144,MANDATE,13.0140786897,77.5916168139,No,NONE,No,0.21
TXN001885,4220,PAY,user043@okbank,2026,1,09/01/26,6:20:00,MER0002,MANDATE,13.0314554916,77.5935853918,No,NONE,No,0.14
TXN002405,21440,PAY,user014@okbank,2026,6,20/06/26,13:32:00,MER0169,COLLECT,12.9647637839,77.6119854542,No,NONE,No,0.05
TXN002806,12931,PAY,user036@okbank,2026,1,18/01/26,20:46:00,MER0120,QR,12.9777403116,77.5331020592,No,NONE,No,0.19
TXN001060,29769,PAY,user045@okbank,2026,2,09/02/26,17:49:00,MER0196,VPA,13.0271532542,77.6472389663,No,NONE,No,0.25
TXN003167,32159,PAY,user044@okbank,2026,4,10/04/26,14:59:00,MER0004,ACCOUNT_IFSC,12.9445134446,77.5823341734,No,NONE,No,0.23
TXN003493,17592,PAY,user009@okbank,2026,6,12/06/26,22:34:00,MER0190,ACCOUNT_IFSC,12.9672250514,77.5721442567,No,NONE,No,0.02
TXN001436,15489,PAY,user001@okbank,2026,1,04/01/26,13:04:00,MER0078,MOBILE,13.0330728752,77.6267067871,No,NONE,No,0.35
TXN004070,5896,PAY,user037@okbank,2026,4,07/04/26,19:36:00,MER0030,QR,12.9586104423,77.5380144721,No,NONE,No,0.18
TXN004021,13282,PAY,user023@okbank,2026,2,14/02/26,7:21:00,MER0069,MANDATE,12.9178674725,77.656773334,No,NONE,No,0.12
TXN003134,100,PAY,user003@okbank,2026,2,12/02/26,3:53:00,MER0179,VPA,12.9443296324,77.5793356176,No,NONE,No,0.03
TXN004178,23659,PAY,user019@okbank,2026,5,05/05/26,5:38:00,MER0145,INTENT,12.9880163757,77.5601910288,No,NONE,No,0.28
TXN004998,18649,PAY,user016@okbank,2026,3,17/03/26,3:57:00,MER0176,IN_APP,12.9597881138,77.629418054,No,NONE,No,0.14
TXN002189,15409,PAY,user023@okbank,2026,1,02/01/26,15:09:00,MER0051,COLLECT,12.9384167532,77.5434845302,No,NONE,No,0.38
TXN004349,36571,PAY,user029@okbank,2026,4,28/04/26,13:02:00,MER0057,COLLECT,12.9217217426,77.5959813899,No,NONE,No,0.11
TXN004297,17597,PAY,user043@okbank,2026,1,16/01/26,17:06:00,MER0014,MANDATE,12.9950690296,77.6198646872,No,NONE,No,0.16
TXN003076,11293,PAY,user031@okbank,2026,2,05/02/26,6:31:00,MER0157,COLLECT,12.9770242812,77.5088493958,No,NONE,No,0.27
TXN002275,23121,PAY,user035@okbank,2026,3,06/03/26,1:58:00,MER0021,MOBILE,12.9209822848,77.5595356832,No,NONE,No,0.43
TXN001685,16185,PAY,user041@okbank,2026,6,17/06/26,15:51:00,MER0032,MOBILE,12.9794380484,77.5833155028,No,NONE,No,0.26
TXN004704,20825,PAY,user005@okbank,2026,5,01/05/26,10:55:00,MER0073,COLLECT,13.0068269211,77.6390831833,No,NONE,No,0.22
TXN001265,9781,PAY,user031@okbank,2026,6,25/06/26,22:34:00,MER0001,IN_APP,12.9910491944,77.5211297456,No,NONE,No,0.28
TXN003590,11715,PAY,user005@okbank,2026,4,03/04/26,20:45:00,MER0074,IN_APP,12.9582945396,77.6118547522,No,NONE,No,0.26
TXN002828,18601,PAY,user036@okbank,2026,3,21/03/26,9:27:00,MER0163,IN_APP,13.0316011003,77.5931068331,No,NONE,No,0.13
TXN004378,14113,PAY,user007@okbank,2026,2,08/02/26,12:36:00,MER0136,VPA,13.03211306,77.6804403971,No,NONE,No,0.19
TXN004024,26898,PAY,user022@okbank,2026,2,17/02/26,5:16:00,MER0088,MOBILE,12.9463216363,77.6490448292,No,NONE,No,0.23
TXN000397,20227,PAY,user035@okbank,2026,6,23/06/26,15:19:00,MER0068,VPA,12.9594906007,77.4958276836,No,NONE,No,0.34
TXN000185,44197,PAY,user036@okbank,2026,2,12/02/26,10:08:00,MER0077,QR,12.9656254037,77.6261186762,No,TEST_THEN_DRAIN,Yes,0.79
TXN001584,15785,PAY,user003@okbank,2026,4,03/04/26,12:58:00,MER0055,COLLECT,13.0009942973,77.6060339874,No,NONE,No,0.16
TXN002600,4353,PAY,user028@okbank,2026,6,19/06/26,5:06:00,MER0060,MANDATE,12.988795327,77.5313479823,No,NONE,No,0.41
TXN003078,100,PAY,user047@okbank,2026,3,07/03/26,16:15:00,MER0159,MOBILE,12.9732335373,77.4956427504,No,NONE,No,0.21
TXN000451,19782,PAY,user047@okbank,2026,5,11/05/26,12:18:00,MER0194,QR,12.9192882762,77.5365807927,No,NONE,No,0.32
TXN002109,12942,PAY,user044@okbank,2026,2,23/02/26,4:32:00,MER0135,QR,12.9832233948,77.5819738807,No,NONE,No,0.3
TXN000360,26718,PAY,user004@okbank,2026,3,22/03/26,12:43:00,MER0175,MANDATE,13.0072816463,77.6061683669,No,NONE,No,0.29
TXN001546,19928,PAY,user035@okbank,2026,6,24/06/26,7:40:00,MER0041,IN_APP,12.9388635718,77.5382656719,No,NONE,No,0.16
TXN000540,33052,PAY,user036@okbank,2026,4,22/04/26,2:21:00,MER0036,IN_APP,13.0852630531,77.691338167,No,NONE,No,0.35
TXN004670,15716,PAY,user044@okbank,2026,5,27/05/26,1:55:00,MER0006,QR,12.8856461794,77.5860557576,No,NONE,No,0.42
TXN004796,29157,PAY,user030@okbank,2026,3,05/03/26,19:43:00,MER0030,VPA,12.9390162978,77.5963781683,No,NONE,No,0.39
TXN004591,23988,PAY,user006@okbank,2026,6,13/06/26,15:51:00,MER0151,ACCOUNT_IFSC,12.928891658,77.6118512427,No,NONE,No,0.2
TXN004988,35767,PAY,user030@okbank,2026,6,14/06/26,0:38:00,MER0178,MANDATE,12.9907831692,77.566711395,No,NONE,No,0.14
TXN000804,22534,PAY,user024@okbank,2026,3,18/03/26,21:39:00,MER0059,MOBILE,13.0079331102,77.6284090213,No,NONE,No,0.09
TXN003169,38803,PAY,user040@okbank,2026,4,15/04/26,7:11:00,MER0155,MANDATE,12.9572405806,77.6218571128,No,NONE,No,0.3
TXN001130,2128,PAY,user001@okbank,2026,1,12/01/26,7:11:00,MER0025,MANDATE,12.9505403885,77.5639658144,No,NONE,No,0.29
TXN002769,16749,PAY,user040@okbank,2026,1,13/01/26,15:02:00,MER0094,VPA,12.8772909333,77.6635590782,No,NONE,No,0.02
TXN003692,12509,PAY,user049@okbank,2026,1,23/01/26,12:16:00,MER0194,MANDATE,13.0619219575,77.519427832,No,NONE,No,0.22
TXN004290,14459,PAY,user013@okbank,2026,2,11/02/26,2:27:00,MER0071,VPA,12.9400395497,77.5173240504,No,NONE,No,0.24
TXN004755,17563,PAY,user004@okbank,2026,2,19/02/26,16:46:00,MER0159,COLLECT,12.9102682013,77.6240454178,No,NONE,No,0.08
TXN004747,15478,PAY,user008@okbank,2026,6,26/06/26,10:52:00,MER0013,QR,12.9777233243,77.6263564706,No,NONE,No,0.27
TXN003459,16924,PAY,user026@okbank,2026,6,13/06/26,12:10:00,MER0187,IN_APP,12.9648532911,77.6438770497,Yes,NONE,No,0.19
TXN004340,100,PAY,user020@okbank,2026,4,20/04/26,4:40:00,MER0159,QR,12.9516118242,77.6071015446,No,NONE,No,0.4
TXN001071,8703,PAY,user033@okbank,2026,3,14/03/26,16:31:00,MER0193,INTENT,13.0016846157,77.6418712188,No,NONE,No,0.38
TXN000287,2247,PAY,user043@okbank,2026,6,23/06/26,13:08:00,MER0088,MANDATE,13.0000320189,77.5555243804,No,NONE,No,0.52
TXN002377,24894,PAY,user013@okbank,2026,1,23/01/26,17:47:00,MER0129,INTENT,12.9567840697,77.5844070931,No,NONE,No,0.37
TXN004184,8051,PAY,user038@okbank,2026,4,04/04/26,10:40:00,MER0186,QR,13.0524695794,77.5371947159,No,NONE,No,0.43
TXN004210,9196,PAY,user009@okbank,2026,6,14/06/26,4:46:00,MER0014,ACCOUNT_IFSC,12.984899783,77.5393199308,No,NONE,No,0.36
TXN001320,13923,PAY,user031@okbank,2026,2,21/02/26,16:25:00,MER0043,MANDATE,12.9126561285,77.6534560333,No,NONE,No,0.16
TXN004127,2557,PAY,user018@okbank,2026,3,12/03/26,1:22:00,MER0106,QR,12.8996078594,77.4763299641,No,NONE,No,0.19
TXN004552,33095,PAY,user014@okbank,2026,3,14/03/26,9:04:00,MER0047,VPA,12.9191202734,77.6287058466,No,NONE,No,0.07
TXN001556,22663,PAY,user011@okbank,2026,4,15/04/26,13:16:00,MER0179,VPA,12.8994345259,77.5926454463,No,NONE,No,0.26
TXN002851,30983,PAY,user037@okbank,2026,5,11/05/26,15:16:00,MER0167,MANDATE,12.913980385,77.5877116576,No,NONE,No,0.39
TXN000352,20075,PAY,user013@okbank,2026,5,01/05/26,11:28:00,MER0161,VPA,12.9764064108,77.5390943885,No,NONE,No,0.45
TXN001308,3781,PAY,user022@okbank,2026,5,16/05/26,21:17:00,MER0003,IN_APP,13.0051961973,77.5514364602,No,NONE,No,0.22
TXN003741,4558,PAY,user025@okbank,2026,6,22/06/26,13:13:00,MER0160,COLLECT,12.9348626431,77.6510138809,No,NONE,No,0.27
TXN001661,16690,PAY,user001@okbank,2026,3,24/03/26,7:17:00,MER0095,MOBILE,13.0358551105,77.6931570014,No,NONE,No,0.12
TXN003098,4638,PAY,user004@okbank,2026,1,08/01/26,3:52:00,MER0047,IN_APP,12.9210010058,77.5752890971,No,NONE,No,0.23
TXN000892,9596,PAY,user016@okbank,2026,1,21/01/26,13:19:00,MER0032,QR,12.9242411172,77.6029760302,No,NONE,No,0.46
TXN004295,30452,PAY,user012@okbank,2026,3,12/03/26,23:05:00,MER0149,ACCOUNT_IFSC,12.9671466116,77.5531046409,No,NONE,No,0.19
TXN004872,11413,PAY,user040@okbank,2026,3,16/03/26,11:52:00,MER0096,MANDATE,12.9414393964,77.6080290422,No,NONE,No,0.61
TXN001182,14229,PAY,user020@okbank,2026,6,22/06/26,16:57:00,MER0054,IN_APP,12.8824843084,77.6135855626,No,NONE,No,0.07
TXN002553,7786,PAY,user029@okbank,2026,3,21/03/26,10:22:00,MER0153,COLLECT,12.9590772621,77.5472753977,Yes,NONE,No,0.32
TXN000419,100,PAY,user045@okbank,2026,3,06/03/26,6:10:00,MER0133,QR,12.9677770276,77.5436634446,No,NONE,No,0.31
TXN002421,8680,PAY,user036@okbank,2026,5,14/05/26,9:56:00,MER0143,MOBILE,12.9584491619,77.5966596534,No,NONE,No,0.26
TXN001294,17069,PAY,user019@okbank,2026,1,27/01/26,21:56:00,MER0142,INTENT,12.9800459975,77.6545866999,No,NONE,No,0.17
TXN001908,1883,PAY,user023@okbank,2026,2,13/02/26,7:28:00,MER0179,VPA,12.9155058307,77.5116496437,No,NONE,No,0.12
TXN004117,19329,PAY,user031@okbank,2026,3,26/03/26,18:54:00,MER0104,QR,12.909673737,77.5848760597,No,NONE,No,0.36
TXN002633,6366,PAY,user043@okbank,2026,4,18/04/26,15:11:00,MER0037,QR,12.9168046925,77.6128723098,No,NONE,No,0.39
TXN003980,288,PAY,user011@okbank,2026,1,07/01/26,12:16:00,MER0116,INTENT,12.8735663872,77.537943417,No,NONE,No,0.34
TXN004075,19384,PAY,user013@okbank,2026,1,11/01/26,13:37:00,MER0135,MANDATE,13.0287348828,77.5204607877,No,NONE,No,0.02
TXN004065,25738,PAY,user027@okbank,2026,3,05/03/26,22:26:00,MER0174,INTENT,13.0188872864,77.624294976,No,NONE,No,0.23
TXN001524,100,PAY,user039@okbank,2026,6,16/06/26,9:52:00,MER0050,ACCOUNT_IFSC,13.0612393463,77.5585745236,No,NONE,No,0.2
TXN002335,100,PAY,user002@okbank,2026,5,26/05/26,20:48:00,MER0166,QR,12.9523090732,77.6085281515,No,NONE,No,0.24
TXN001194,24130,PAY,user014@okbank,2026,4,08/04/26,20:38:00,MER0166,ACCOUNT_IFSC,12.9502537023,77.5772271105,No,NONE,No,0.09
TXN000998,8025,PAY,user001@okbank,2026,1,13/01/26,10:39:00,MER0060,QR,12.9567162824,77.6077893083,No,NONE,No,0.12
TXN004115,36471,PAY,user018@okbank,2026,5,11/05/26,23:27:00,MER0050,COLLECT,12.9661234042,77.5927736365,No,NONE,No,0.14
TXN004439,26866,PAY,user048@okbank,2026,3,19/03/26,8:23:00,MER0027,QR,12.9442149487,77.6132994945,No,NONE,No,0.21
TXN002539,13317,PAY,user033@okbank,2026,6,03/06/26,20:52:00,MER0176,MANDATE,12.984352135,77.6197792083,No,NONE,No,0.2
TXN004104,14143,PAY,user005@okbank,2026,2,19/02/26,5:16:00,MER0185,IN_APP,12.9628910746,77.6337326133,No,NONE,No,0.44
TXN004202,21388,PAY,user044@okbank,2026,1,12/01/26,10:34:00,MER0193,COLLECT,12.9744486126,77.5435896884,No,NONE,No,0.2
TXN001539,23929,PAY,user019@okbank,2026,3,06/03/26,9:51:00,MER0073,ACCOUNT_IFSC,12.9633587914,77.4671912171,No,NONE,No,0.38
TXN002989,26303,PAY,user045@okbank,2026,6,26/06/26,16:47:00,MER0012,IN_APP,12.9873904018,77.5959277689,No,NONE,No,0.42
TXN001089,28540,PAY,user019@okbank,2026,1,25/01/26,22:06:00,MER0084,ACCOUNT_IFSC,13.0376429934,77.5476599198,No,NONE,No,0.33
TXN001726,11284,PAY,user035@okbank,2026,1,21/01/26,22:55:00,MER0137,IN_APP,12.8861924391,77.6349777338,No,NONE,No,0.32
TXN000799,8088,PAY,user008@okbank,2026,6,03/06/26,15:51:00,MER0050,IN_APP,13.0242178928,77.6213693084,No,NONE,No,0.35
TXN004644,25016,PAY,user030@okbank,2026,2,05/02/26,5:43:00,MER0034,QR,12.9509531268,77.5545518258,No,NONE,No,0.22
TXN004481,39603,PAY,user018@okbank,2026,1,18/01/26,21:51:00,MER0062,IN_APP,12.9358616025,77.5663310248,No,NONE,No,0.32
TXN000376,11303,PAY,user002@okbank,2026,4,16/04/26,15:47:00,MER0006,COLLECT,13.0541091756,77.6333982242,No,NONE,No,0.12
TXN002601,19593,PAY,user007@okbank,2026,5,20/05/26,15:50:00,MER0087,ACCOUNT_IFSC,12.9784548144,77.6469592295,No,NONE,No,0.06
TXN001465,19111,PAY,user046@okbank,2026,3,18/03/26,23:58:00,MER0169,ACCOUNT_IFSC,12.9886544997,77.4194261368,No,NONE,No,0.4
TXN000714,14878,PAY,user013@okbank,2026,5,02/05/26,15:08:00,MER0185,MANDATE,13.0200189276,77.600821027,No,NONE,No,0.41
TXN001447,12758,PAY,user031@okbank,2026,4,10/04/26,7:17:00,MER0192,QR,12.9462101653,77.5118747177,No,NONE,No,0.11
TXN000700,16895,PAY,user008@okbank,2026,6,10/06/26,8:31:00,MER0180,MANDATE,12.9752386412,77.6206413521,No,NONE,No,0.34
TXN000656,100,PAY,user022@okbank,2026,6,10/06/26,21:19:00,MER0186,QR,13.0600064236,77.5868486401,No,NONE,No,0.26
TXN002937,5123,PAY,user015@okbank,2026,4,23/04/26,14:27:00,MER0036,QR,13.0289286048,77.5981516331,No,NONE,No,0.19
TXN002699,6980,PAY,user008@okbank,2026,3,19/03/26,15:26:00,MER0175,VPA,12.9456957706,77.6581620701,No,NONE,No,0.46
TXN002784,10925,PAY,user001@okbank,2026,5,18/05/26,9:46:00,MER0134,MANDATE,12.8877037968,77.585325984,No,NONE,No,0.17
TXN003598,5679,PAY,user036@okbank,2026,4,11/04/26,15:26:00,MER0066,IN_APP,13.0289733455,77.509041299,No,NONE,No,0.19
TXN003458,23280,PAY,user047@okbank,2026,6,25/06/26,6:13:00,MER0064,COLLECT,12.8634486544,77.6501845814,No,NONE,No,0.27
TXN000537,100,PAY,user029@okbank,2026,5,13/05/26,8:50:00,MER0195,ACCOUNT_IFSC,12.8980991896,77.5764276416,No,NONE,No,0.26
TXN004087,21867,PAY,user031@okbank,2026,2,05/02/26,15:13:00,MER0177,IN_APP,13.0160519898,77.5765304298,No,NONE,No,0.4
TXN003035,16290,PAY,user010@okbank,2026,6,21/06/26,0:07:00,MER0173,MOBILE,13.0379671241,77.5928540021,No,NONE,No,0.22
TXN002453,10234,PAY,user036@okbank,2026,5,25/05/26,7:40:00,MER0026,VPA,13.0183080007,77.6911383935,No,NONE,No,0.02
TXN002342,17044,PAY,user006@okbank,2026,3,23/03/26,16:37:00,MER0104,MOBILE,12.8922628137,77.5936682593,No,NONE,No,0.43
TXN002988,15893,PAY,user038@okbank,2026,4,10/04/26,0:44:00,MER0138,MOBILE,13.0208384094,77.6688744301,No,NONE,No,0.62
TXN003211,100,PAY,user015@okbank,2026,3,25/03/26,18:19:00,MER0014,ACCOUNT_IFSC,12.9200405864,77.584128877,No,NONE,No,0.26
TXN002513,13771,PAY,user022@okbank,2026,1,20/01/26,7:32:00,MER0049,ACCOUNT_IFSC,13.0260785709,77.5901931702,No,NONE,No,0.2
TXN004918,23263,PAY,user032@okbank,2026,5,13/05/26,21:14:00,MER0118,QR,12.8516704079,77.5638495262,No,NONE,No,0.26
TXN002294,19043,PAY,user031@okbank,2026,1,05/01/26,18:25:00,MER0046,MOBILE,12.9805097227,77.5622370807,No,NONE,No,0.16
TXN002701,28667,PAY,user018@okbank,2026,1,03/01/26,10:55:00,MER0059,COLLECT,12.9875461499,77.5976612268,No,NONE,No,0.18
TXN003577,23508,PAY,user023@okbank,2026,3,14/03/26,18:25:00,MER0189,VPA,12.9805213071,77.5327767003,No,NONE,No,0.15
TXN001392,23441,PAY,user036@okbank,2026,6,22/06/26,15:26:00,MER0070,MOBILE,13.0248431198,77.5809528621,No,NONE,No,0.25
TXN000267,35964,PAY,user026@okbank,2026,4,23/04/26,8:16:00,MER0030,MOBILE,13.0771198367,77.6279199974,No,NONE,No,0.42
TXN001588,100,PAY,user006@okbank,2026,4,14/04/26,21:13:00,MER0121,MOBILE,12.9574100278,77.6370103205,No,NONE,No,0.32
TXN002545,17175,PAY,user023@okbank,2026,6,19/06/26,5:20:00,MER0132,MANDATE,13.0233265969,77.5036741647,No,NONE,No,0.19
TXN001496,19136,PAY,user022@okbank,2026,5,24/05/26,21:25:00,MER0146,ACCOUNT_IFSC,12.9135333474,77.5752887197,No,NONE,No,0.17
TXN003283,16067,PAY,user015@okbank,2026,4,10/04/26,22:16:00,MER0004,COLLECT,12.9430595506,77.5806708275,No,NONE,No,0.3
TXN003759,6773,PAY,user023@okbank,2026,4,20/04/26,19:20:00,MER0141,COLLECT,12.9868040026,77.5583302995,No,NONE,No,0.25
TXN000414,16222,PAY,user004@okbank,2026,1,25/01/26,1:11:00,MER0061,QR,12.9912386028,77.5604996288,No,NONE,No,0.2
TXN000719,32018,PAY,user020@okbank,2026,5,21/05/26,13:25:00,MER0006,INTENT,12.9405950773,77.5819254397,No,NONE,No,0.24
TXN003623,19796,PAY,user004@okbank,2026,1,25/01/26,10:44:00,MER0099,IN_APP,13.0181537984,77.5793013328,No,NONE,No,0.53
TXN002005,7584,PAY,user049@okbank,2026,1,18/01/26,7:47:00,MER0162,QR,12.9308660634,77.603199848,No,NONE,No,0.39
TXN001435,22131,PAY,user005@okbank,2026,2,26/02/26,11:14:00,MER0027,COLLECT,13.0919401231,77.6817007581,No,NONE,No,0.26
TXN002822,31602,PAY,user046@okbank,2026,5,14/05/26,14:38:00,MER0173,INTENT,13.0202399381,77.7034077527,No,NONE,No,0.38
TXN000673,1462,PAY,user009@okbank,2026,1,22/01/26,12:15:00,MER0070,COLLECT,12.8923316475,77.5457512915,No,NONE,No,0.35
TXN002935,100,PAY,user032@okbank,2026,5,21/05/26,1:04:00,MER0198,MANDATE,12.9272949212,77.5416619723,No,NONE,No,0.37
TXN002623,23387,PAY,user016@okbank,2026,3,05/03/26,7:03:00,MER0103,IN_APP,12.9712970817,77.5988279786,No,NONE,No,0.26
TXN004460,33380,PAY,user031@okbank,2026,4,02/04/26,4:38:00,MER0106,QR,13.0517109662,77.5679940578,No,NONE,No,0.19
TXN000434,24399,PAY,user018@okbank,2026,1,19/01/26,9:54:00,MER0076,ACCOUNT_IFSC,12.9403684453,77.5655230082,No,NONE,No,0.21
TXN001835,6455,PAY,user001@okbank,2026,1,09/01/26,4:38:00,MER0177,QR,12.9744294515,77.6304035808,No,NONE,No,0.2
TXN003624,4569,PAY,user021@okbank,2026,4,09/04/26,8:01:00,MER0055,QR,12.9393523044,77.4758737694,No,NONE,No,0.53
TXN004159,23028,PAY,user031@okbank,2026,4,03/04/26,11:42:00,MER0032,MANDATE,12.9890448243,77.556193717,No,NONE,No,0.4
TXN000955,10341,PAY,user035@okbank,2026,6,17/06/26,13:52:00,MER0073,COLLECT,12.987436962,77.6750336745,No,NONE,No,0.39
TXN004961,8949,PAY,user016@okbank,2026,4,03/04/26,3:51:00,MER0145,INTENT,12.9553506541,77.6398624319,No,NONE,No,0.03
TXN003064,18469,PAY,user037@okbank,2026,2,12/02/26,18:14:00,MER0181,INTENT,13.0281076651,77.5418589914,No,NONE,No,0.56
TXN001299,24719,PAY,user004@okbank,2026,3,25/03/26,2:55:00,MER0048,ACCOUNT_IFSC,12.9521506289,77.6200070298,No,NONE,No,0.15
TXN003718,100,PAY,user023@okbank,2026,2,25/02/26,18:35:00,MER0037,VPA,13.017988727,77.5585771522,No,NONE,No,0.37
TXN004636,22427,PAY,user014@okbank,2026,3,04/03/26,4:56:00,MER0185,INTENT,12.9374477684,77.5152192414,No,NONE,No,0.1
TXN004465,12037,PAY,user050@okbank,2026,6,09/06/26,3:33:00,MER0189,MOBILE,12.9759751001,77.6074594874,No,NONE,No,0.34
TXN001985,16151,PAY,user050@okbank,2026,5,06/05/26,11:44:00,MER0200,MANDATE,12.9867040813,77.5623219288,No,NONE,No,0.29
TXN001260,7988,PAY,user012@okbank,2026,4,28/04/26,12:05:00,MER0175,COLLECT,12.9986638894,77.5320150931,No,NONE,No,0.42
TXN000688,27988,PAY,user029@okbank,2026,4,23/04/26,2:22:00,MER0085,INTENT,12.9120769176,77.6826216399,No,NONE,No,0.13
TXN003257,15114,PAY,user018@okbank,2026,4,09/04/26,17:45:00,MER0133,MANDATE,12.9440155222,77.7016748729,No,NONE,No,0.49
TXN004198,28839,PAY,user045@okbank,2026,4,17/04/26,19:57:00,MER0114,MOBILE,12.9709771163,77.568367403,No,NONE,No,0.28
TXN002413,12304,PAY,user001@okbank,2026,4,13/04/26,11:07:00,MER0132,IN_APP,12.9223228557,77.5622795852,No,NONE,No,0.11
TXN003456,24050,PAY,user045@okbank,2026,2,09/02/26,10:29:00,MER0160,INTENT,12.9717399475,77.5941928751,No,NONE,No,0.47
TXN000068,61068,PAY,user013@okbank,2026,1,10/01/26,16:59:00,MER0077,COLLECT,12.9617509473,77.5965020218,No,TEST_THEN_DRAIN,Yes,0.65
TXN000687,16349,PAY,user004@okbank,2026,5,01/05/26,19:23:00,MER0074,ACCOUNT_IFSC,12.8212823104,77.5654586144,No,NONE,No,0.37
TXN000347,24499,PAY,user008@okbank,2026,1,21/01/26,23:15:00,MER0095,INTENT,12.9999022263,77.614464753,No,NONE,No,0.24
TXN002957,7573,PAY,user039@okbank,2026,3,17/03/26,14:22:00,MER0182,ACCOUNT_IFSC,13.0283248392,77.6166495961,No,NONE,No,0.33
TXN004356,20568,PAY,user003@okbank,2026,6,07/06/26,18:20:00,MER0042,COLLECT,13.0143153476,77.5504912838,No,NONE,No,0.35
TXN002133,20995,PAY,user028@okbank,2026,4,13/04/26,11:58:00,MER0064,IN_APP,13.0322876246,77.555472235,No,NONE,No,0.46
TXN003369,16876,PAY,user030@okbank,2026,6,17/06/26,22:19:00,MER0007,IN_APP,12.978403057,77.5341479166,No,NONE,No,0.33
TXN003766,9254,PAY,user020@okbank,2026,4,23/04/26,6:22:00,MER0181,ACCOUNT_IFSC,12.9789101075,77.549317793,No,NONE,No,0.46
TXN000585,15365,PAY,user010@okbank,2026,3,03/03/26,10:05:00,MER0111,IN_APP,12.9795128232,77.6042589749,No,NONE,No,0.41
TXN000749,19537,PAY,user047@okbank,2026,2,12/02/26,20:11:00,MER0120,COLLECT,12.9621384957,77.5693112749,No,NONE,No,0.7
TXN001589,23580,PAY,user050@okbank,2026,3,23/03/26,10:20:00,MER0168,ACCOUNT_IFSC,13.0258241749,77.626764733,No,NONE,No,0.19
TXN003244,13386,PAY,user043@okbank,2026,1,20/01/26,20:24:00,MER0030,VPA,12.9887788228,77.5954743069,No,NONE,No,0.38
TXN001558,15231,PAY,user043@okbank,2026,1,19/01/26,22:59:00,MER0124,MANDATE,12.9369346345,77.605275395,No,NONE,No,0.31
TXN001719,11722,PAY,user012@okbank,2026,6,02/06/26,6:50:00,MER0040,ACCOUNT_IFSC,12.9116271976,77.5296980925,No,NONE,No,0.09
TXN003031,2713,PAY,user030@okbank,2026,5,05/05/26,13:42:00,MER0004,QR,12.8952610838,77.5642743989,No,NONE,No,0.03
TXN001812,24707,PAY,user018@okbank,2026,3,16/03/26,1:24:00,MER0001,IN_APP,12.9167920102,77.6204882938,No,NONE,No,0.3
TXN000810,10275,PAY,user048@okbank,2026,5,11/05/26,7:23:00,MER0137,QR,12.8955207861,77.5570463244,No,NONE,No,0.28
TXN003007,21427,PAY,user022@okbank,2026,1,25/01/26,1:10:00,MER0120,IN_APP,12.9633218809,77.5767827861,No,NONE,No,0.24
TXN001730,23725,PAY,user031@okbank,2026,6,01/06/26,6:53:00,MER0074,VPA,12.9297802891,77.5542681906,No,NONE,No,0.23
TXN003551,11238,PAY,user015@okbank,2026,1,17/01/26,5:42:00,MER0131,QR,12.9351542758,77.5924119437,No,NONE,No,0.23
TXN001452,373,PAY,user010@okbank,2026,5,12/05/26,0:37:00,MER0002,MANDATE,12.9789296711,77.6092054881,No,NONE,No,0.35
TXN002415,28321,PAY,user029@okbank,2026,5,26/05/26,0:35:00,MER0154,QR,13.0171995798,77.4351800005,No,NONE,No,0.4
TXN000796,2409,PAY,user020@okbank,2026,2,21/02/26,14:41:00,MER0193,COLLECT,13.0186605192,77.4976159992,No,NONE,No,0.42
TXN002237,6184,PAY,user003@okbank,2026,2,20/02/26,4:19:00,MER0095,COLLECT,12.9984901009,77.6313062803,Yes,NONE,No,0.57
TXN002387,11374,PAY,user011@okbank,2026,2,07/02/26,16:11:00,MER0149,MOBILE,12.9007153537,77.6357234353,No,NONE,No,0.23
TXN002744,11367,PAY,user010@okbank,2026,3,22/03/26,17:09:00,MER0173,MOBILE,12.9533407265,77.5866793425,No,NONE,No,0.24
TXN000319,15860,PAY,user028@okbank,2026,3,28/03/26,18:40:00,MER0137,IN_APP,12.9980764289,77.4865886626,No,NONE,No,0.36
TXN000284,16423,PAY,user046@okbank,2026,6,09/06/26,15:29:00,MER0051,MOBILE,12.8673404388,77.6128111534,Yes,NONE,No,0.13
TXN000842,7182,PAY,user036@okbank,2026,4,05/04/26,4:29:00,MER0113,MOBILE,12.9918560903,77.5592553407,No,NONE,No,0.26
TXN004030,15221,PAY,user040@okbank,2026,1,20/01/26,16:30:00,MER0113,INTENT,12.9563655405,77.5654939476,No,NONE,No,0.29
TXN002949,14630,PAY,user007@okbank,2026,5,22/05/26,17:41:00,MER0030,QR,12.9655493727,77.5672432232,No,NONE,No,0.19
TXN004099,14103,PAY,user039@okbank,2026,2,16/02/26,5:18:00,MER0105,VPA,12.8898971523,77.649127283,No,NONE,No,0.02
TXN004814,4836,PAY,user050@okbank,2026,2,26/02/26,15:47:00,MER0112,ACCOUNT_IFSC,13.0325588248,77.5708311201,No,NONE,No,0.06
TXN000184,65207,PAY,user010@okbank,2026,4,06/04/26,23:07:00,MER0018,QR,12.9997104027,77.5905562415,No,FAKE_CUSTOMER_CARE,Yes,0.75
TXN003858,28949,PAY,user035@okbank,2026,1,12/01/26,14:09:00,MER0133,VPA,12.8918242984,77.5833247365,No,NONE,No,0.42
TXN001612,25169,PAY,user042@okbank,2026,4,17/04/26,1:49:00,MER0105,INTENT,12.9544931058,77.5702362437,No,NONE,No,0.02
TXN004631,9684,PAY,user021@okbank,2026,4,06/04/26,10:01:00,MER0130,INTENT,12.9006189145,77.4569161944,No,NONE,No,0.21
TXN001104,36262,PAY,user016@okbank,2026,4,25/04/26,3:03:00,MER0198,INTENT,12.9159960211,77.5900189016,No,NONE,No,0.06
TXN002125,21554,PAY,user032@okbank,2026,4,08/04/26,23:25:00,MER0112,ACCOUNT_IFSC,12.9783226816,77.5772620711,No,NONE,No,0.18
TXN003974,19062,PAY,user014@okbank,2026,3,27/03/26,22:28:00,MER0001,QR,12.9427202775,77.8016497603,No,NONE,No,0.23
TXN004768,17325,PAY,user047@okbank,2026,1,05/01/26,0:50:00,MER0063,QR,12.9387768358,77.5716991094,No,NONE,No,0.35
TXN001300,13697,PAY,user032@okbank,2026,1,03/01/26,14:11:00,MER0189,IN_APP,13.0065503948,77.5944723359,No,NONE,No,0.15
TXN002665,100,PAY,user033@okbank,2026,6,02/06/26,12:50:00,MER0123,MANDATE,12.973702467,77.5611445558,No,NONE,No,0.24
TXN002093,25688,PAY,user033@okbank,2026,6,21/06/26,4:23:00,MER0193,QR,12.9654460794,77.6610356174,No,NONE,No,0.15
TXN001877,10570,PAY,user002@okbank,2026,2,22/02/26,19:06:00,MER0090,IN_APP,12.9111054369,77.6477496679,No,NONE,No,0.67
TXN001996,4073,PAY,user046@okbank,2026,2,14/02/26,17:31:00,MER0113,INTENT,13.0886065254,77.6397634482,No,NONE,No,0.2
TXN002582,100,PAY,user037@okbank,2026,4,26/04/26,18:51:00,MER0035,COLLECT,12.9994589414,77.628654435,No,NONE,No,0.42
TXN002643,23116,PAY,user039@okbank,2026,2,04/02/26,13:08:00,MER0138,MOBILE,12.9612927369,77.6530692238,No,NONE,No,0.35
TXN002817,7054,PAY,user014@okbank,2026,6,18/06/26,13:02:00,MER0002,ACCOUNT_IFSC,12.9487712865,77.6438124909,No,NONE,No,0.37
TXN001922,14288,PAY,user049@okbank,2026,3,28/03/26,1:39:00,MER0197,MOBILE,13.0236808283,77.5396266389,No,NONE,No,0.02
TXN000691,27649,PAY,user023@okbank,2026,4,18/04/26,22:06:00,MER0096,QR,13.0057015756,77.5769668512,No,NONE,No,0.4
TXN002407,10580,PAY,user026@okbank,2026,2,04/02/26,6:51:00,MER0117,VPA,12.9010287278,77.6023358337,No,NONE,No,0.33
TXN002803,17710,PAY,user014@okbank,2026,3,03/03/26,4:01:00,MER0047,ACCOUNT_IFSC,12.9771478722,77.5296022617,No,NONE,No,0.09
TXN002253,28612,PAY,user031@okbank,2026,2,24/02/26,16:06:00,MER0078,ACCOUNT_IFSC,13.0115507275,77.5786191078,No,NONE,No,0.24
TXN000443,29197,PAY,user023@okbank,2026,5,22/05/26,6:24:00,MER0034,MANDATE,13.008042142,77.5842143891,No,NONE,No,0.42
TXN001129,25727,PAY,user007@okbank,2026,5,06/05/26,7:26:00,MER0019,ACCOUNT_IFSC,13.0619995897,77.5658395848,No,NONE,No,0.17
TXN004494,8578,PAY,user034@okbank,2026,2,18/02/26,2:52:00,MER0097,INTENT,12.9305745484,77.5489454009,No,NONE,No,0.23
TXN004551,12005,PAY,user003@okbank,2026,1,26/01/26,10:00:00,MER0027,QR,12.9744015053,77.5894374093,No,NONE,No,0.32
TXN004501,24403,PAY,user039@okbank,2026,4,25/04/26,12:38:00,MER0109,IN_APP,12.978944069,77.5447638819,No,NONE,No,0.64
TXN002149,4606,PAY,user014@okbank,2026,2,12/02/26,19:54:00,MER0151,QR,12.8630209868,77.6268678336,No,NONE,No,0.27
TXN003644,36274,PAY,user028@okbank,2026,1,08/01/26,12:14:00,MER0028,VPA,13.0156738522,77.5525023825,No,NONE,No,0.2
TXN002498,17366,PAY,user040@okbank,2026,2,11/02/26,11:38:00,MER0052,ACCOUNT_IFSC,12.9341680446,77.5372778907,No,NONE,No,0.51
TXN000447,22210,PAY,user050@okbank,2026,5,21/05/26,0:12:00,MER0030,INTENT,12.9469581587,77.5963605794,No,NONE,No,0.02
TXN004746,1116,PAY,user031@okbank,2026,3,08/03/26,2:13:00,MER0115,INTENT,12.8873880948,77.4860581055,No,NONE,No,0.27
TXN000791,100,PAY,user014@okbank,2026,6,23/06/26,8:14:00,MER0023,VPA,12.9903650983,77.6451170896,No,NONE,No,0.32
TXN000624,18678,PAY,user022@okbank,2026,6,22/06/26,4:20:00,MER0071,QR,12.9577727445,77.5794185257,No,NONE,No,0.05
TXN002858,11075,PAY,user030@okbank,2026,5,28/05/26,12:11:00,MER0005,MOBILE,12.9261642001,77.57033297,No,NONE,No,0.28
TXN004376,100,PAY,user015@okbank,2026,6,26/06/26,14:03:00,MER0039,VPA,12.9971942713,77.6439462328,No,NONE,No,0.23
TXN001277,25298,PAY,user003@okbank,2026,3,16/03/26,23:51:00,MER0026,MANDATE,13.0619085216,77.4925392398,No,NONE,No,0.27
TXN003937,3731,PAY,user037@okbank,2026,2,25/02/26,3:51:00,MER0127,MOBILE,13.0234423555,77.6002778464,No,NONE,No,0.46
TXN000738,17389,PAY,user046@okbank,2026,1,06/01/26,12:57:00,MER0191,MANDATE,13.0608541526,77.6384575664,Yes,NONE,No,0.21
TXN000271,22899,PAY,user041@okbank,2026,1,12/01/26,5:28:00,MER0137,VPA,12.8901621477,77.6002911686,No,NONE,No,0.12
TXN001627,3475,PAY,user047@okbank,2026,4,21/04/26,5:07:00,MER0123,INTENT,13.0740829092,77.5885857655,No,NONE,No,0.29
TXN001679,15978,PAY,user018@okbank,2026,3,24/03/26,5:53:00,MER0083,INTENT,12.9205113433,77.602916511,No,NONE,No,0.44
TXN003523,16506,PAY,user018@okbank,2026,4,22/04/26,17:01:00,MER0046,QR,12.9955061822,77.569268988,No,NONE,No,0.24
TXN000737,24592,PAY,user008@okbank,2026,2,21/02/26,23:04:00,MER0171,QR,13.032267634,77.6589555662,No,NONE,No,0.28
TXN000695,1799,PAY,user034@okbank,2026,2,24/02/26,12:02:00,MER0117,VPA,12.9489750986,77.6266111735,No,NONE,No,0.39
TXN000025,78208,PAY,user034@okbank,2026,1,15/01/26,3:06:00,MER0152,VPA,12.960638714,77.6726897366,No,MULE_ACCOUNT,Yes,0.97
TXN002277,31291,PAY,user025@okbank,2026,4,28/04/26,23:44:00,MER0067,IN_APP,13.001906303,77.4833982454,No,NONE,No,0.32
TXN003450,10042,PAY,user020@okbank,2026,2,03/02/26,22:40:00,MER0121,MANDATE,12.9519444185,77.5696019505,No,NONE,No,0.43
TXN000979,100,PAY,user024@okbank,2026,4,04/04/26,14:50:00,MER0025,INTENT,12.9657208314,77.5859173557,No,NONE,No,0.27
TXN004687,18567,PAY,user043@okbank,2026,2,18/02/26,9:46:00,MER0037,MANDATE,13.0313579743,77.6174748187,No,NONE,No,0.42
TXN003502,32179,PAY,user037@okbank,2026,6,19/06/26,16:24:00,MER0088,ACCOUNT_IFSC,12.9026074256,77.5442033298,No,NONE,No,0.43
TXN001566,12304,PAY,user004@okbank,2026,1,05/01/26,7:17:00,MER0055,VPA,12.9522424263,77.6458620681,No,NONE,No,0.23
TXN000748,10439,PAY,user008@okbank,2026,1,09/01/26,12:35:00,MER0100,VPA,12.9809048574,77.5683738464,No,NONE,No,0.16
TXN004780,21541,PAY,user007@okbank,2026,2,28/02/26,22:07:00,MER0066,ACCOUNT_IFSC,13.0038509573,77.5585126996,No,NONE,No,0.36
TXN003855,19515,PAY,user027@okbank,2026,4,03/04/26,13:14:00,MER0148,MANDATE,12.9286682082,77.5434557467,No,NONE,No,0.1
TXN004174,24414,PAY,user033@okbank,2026,1,04/01/26,6:49:00,MER0020,IN_APP,13.0165640703,77.5621664559,No,NONE,No,0.3
TXN004343,18414,PAY,user025@okbank,2026,3,26/03/26,15:24:00,MER0105,IN_APP,12.969931032,77.6126241657,No,NONE,No,0.17
TXN003843,9049,PAY,user017@okbank,2026,3,06/03/26,15:05:00,MER0029,COLLECT,12.894986066,77.5210411348,No,NONE,No,0.24
TXN004045,11739,PAY,user019@okbank,2026,4,22/04/26,8:31:00,MER0026,INTENT,12.9238368742,77.5808925996,No,NONE,No,0.12
TXN004743,37774,PAY,user032@okbank,2026,4,17/04/26,23:08:00,MER0081,ACCOUNT_IFSC,12.9294083772,77.5425354264,No,NONE,No,0.47
TXN003564,946,PAY,user009@okbank,2026,2,07/02/26,23:47:00,MER0158,COLLECT,12.9189313898,77.5103541872,No,NONE,No,0.12
TXN003074,16112,PAY,user040@okbank,2026,4,24/04/26,11:51:00,MER0054,COLLECT,12.9882681723,77.6195014052,No,NONE,No,0.32
TXN002187,6478,PAY,user003@okbank,2026,5,26/05/26,17:55:00,MER0082,ACCOUNT_IFSC,12.8699030779,77.600794027,No,NONE,No,0.27
TXN001401,14104,PAY,user025@okbank,2026,1,21/01/26,7:53:00,MER0197,VPA,12.9412393337,77.5422234369,No,NONE,No,0.16
TXN003683,21762,PAY,user018@okbank,2026,2,14/02/26,21:06:00,MER0152,IN_APP,12.9427467539,77.5930545934,No,NONE,No,0.14
TXN001233,19692,PAY,user036@okbank,2026,6,01/06/26,15:25:00,MER0159,ACCOUNT_IFSC,12.9441838465,77.5832765549,No,NONE,No,0.54
TXN003251,9245,PAY,user016@okbank,2026,4,18/04/26,15:06:00,MER0032,VPA,12.9371646535,77.5135357196,No,NONE,No,0.44
TXN002959,28787,PAY,user022@okbank,2026,1,26/01/26,11:48:00,MER0131,ACCOUNT_IFSC,13.0418971342,77.526722386,No,NONE,No,0.36
TXN001232,27723,PAY,user031@okbank,2026,1,13/01/26,5:54:00,MER0054,IN_APP,12.9885979327,77.6317975404,No,NONE,No,0.39
TXN003531,13737,PAY,user020@okbank,2026,3,04/03/26,22:30:00,MER0035,MOBILE,13.0341607211,77.6542123589,No,NONE,No,0.04
TXN000754,25940,PAY,user031@okbank,2026,6,07/06/26,6:57:00,MER0187,IN_APP,12.938641654,77.4974776573,No,NONE,No,0.23
TXN000240,91376,PAY,user047@okbank,2026,5,26/05/26,8:48:00,MER0169,VPA,12.9584249095,77.6282035359,No,COLLECT_REQUEST_FRAUD,Yes,0.75
TXN002273,18036,PAY,user038@okbank,2026,4,21/04/26,6:59:00,MER0088,COLLECT,12.9658935683,77.53429507,No,NONE,No,0.36
TXN002049,30137,PAY,user016@okbank,2026,4,16/04/26,15:01:00,MER0102,MOBILE,13.0626888452,77.6247051325,No,NONE,No,0.25
TXN000065,66709,PAY,user048@okbank,2026,3,26/03/26,12:38:00,MER0157,COLLECT,13.0378965404,77.5386260556,Yes,MULE_ACCOUNT,Yes,0.68
TXN004948,936,PAY,user033@okbank,2026,6,23/06/26,2:21:00,MER0130,IN_APP,12.9556446763,77.6686716231,No,NONE,No,0.02
TXN004015,6543,PAY,user014@okbank,2026,1,03/01/26,15:53:00,MER0140,COLLECT,12.8871088803,77.6417469305,No,NONE,No,0.33
TXN001847,10920,PAY,user022@okbank,2026,5,10/05/26,10:39:00,MER0097,QR,13.0728620783,77.6811658143,No,NONE,No,0.1
TXN000201,28993,PAY,user037@okbank,2026,5,27/05/26,17:56:00,MER0185,MANDATE,13.0509821549,77.5540400283,No,TASK_SCAM,Yes,0.79
TXN002100,8339,PAY,user004@okbank,2026,1,12/01/26,11:07:00,MER0035,COLLECT,13.024650864,77.5932779052,No,NONE,No,0.12
TXN001357,24233,PAY,user011@okbank,2026,4,04/04/26,5:09:00,MER0082,QR,12.9747019524,77.5293635904,No,NONE,No,0.22
TXN000560,28135,PAY,user031@okbank,2026,5,25/05/26,14:05:00,MER0194,MANDATE,13.0027703216,77.5336485372,No,NONE,No,0.23
TXN001720,9332,PAY,user020@okbank,2026,6,03/06/26,9:39:00,MER0198,QR,13.0635117602,77.6095588433,No,NONE,No,0.28
TXN004870,12118,PAY,user017@okbank,2026,4,17/04/26,22:13:00,MER0111,VPA,12.9734861212,77.5309473125,No,NONE,No,0.24
TXN001489,10612,PAY,user002@okbank,2026,6,20/06/26,1:31:00,MER0003,VPA,12.9625698059,77.581019682,No,NONE,No,0.26
TXN004187,24337,PAY,user049@okbank,2026,5,19/05/26,6:21:00,MER0188,QR,12.9565291212,77.5866513039,No,NONE,No,0.17
TXN003750,21211,PAY,user024@okbank,2026,4,21/04/26,19:56:00,MER0188,MANDATE,13.0280106398,77.5656680978,No,NONE,No,0.15
TXN003791,5391,PAY,user036@okbank,2026,4,14/04/26,4:26:00,MER0179,VPA,12.9383088319,77.6783356574,No,NONE,No,0.25
TXN001801,22923,PAY,user046@okbank,2026,4,03/04/26,7:22:00,MER0200,VPA,13.0498175743,77.5460258965,No,NONE,No,0.28
TXN004563,4958,PAY,user026@okbank,2026,6,22/06/26,12:21:00,MER0027,VPA,12.9821225935,77.6093946317,No,NONE,No,0.33
TXN003100,22011,PAY,user035@okbank,2026,2,07/02/26,9:39:00,MER0035,ACCOUNT_IFSC,12.9979462569,77.6555677472,No,NONE,No,0.37
TXN000522,6101,PAY,user049@okbank,2026,6,05/06/26,0:09:00,MER0013,VPA,12.9606948495,77.5871962958,No,NONE,No,0.55
TXN000150,79785,PAY,user010@okbank,2026,6,25/06/26,13:20:00,MER0193,VPA,13.0151496194,77.6033290642,No,INVESTMENT_SCAM,Yes,0.67
TXN004995,25721,PAY,user015@okbank,2026,5,18/05/26,9:37:00,MER0042,COLLECT,12.919372757,77.5472317416,No,NONE,No,0.27
TXN003948,7542,PAY,user040@okbank,2026,4,17/04/26,0:39:00,MER0047,QR,12.9926420146,77.5675358171,No,NONE,No,0.24
TXN001394,11074,PAY,user024@okbank,2026,3,18/03/26,23:45:00,MER0143,IN_APP,12.9649021695,77.5787117517,No,NONE,No,0.45
TXN000957,23336,PAY,user032@okbank,2026,1,23/01/26,5:14:00,MER0115,VPA,12.9844500819,77.5443897473,No,NONE,No,0.26
TXN002227,17482,PAY,user020@okbank,2026,5,20/05/26,20:10:00,MER0022,MOBILE,12.9908821323,77.5755576794,No,NONE,No,0.29
TXN003285,21845,PAY,user022@okbank,2026,1,22/01/26,10:28:00,MER0126,VPA,13.0395332757,77.5596836704,No,NONE,No,0.36
TXN002706,12305,PAY,user045@okbank,2026,4,18/04/26,11:24:00,MER0147,QR,12.985255171,77.6214444218,No,NONE,No,0.09
TXN000724,37849,PAY,user032@okbank,2026,2,16/02/26,16:27:00,MER0133,VPA,12.960031614,77.5262967922,No,NONE,No,0.39
TXN004294,15943,PAY,user038@okbank,2026,2,27/02/26,15:08:00,MER0126,VPA,12.9544362744,77.5489780362,No,NONE,No,0.02
TXN001303,22097,PAY,user024@okbank,2026,4,25/04/26,13:16:00,MER0084,QR,13.0162523355,77.7307425759,No,NONE,No,0.27
TXN000805,12522,PAY,user050@okbank,2026,5,28/05/26,9:18:00,MER0067,IN_APP,12.9002606846,77.5374358165,No,NONE,No,0.37
TXN000041,59930,PAY,user024@okbank,2026,5,25/05/26,7:50:00,MER0010,IN_APP,12.957640333,77.5652530372,No,INVESTMENT_SCAM,Yes,0.75
TXN004351,12734,PAY,user015@okbank,2026,3,07/03/26,22:26:00,MER0079,VPA,12.9506337746,77.5349099547,No,NONE,No,0.21
TXN001063,14934,PAY,user007@okbank,2026,3,28/03/26,21:07:00,MER0003,IN_APP,12.9679628463,77.5526176536,No,NONE,No,0.28
TXN001684,12166,PAY,user036@okbank,2026,5,04/05/26,1:08:00,MER0121,ACCOUNT_IFSC,12.9615585317,77.5485087758,No,NONE,No,0.53
TXN002033,20604,PAY,user019@okbank,2026,1,11/01/26,0:19:00,MER0185,MOBILE,13.0050614958,77.5904684395,No,NONE,No,0.32
TXN002638,20577,PAY,user014@okbank,2026,5,05/05/26,2:55:00,MER0012,QR,12.8484895723,77.6715545946,No,NONE,No,0.26
TXN002565,22957,PAY,user044@okbank,2026,6,28/06/26,12:39:00,MER0052,ACCOUNT_IFSC,13.024695979,77.5687655986,No,NONE,No,0.16
TXN001430,15181,PAY,user020@okbank,2026,2,07/02/26,6:50:00,MER0017,VPA,13.0181221307,77.591655017,No,NONE,No,0.16
TXN000636,232,PAY,user046@okbank,2026,6,04/06/26,9:06:00,MER0044,VPA,12.9089297766,77.5724638114,No,NONE,No,0.53
TXN002770,25820,PAY,user003@okbank,2026,6,19/06/26,1:56:00,MER0026,MOBILE,12.9726502755,77.5959427073,No,NONE,No,0.19
TXN002813,9339,PAY,user014@okbank,2026,4,06/04/26,11:17:00,MER0048,INTENT,12.9209190539,77.6105039095,No,NONE,No,0.34
TXN000215,68748,PAY,user028@okbank,2026,4,07/04/26,21:54:00,MER0071,QR,13.0308104044,77.669819763,No,SIM_SWAP_DRAIN,Yes,0.7
TXN002911,17997,PAY,user026@okbank,2026,6,10/06/26,18:37:00,MER0061,VPA,12.9073397253,77.5309923304,No,NONE,No,0.53
TXN004445,8425,PAY,user038@okbank,2026,4,25/04/26,12:58:00,MER0135,COLLECT,13.0468218188,77.6528740537,No,NONE,No,0.25
TXN001678,6665,PAY,user009@okbank,2026,1,14/01/26,1:47:00,MER0086,COLLECT,12.8702083641,77.6780120298,No,NONE,No,0.37
TXN002239,15530,PAY,user010@okbank,2026,1,16/01/26,12:48:00,MER0099,VPA,12.8932686328,77.5734498218,No,NONE,No,0.45
TXN002963,21633,PAY,user011@okbank,2026,4,28/04/26,22:10:00,MER0169,QR,13.0416170375,77.6168418011,No,NONE,No,0.24
TXN000269,13534,PAY,user006@okbank,2026,2,09/02/26,17:31:00,MER0079,QR,12.9082966583,77.530456048,No,NONE,No,0.28
TXN001472,18921,PAY,user013@okbank,2026,6,18/06/26,4:30:00,MER0069,VPA,12.9384307563,77.6635449527,No,NONE,No,0.11
TXN004584,24611,PAY,user027@okbank,2026,4,05/04/26,17:02:00,MER0049,MOBILE,12.9814951207,77.5475753798,No,NONE,No,0.15
TXN001750,24716,PAY,user030@okbank,2026,4,10/04/26,20:41:00,MER0121,MANDATE,13.0199616278,77.5726077219,No,NONE,No,0.23
TXN001407,6818,PAY,user026@okbank,2026,2,07/02/26,3:45:00,MER0160,INTENT,12.9664458004,77.5428236065,No,NONE,No,0.34
TXN003727,1175,PAY,user018@okbank,2026,1,10/01/26,14:57:00,MER0040,ACCOUNT_IFSC,13.0166680203,77.628296791,No,NONE,No,0.23
TXN001784,9626,PAY,user005@okbank,2026,3,25/03/26,1:26:00,MER0024,VPA,12.9290341142,77.5740811219,No,NONE,No,0.4
TXN002471,17019,PAY,user048@okbank,2026,6,19/06/26,9:58:00,MER0117,MANDATE,12.9315684193,77.5285079332,No,NONE,No,0.53
TXN000913,19994,PAY,user049@okbank,2026,4,22/04/26,7:56:00,MER0135,INTENT,13.0443288192,77.5106354503,No,NONE,No,0.02
TXN000757,18936,PAY,user029@okbank,2026,5,24/05/26,22:04:00,MER0096,ACCOUNT_IFSC,12.9371832081,77.6229061786,No,NONE,No,0.11
TXN002556,17625,PAY,user031@okbank,2026,5,19/05/26,0:57:00,MER0085,MANDATE,12.971608481,77.5667287717,No,NONE,No,0.13
TXN002726,15933,PAY,user029@okbank,2026,1,19/01/26,2:16:00,MER0087,INTENT,13.0009363125,77.6233001597,No,NONE,No,0.18
TXN003236,12864,PAY,user039@okbank,2026,3,14/03/26,16:23:00,MER0063,MANDATE,12.9771678761,77.5709264498,No,NONE,No,0.45
TXN000057,71223,PAY,user044@okbank,2026,3,25/03/26,6:08:00,MER0099,IN_APP,12.9604977242,77.5729311589,No,FAKE_CUSTOMER_CARE,Yes,0.56
TXN002853,22483,PAY,user025@okbank,2026,6,22/06/26,18:25:00,MER0076,ACCOUNT_IFSC,12.9700742393,77.5601423594,No,NONE,No,0.27
TXN003228,12371,PAY,user009@okbank,2026,4,12/04/26,7:55:00,MER0191,IN_APP,13.0430858652,77.6299423613,No,NONE,No,0.26
TXN001008,3200,PAY,user031@okbank,2026,2,24/02/26,4:11:00,MER0070,IN_APP,12.942622916,77.4605033178,No,NONE,No,0.22
TXN001238,14836,PAY,user030@okbank,2026,5,01/05/26,2:04:00,MER0132,COLLECT,12.9365263182,77.5697265112,No,NONE,No,0.14
TXN000557,2748,PAY,user034@okbank,2026,4,15/04/26,17:48:00,MER0188,VPA,13.0362993294,77.5367820789,No,NONE,No,0.48
TXN002897,25176,PAY,user030@okbank,2026,5,28/05/26,23:33:00,MER0139,IN_APP,12.9938757892,77.5674078985,No,NONE,No,0.06
TXN003124,7582,PAY,user014@okbank,2026,2,23/02/26,19:38:00,MER0095,COLLECT,12.927299469,77.6133729552,No,NONE,No,0.35
TXN000275,2675,PAY,user038@okbank,2026,2,14/02/26,5:50:00,MER0040,IN_APP,13.0015309202,77.6529178143,No,NONE,No,0.32
TXN002368,12964,PAY,user015@okbank,2026,3,26/03/26,3:35:00,MER0042,VPA,12.8793312667,77.6139311781,No,NONE,No,0.33
TXN003174,10297,PAY,user017@okbank,2026,1,15/01/26,2:27:00,MER0018,MANDATE,12.9385313763,77.5972795836,No,NONE,No,0.33
TXN001924,100,PAY,user019@okbank,2026,5,04/05/26,22:47:00,MER0084,ACCOUNT_IFSC,12.9655333108,77.4974976145,No,NONE,No,0.34
TXN003627,10646,PAY,user031@okbank,2026,5,06/05/26,4:00:00,MER0018,MOBILE,12.9500257346,77.6402842029,No,NONE,No,0.48
TXN003880,13855,PAY,user012@okbank,2026,4,01/04/26,17:01:00,MER0017,QR,13.0366947237,77.5938850226,No,NONE,No,0.28
TXN002920,2636,PAY,user008@okbank,2026,3,11/03/26,5:54:00,MER0120,ACCOUNT_IFSC,12.9264235781,77.609185062,No,NONE,No,0.24
TXN001992,7636,PAY,user032@okbank,2026,1,12/01/26,8:19:00,MER0074,VPA,12.9161601551,77.6292282121,Yes,NONE,No,0.26
TXN004214,21561,PAY,user036@okbank,2026,6,19/06/26,5:03:00,MER0183,COLLECT,13.0263178499,77.5685792665,No,NONE,No,0.48
TXN002264,6884,PAY,user028@okbank,2026,4,02/04/26,23:02:00,MER0013,MANDATE,13.0249401412,77.6375266398,No,NONE,No,0.31
TXN000391,13173,PAY,user011@okbank,2026,5,19/05/26,13:25:00,MER0150,MOBILE,13.0203578743,77.6185959015,No,NONE,No,0.24
TXN002302,14977,PAY,user030@okbank,2026,4,14/04/26,15:13:00,MER0032,COLLECT,13.0151000803,77.4832565241,No,NONE,No,0.26
TXN004095,100,PAY,user036@okbank,2026,1,02/01/26,3:33:00,MER0051,VPA,12.9717615566,77.5678923083,No,NONE,No,0.02
TXN002313,31539,PAY,user035@okbank,2026,4,03/04/26,0:43:00,MER0197,INTENT,12.8818135146,77.6918111658,No,NONE,No,0.2
TXN004863,25875,PAY,user026@okbank,2026,2,23/02/26,8:14:00,MER0132,ACCOUNT_IFSC,13.0267247735,77.5440737872,No,NONE,No,0.23
TXN002124,25262,PAY,user009@okbank,2026,5,26/05/26,17:34:00,MER0054,INTENT,12.9834424494,77.5496523513,No,NONE,No,0.45
TXN000280,19348,PAY,user031@okbank,2026,2,14/02/26,19:20:00,MER0020,ACCOUNT_IFSC,12.9660929185,77.5716320739,No,NONE,No,0.02
TXN001080,21007,PAY,user038@okbank,2026,2,25/02/26,23:15:00,MER0160,IN_APP,13.0585239866,77.6452655727,No,NONE,No,0.43
TXN000024,57714,PAY,user049@okbank,2026,5,09/05/26,1:51:00,MER0164,INTENT,12.9813584177,77.5163274336,No,QR_DECEPTION,Yes,0.66
TXN003452,16398,PAY,user006@okbank,2026,5,11/05/26,23:34:00,MER0123,INTENT,12.8904100308,77.606779671,No,NONE,No,0.34
TXN002820,9670,PAY,user018@okbank,2026,2,05/02/26,6:43:00,MER0024,IN_APP,12.9959551482,77.6290742981,No,NONE,No,0.2
TXN002328,8617,PAY,user043@okbank,2026,3,24/03/26,22:17:00,MER0060,IN_APP,12.9212620005,77.5782892179,No,NONE,No,0.29
TXN002673,11643,PAY,user042@okbank,2026,2,13/02/26,4:47:00,MER0097,IN_APP,12.9976303422,77.6699932485,No,NONE,No,0.26
TXN004997,4585,PAY,user004@okbank,2026,6,22/06/26,21:28:00,MER0158,COLLECT,13.0339851254,77.5561527618,No,NONE,No,0.35
TXN003958,25942,PAY,user034@okbank,2026,5,27/05/26,20:29:00,MER0199,ACCOUNT_IFSC,12.9436645509,77.611512548,No,NONE,No,0.49
TXN004775,17374,PAY,user009@okbank,2026,4,28/04/26,20:21:00,MER0169,VPA,12.9283693842,77.5897892457,No,NONE,No,0.28
TXN004328,13609,PAY,user047@okbank,2026,5,20/05/26,14:53:00,MER0162,MOBILE,12.9791843413,77.554308391,No,NONE,No,0.37
TXN001379,24639,PAY,user018@okbank,2026,5,02/05/26,17:24:00,MER0103,VPA,13.0352029592,77.5908637741,No,NONE,No,0.19
TXN003407,16758,PAY,user007@okbank,2026,4,15/04/26,4:25:00,MER0068,MOBILE,12.9945852124,77.5421931369,No,NONE,No,0.14
TXN002409,4206,PAY,user005@okbank,2026,3,13/03/26,4:09:00,MER0029,COLLECT,12.9373765161,77.6469254206,No,NONE,No,0.08
TXN000096,48821,PAY,user032@okbank,2026,5,16/05/26,4:32:00,MER0030,QR,12.9488931677,77.6229555411,No,ACCOUNT_TAKEOVER,Yes,0.54
TXN000835,11590,PAY,user019@okbank,2026,1,18/01/26,0:42:00,MER0119,ACCOUNT_IFSC,13.0306366759,77.536788695,No,NONE,No,0.44
TXN001349,22241,PAY,user031@okbank,2026,5,22/05/26,16:24:00,MER0186,IN_APP,12.9490636284,77.6089630723,No,NONE,No,0.42
TXN001483,13444,PAY,user043@okbank,2026,1,25/01/26,11:52:00,MER0199,INTENT,12.8993523244,77.5755177035,No,NONE,No,0.16
TXN004497,100,PAY,user025@okbank,2026,6,27/06/26,7:23:00,MER0073,IN_APP,13.0187110053,77.4842842723,No,NONE,No,0.44
TXN002475,14802,PAY,user013@okbank,2026,3,20/03/26,20:59:00,MER0021,QR,13.0264680223,77.5221795247,No,NONE,No,0.32
TXN001724,19774,PAY,user024@okbank,2026,3,01/03/26,14:32:00,MER0085,VPA,12.962913143,77.6204148477,Yes,NONE,No,0.16
TXN004973,24702,PAY,user027@okbank,2026,3,21/03/26,17:35:00,MER0156,VPA,13.0980935995,77.5547275785,No,NONE,No,0.38
TXN003221,20879,PAY,user048@okbank,2026,6,04/06/26,3:14:00,MER0160,MOBILE,12.9108404828,77.6055477469,No,NONE,No,0.48
TXN000126,30194,PAY,user048@okbank,2026,2,14/02/26,0:42:00,MER0010,VPA,13.0158088062,77.652446729,No,REMOTE_ACCESS_FRAUD,Yes,0.44
TXN004057,12615,PAY,user019@okbank,2026,1,05/01/26,9:56:00,MER0017,QR,12.9855427377,77.6251032867,No,NONE,No,0.48
TXN001741,15088,PAY,user002@okbank,2026,5,11/05/26,10:16:00,MER0174,IN_APP,12.9386886908,77.598223147,No,NONE,No,0.21
TXN003346,5428,PAY,user018@okbank,2026,6,02/06/26,2:31:00,MER0166,IN_APP,12.9133580183,77.5037254033,No,NONE,No,0.47
TXN002134,13162,PAY,user003@okbank,2026,6,05/06/26,7:54:00,MER0013,MOBILE,13.0331242182,77.6470006128,No,NONE,No,0.37
TXN001474,39284,PAY,user029@okbank,2026,2,05/02/26,23:47:00,MER0080,ACCOUNT_IFSC,12.9826939519,77.5172303284,No,NONE,No,0.38
TXN004023,16639,PAY,user017@okbank,2026,2,16/02/26,12:03:00,MER0062,MOBILE,13.030815612,77.6525843801,No,NONE,No,0.24
TXN002664,28367,PAY,user015@okbank,2026,4,20/04/26,15:32:00,MER0134,MOBILE,12.9174771006,77.533664426,No,NONE,No,0.62
TXN003610,25396,PAY,user027@okbank,2026,3,27/03/26,8:49:00,MER0176,COLLECT,13.0142072616,77.6203362446,No,NONE,No,0.39
TXN001515,15009,PAY,user038@okbank,2026,2,21/02/26,15:54:00,MER0083,ACCOUNT_IFSC,12.9511680834,77.6099031206,Yes,NONE,No,0.41
TXN002099,23184,PAY,user029@okbank,2026,6,07/06/26,11:38:00,MER0068,QR,12.9412365737,77.5140725328,No,NONE,No,0.42
TXN004969,2692,PAY,user038@okbank,2026,5,27/05/26,21:52:00,MER0104,INTENT,12.8940685652,77.5945949787,No,NONE,No,0.36
TXN002884,13657,PAY,user012@okbank,2026,4,09/04/26,5:56:00,MER0199,IN_APP,13.0435884469,77.5316771099,No,NONE,No,0.35
TXN004684,16404,PAY,user004@okbank,2026,3,21/03/26,22:00:00,MER0013,MANDATE,12.9092471365,77.5610675718,No,NONE,No,0.31
TXN001553,27038,PAY,user042@okbank,2026,4,22/04/26,0:41:00,MER0154,VPA,13.0409814938,77.6526779294,No,NONE,No,0.39
TXN000756,10591,PAY,user021@okbank,2026,5,08/05/26,5:41:00,MER0191,ACCOUNT_IFSC,12.9856108721,77.6319151077,No,NONE,No,0.2
TXN002509,18929,PAY,user037@okbank,2026,2,18/02/26,19:25:00,MER0159,VPA,12.9790936969,77.5776348692,No,NONE,No,0.3
TXN004562,14414,PAY,user045@okbank,2026,2,28/02/26,14:38:00,MER0128,ACCOUNT_IFSC,13.0372491802,77.6189420683,No,NONE,No,0.11
TXN000421,26135,PAY,user036@okbank,2026,2,17/02/26,20:03:00,MER0002,IN_APP,13.0971239481,77.6155130171,No,NONE,No,0.26
TXN002429,20592,PAY,user037@okbank,2026,3,23/03/26,16:37:00,MER0007,QR,12.899144827,77.597355733,No,NONE,No,0.2
TXN002652,7936,PAY,user017@okbank,2026,4,10/04/26,2:34:00,MER0185,ACCOUNT_IFSC,13.0392942024,77.5776429732,No,NONE,No,0.32
TXN003039,26473,PAY,user032@okbank,2026,3,22/03/26,4:41:00,MER0106,MOBILE,13.038531615,77.5710550801,No,NONE,No,0.09
TXN000676,9567,PAY,user049@okbank,2026,1,25/01/26,11:14:00,MER0032,MOBILE,12.9369333982,77.605006047,No,NONE,No,0.25
TXN003115,16564,PAY,user037@okbank,2026,5,28/05/26,2:30:00,MER0136,MANDATE,12.9654756872,77.5095636436,No,NONE,No,0.24
TXN001112,20687,PAY,user021@okbank,2026,2,03/02/26,7:32:00,MER0152,COLLECT,12.9998176478,77.6945267438,No,NONE,No,0.36
TXN001252,16825,PAY,user030@okbank,2026,4,21/04/26,3:39:00,MER0112,IN_APP,13.0703071631,77.5502921517,No,NONE,No,0.49
TXN000483,8705,PAY,user004@okbank,2026,5,06/05/26,11:23:00,MER0030,VPA,12.9570400527,77.6041566257,No,NONE,No,0.29
TXN003952,17984,PAY,user032@okbank,2026,3,22/03/26,6:53:00,MER0134,MANDATE,12.9389909863,77.5896032423,No,NONE,No,0.56
TXN003462,100,PAY,user018@okbank,2026,3,05/03/26,9:06:00,MER0182,MANDATE,12.9415060206,77.5373584701,No,NONE,No,0.32
TXN003562,13598,PAY,user029@okbank,2026,4,02/04/26,19:04:00,MER0184,IN_APP,12.9427315025,77.658387196,No,NONE,No,0.41
TXN000305,20516,PAY,user030@okbank,2026,6,09/06/26,3:36:00,MER0069,QR,13.0225293419,77.5576668799,No,NONE,No,0.25
TXN002017,31946,PAY,user039@okbank,2026,1,04/01/26,0:04:00,MER0145,ACCOUNT_IFSC,12.9571381324,77.6334466093,No,NONE,No,0.24
TXN003930,14674,PAY,user028@okbank,2026,1,20/01/26,21:21:00,MER0043,MOBILE,12.9819581318,77.6690427282,No,NONE,No,0.38
TXN003320,24430,PAY,user008@okbank,2026,2,28/02/26,0:14:00,MER0001,ACCOUNT_IFSC,13.0245215095,77.5404755941,No,NONE,No,0.4
TXN001760,25052,PAY,user008@okbank,2026,1,02/01/26,2:54:00,MER0114,ACCOUNT_IFSC,12.982986305,77.6055229236,No,NONE,No,0.52
TXN001794,9989,PAY,user017@okbank,2026,3,02/03/26,12:33:00,MER0097,QR,12.9630438317,77.5893828507,No,NONE,No,0.03
TXN003127,35692,PAY,user016@okbank,2026,4,02/04/26,7:43:00,MER0119,IN_APP,13.0248378937,77.5197081748,No,NONE,No,0.22
TXN000616,10201,PAY,user009@okbank,2026,4,16/04/26,17:58:00,MER0147,MANDATE,12.9893060336,77.6209063057,No,NONE,No,0.36
TXN003784,17264,PAY,user045@okbank,2026,4,09/04/26,0:23:00,MER0101,IN_APP,12.9476895937,77.497611137,No,NONE,No,0.21
TXN003168,26975,PAY,user021@okbank,2026,4,07/04/26,16:26:00,MER0153,VPA,12.9458935849,77.5616241014,No,NONE,No,0.35
TXN004652,15991,PAY,user046@okbank,2026,6,01/06/26,10:16:00,MER0045,COLLECT,12.9912181028,77.5194326725,No,NONE,No,0.3
TXN002091,16134,PAY,user017@okbank,2026,1,15/01/26,18:33:00,MER0174,MANDATE,12.9004110907,77.5961437467,No,NONE,No,0.27
TXN001677,23769,PAY,user045@okbank,2026,1,22/01/26,19:53:00,MER0175,QR,12.9254803469,77.6002421587,No,NONE,No,0.38
TXN002269,16720,PAY,user022@okbank,2026,4,15/04/26,0:44:00,MER0189,VPA,13.0309487378,77.5691714693,No,NONE,No,0.51
TXN004224,21258,PAY,user045@okbank,2026,3,16/03/26,20:29:00,MER0080,VPA,13.0079857977,77.6032617642,No,NONE,No,0.21
TXN000963,31674,PAY,user037@okbank,2026,6,04/06/26,15:46:00,MER0051,IN_APP,12.9038386317,77.6108095181,No,NONE,No,0.46
TXN001580,100,PAY,user033@okbank,2026,2,09/02/26,0:31:00,MER0002,IN_APP,13.0498599133,77.5959914652,No,NONE,No,0.17
TXN003256,12678,PAY,user025@okbank,2026,1,11/01/26,19:24:00,MER0098,IN_APP,13.0215756461,77.6430206337,No,NONE,No,0.32
TXN002592,11544,PAY,user038@okbank,2026,4,02/04/26,12:11:00,MER0023,QR,12.8356203468,77.6094419686,No,NONE,No,0.32
TXN002661,13705,PAY,user018@okbank,2026,3,15/03/26,6:17:00,MER0093,ACCOUNT_IFSC,12.9102696842,77.5613351552,No,NONE,No,0.19
TXN002696,14299,PAY,user011@okbank,2026,6,22/06/26,21:39:00,MER0112,INTENT,12.9631139839,77.6011380871,No,NONE,No,0.34
TXN001505,37787,PAY,user037@okbank,2026,6,19/06/26,10:00:00,MER0115,ACCOUNT_IFSC,12.9311898208,77.6249492098,No,NONE,No,0.45
TXN000994,100,PAY,user035@okbank,2026,6,02/06/26,19:50:00,MER0079,MANDATE,12.9951087584,77.5560942135,No,NONE,No,0.34
TXN000650,28736,PAY,user040@okbank,2026,3,23/03/26,2:44:00,MER0036,ACCOUNT_IFSC,13.0272289712,77.554718695,No,NONE,No,0.6
TXN001582,100,PAY,user047@okbank,2026,5,06/05/26,5:36:00,MER0043,ACCOUNT_IFSC,12.8951825766,77.5626319027,No,NONE,No,0.15
TXN001587,17831,PAY,user027@okbank,2026,5,07/05/26,17:07:00,MER0124,QR,12.977482596,77.6042123891,No,NONE,No,0.39
TXN001749,9375,PAY,user018@okbank,2026,1,06/01/26,17:34:00,MER0053,MOBILE,12.9745981746,77.6156351034,No,NONE,No,0.13
TXN001256,2505,PAY,user019@okbank,2026,3,22/03/26,5:48:00,MER0034,VPA,12.9591734582,77.5437526631,No,NONE,No,0.29
TXN004926,30452,PAY,user048@okbank,2026,5,14/05/26,6:21:00,MER0051,MANDATE,13.0255679211,77.6099412628,No,NONE,No,0.06
TXN001458,23585,PAY,user001@okbank,2026,2,05/02/26,0:19:00,MER0061,MANDATE,13.0344486155,77.5348967,No,NONE,No,0.18
TXN002818,100,PAY,user031@okbank,2026,4,28/04/26,5:09:00,MER0013,INTENT,12.9426983461,77.568589874,No,NONE,No,0.27
TXN002232,11443,PAY,user002@okbank,2026,5,27/05/26,1:14:00,MER0021,MOBILE,12.9542472392,77.707807927,No,NONE,No,0.3
TXN003796,30275,PAY,user027@okbank,2026,2,03/02/26,5:57:00,MER0093,VPA,12.8790268812,77.5473608807,No,NONE,No,0.24
TXN001596,19397,PAY,user027@okbank,2026,3,05/03/26,2:06:00,MER0038,COLLECT,12.9143702443,77.6345091798,No,NONE,No,0.39
TXN002676,27837,PAY,user018@okbank,2026,1,09/01/26,17:17:00,MER0196,COLLECT,12.9563526625,77.5822480612,No,NONE,No,0.44
TXN001451,27438,PAY,user042@okbank,2026,3,18/03/26,8:57:00,MER0100,VPA,13.0787596937,77.6297759978,No,NONE,No,0.52
TXN003607,11269,PAY,user035@okbank,2026,6,01/06/26,7:50:00,MER0047,VPA,12.9794028323,77.5667108813,No,NONE,No,0.27
TXN001378,23241,PAY,user042@okbank,2026,5,03/05/26,11:36:00,MER0049,INTENT,13.0033918663,77.6415934745,No,NONE,No,0.44
TXN003336,8313,PAY,user034@okbank,2026,4,04/04/26,22:39:00,MER0058,ACCOUNT_IFSC,12.952593542,77.6042054428,No,NONE,No,0.15
TXN000698,3308,PAY,user050@okbank,2026,3,11/03/26,5:44:00,MER0092,VPA,12.9628962133,77.5385371145,No,NONE,No,0.31
TXN003710,22362,PAY,user009@okbank,2026,6,23/06/26,5:21:00,MER0159,COLLECT,13.0274088794,77.651439906,No,NONE,No,0.28
TXN001254,11363,PAY,user037@okbank,2026,4,27/04/26,14:18:00,MER0169,COLLECT,13.0342853635,77.5359204947,No,NONE,No,0.17
TXN001316,17339,PAY,user009@okbank,2026,6,09/06/26,14:28:00,MER0032,QR,12.9597613238,77.6099993253,No,NONE,No,0.13
TXN000870,100,PAY,user039@okbank,2026,6,22/06/26,6:17:00,MER0084,IN_APP,12.9480114677,77.6676748759,No,NONE,No,0.46
TXN003303,2646,PAY,user023@okbank,2026,1,15/01/26,14:36:00,MER0097,MOBILE,12.9855518746,77.5498704089,No,NONE,No,0.41
TXN002143,23202,PAY,user003@okbank,2026,2,08/02/26,3:52:00,MER0193,MANDATE,13.0683338419,77.6354093594,No,NONE,No,0.46
TXN003212,8550,PAY,user043@okbank,2026,6,26/06/26,8:30:00,MER0113,IN_APP,12.8989546426,77.576411356,No,NONE,No,0.26
TXN000760,31626,PAY,user030@okbank,2026,5,19/05/26,21:14:00,MER0067,IN_APP,12.8933197408,77.6099624176,No,NONE,No,0.27
TXN000859,7486,PAY,user006@okbank,2026,3,22/03/26,18:39:00,MER0180,MOBILE,12.9248143244,77.5817111632,No,NONE,No,0.29
TXN000224,85794,PAY,user040@okbank,2026,6,23/06/26,7:08:00,MER0071,VPA,12.8695067153,77.5933046069,No,INVESTMENT_SCAM,Yes,0.83
TXN003538,2402,PAY,user003@okbank,2026,5,02/05/26,17:45:00,MER0062,MOBILE,12.83803523,77.6141918272,No,NONE,No,0.3
TXN002835,16269,PAY,user019@okbank,2026,6,05/06/26,5:32:00,MER0006,VPA,12.9875183218,77.6021639909,No,NONE,No,0.16
TXN003490,25016,PAY,user007@okbank,2026,6,11/06/26,22:30:00,MER0124,QR,12.986572837,77.6120733228,No,NONE,No,0.42
TXN002004,20938,PAY,user004@okbank,2026,2,24/02/26,10:12:00,MER0182,COLLECT,12.9056771841,77.5275112076,No,NONE,No,0.37
TXN000925,29545,PAY,user023@okbank,2026,4,10/04/26,15:35:00,MER0200,IN_APP,13.024535678,77.6243112185,No,NONE,No,0.17
TXN000972,10707,PAY,user044@okbank,2026,6,15/06/26,3:12:00,MER0125,INTENT,12.9636636591,77.4781276559,No,NONE,No,0.2
TXN003128,13101,PAY,user036@okbank,2026,1,10/01/26,21:29:00,MER0103,IN_APP,12.9803495309,77.6651774515,No,NONE,No,0.13
TXN001736,17944,PAY,user010@okbank,2026,5,17/05/26,5:35:00,MER0014,MANDATE,12.9831022633,77.5736135853,No,NONE,No,0.26
TXN004723,10659,PAY,user011@okbank,2026,1,16/01/26,23:41:00,MER0172,QR,12.9654358797,77.6309853031,No,NONE,No,0.38
TXN001389,13831,PAY,user013@okbank,2026,4,15/04/26,5:49:00,MER0018,VPA,12.9879833225,77.5964339907,No,NONE,No,0.35
TXN000255,32274,PAY,user018@okbank,2026,5,08/05/26,19:37:00,MER0099,COLLECT,13.0527076502,77.6550163035,No,NONE,No,0.24
TXN004564,28809,PAY,user028@okbank,2026,6,26/06/26,3:39:00,MER0194,COLLECT,12.980463985,77.4967479495,No,NONE,No,0.26
TXN003207,6518,PAY,user017@okbank,2026,4,25/04/26,18:41:00,MER0011,COLLECT,12.8484287356,77.5382329175,No,NONE,No,0.16
TXN004911,15596,PAY,user043@okbank,2026,5,18/05/26,21:10:00,MER0011,MOBILE,12.8841432877,77.549341296,No,NONE,No,0.2
TXN002823,18263,PAY,user038@okbank,2026,3,01/03/26,10:15:00,MER0085,INTENT,13.0086443981,77.5998541659,No,NONE,No,0.38
TXN003050,32334,PAY,user039@okbank,2026,3,27/03/26,11:36:00,MER0057,IN_APP,12.9783256257,77.5263149371,No,NONE,No,0.42
TXN002208,18345,PAY,user035@okbank,2026,3,10/03/26,20:02:00,MER0040,MOBILE,12.9945441777,77.5967051959,No,NONE,No,0.2
TXN001717,11784,PAY,user033@okbank,2026,6,12/06/26,6:21:00,MER0038,IN_APP,12.9063284205,77.585702501,No,NONE,No,0.33
TXN000223,62215,PAY,user011@okbank,2026,5,28/05/26,9:16:00,MER0129,MOBILE,12.9872262291,77.630834468,No,NONE,Yes,0.87
TXN000119,52502,PAY,user012@okbank,2026,4,09/04/26,6:44:00,MER0002,IN_APP,12.9484290374,77.541495905,No,FAKE_CUSTOMER_CARE,Yes,0.7
TXN000412,8135,PAY,user014@okbank,2026,1,08/01/26,12:21:00,MER0041,MOBILE,12.9314754567,77.6091983415,No,NONE,No,0.32
TXN004042,19750,PAY,user005@okbank,2026,2,03/02/26,4:25:00,MER0033,MANDATE,12.8936138476,77.631563723,No,NONE,No,0.4
TXN002996,100,PAY,user030@okbank,2026,6,13/06/26,0:07:00,MER0123,QR,12.9900401906,77.5769412115,No,NONE,No,0.22
TXN004857,34113,PAY,user041@okbank,2026,1,03/01/26,21:46:00,MER0024,MOBILE,12.9260465372,77.514623905,No,NONE,No,0.41
TXN000181,57056,PAY,user040@okbank,2026,3,01/03/26,18:36:00,MER0176,VPA,12.9485938727,77.5516287155,No,ACCOUNT_TAKEOVER,Yes,0.7
TXN001825,18906,PAY,user003@okbank,2026,2,14/02/26,23:55:00,MER0046,ACCOUNT_IFSC,12.9517614911,77.5564612385,No,NONE,No,0.31
TXN001681,5563,PAY,user047@okbank,2026,4,20/04/26,22:04:00,MER0128,ACCOUNT_IFSC,13.0367357734,77.625239072,No,NONE,No,0.07
TXN004627,17436,PAY,user017@okbank,2026,2,12/02/26,22:09:00,MER0094,MANDATE,12.9145285168,77.6192589726,No,NONE,No,0.49
TXN001058,8236,PAY,user024@okbank,2026,4,27/04/26,14:41:00,MER0053,COLLECT,13.0083500676,77.5138499952,No,NONE,No,0.46
TXN000776,13173,PAY,user007@okbank,2026,2,21/02/26,17:13:00,MER0039,VPA,12.9641279546,77.5705335637,No,NONE,No,0.13
TXN002689,100,PAY,user014@okbank,2026,3,07/03/26,12:21:00,MER0007,IN_APP,12.9483977215,77.6086840097,No,NONE,No,0.19
TXN001460,6688,PAY,user016@okbank,2026,4,03/04/26,12:48:00,MER0169,MANDATE,12.9613820181,77.6398502658,No,NONE,No,0.05
TXN002745,15504,PAY,user036@okbank,2026,6,03/06/26,16:57:00,MER0112,ACCOUNT_IFSC,12.9577439909,77.5438630081,No,NONE,No,0.49
TXN002216,10341,PAY,user041@okbank,2026,1,11/01/26,7:50:00,MER0108,MANDATE,13.0073814898,77.5815423807,No,NONE,No,0.27
TXN002483,19784,PAY,user022@okbank,2026,3,22/03/26,20:24:00,MER0136,QR,12.972313648,77.6173536634,No,NONE,No,0.14
TXN003001,11412,PAY,user028@okbank,2026,3,02/03/26,11:34:00,MER0163,MANDATE,13.0203100386,77.6062117596,No,NONE,No,0.43
TXN001972,19406,PAY,user039@okbank,2026,3,01/03/26,7:50:00,MER0119,COLLECT,12.9762405262,77.6536866569,No,NONE,No,0.23
TXN001891,100,PAY,user050@okbank,2026,6,12/06/26,9:54:00,MER0011,QR,13.0475877354,77.5600380949,No,NONE,No,0.29
TXN001381,14063,PAY,user027@okbank,2026,2,03/02/26,23:22:00,MER0144,IN_APP,13.0033929846,77.5930304331,No,NONE,No,0.37
TXN002276,27143,PAY,user033@okbank,2026,5,18/05/26,10:32:00,MER0168,ACCOUNT_IFSC,13.0414381932,77.5474288352,No,NONE,No,0.06
TXN000507,15110,PAY,user018@okbank,2026,4,21/04/26,12:32:00,MER0081,QR,12.9946687584,77.624483574,No,NONE,No,0.34
TXN000395,7193,PAY,user018@okbank,2026,1,20/01/26,18:07:00,MER0145,IN_APP,12.9250991942,77.5146304225,No,NONE,No,0.47
TXN000437,22872,PAY,user004@okbank,2026,4,06/04/26,2:07:00,MER0068,IN_APP,13.0449538745,77.6200703599,No,NONE,No,0.57
TXN000644,9900,PAY,user034@okbank,2026,1,13/01/26,4:09:00,MER0184,COLLECT,12.9318223612,77.5535167791,No,NONE,No,0.27
TXN004331,9614,PAY,user034@okbank,2026,3,26/03/26,16:47:00,MER0099,MANDATE,12.9632013923,77.6538608057,No,NONE,No,0.12
TXN004477,24396,PAY,user036@okbank,2026,6,13/06/26,2:22:00,MER0051,COLLECT,12.9533881094,77.5410683799,No,NONE,No,0.22
TXN004319,8261,PAY,user028@okbank,2026,4,23/04/26,11:24:00,MER0162,COLLECT,13.0180137191,77.5869729897,No,NONE,No,0.4
TXN003081,25291,PAY,user022@okbank,2026,3,03/03/26,13:47:00,MER0099,IN_APP,13.0005088464,77.5807013489,No,NONE,No,0.29
TXN003891,26189,PAY,user025@okbank,2026,1,20/01/26,7:44:00,MER0113,QR,12.9725574552,77.610677937,No,NONE,No,0.31
TXN002402,12698,PAY,user050@okbank,2026,6,14/06/26,3:11:00,MER0094,MOBILE,12.9704910946,77.5682536658,No,NONE,No,0.2
TXN004285,20099,PAY,user043@okbank,2026,2,19/02/26,7:04:00,MER0063,MANDATE,12.9276110813,77.588532511,No,NONE,No,0.44
TXN000941,12946,PAY,user045@okbank,2026,6,09/06/26,10:00:00,MER0174,MOBILE,12.9516214418,77.5306836694,No,NONE,No,0.43
TXN000947,31863,PAY,user033@okbank,2026,5,22/05/26,1:52:00,MER0093,VPA,12.9775676193,77.741082062,No,NONE,No,0.42
TXN003034,4598,PAY,user045@okbank,2026,1,27/01/26,13:57:00,MER0125,VPA,13.0157631243,77.5618657225,No,NONE,No,0.26
TXN000296,21801,PAY,user021@okbank,2026,1,01/01/26,2:55:00,MER0125,ACCOUNT_IFSC,12.9958472344,77.6090982845,No,NONE,No,0.09
TXN002008,8494,PAY,user025@okbank,2026,6,04/06/26,14:25:00,MER0018,QR,13.0127272456,77.5739820426,No,NONE,No,0.16
TXN002179,10180,PAY,user048@okbank,2026,4,01/04/26,18:48:00,MER0058,IN_APP,12.9164216284,77.6186697213,No,NONE,No,0.35
TXN001433,19779,PAY,user023@okbank,2026,2,16/02/26,4:41:00,MER0168,MANDATE,12.9634712914,77.5373619305,No,NONE,No,0.34
TXN002282,100,PAY,user018@okbank,2026,3,20/03/26,10:05:00,MER0054,QR,12.9543223898,77.5765264549,No,NONE,No,0.2
TXN000278,27027,PAY,user050@okbank,2026,6,22/06/26,11:26:00,MER0192,VPA,12.9828106502,77.5997655419,No,NONE,No,0.31
TXN000220,39924,PAY,user045@okbank,2026,6,07/06/26,17:10:00,MER0105,IN_APP,13.0361517434,77.5952333418,Yes,INVESTMENT_SCAM,Yes,0.63
TXN000729,5200,PAY,user026@okbank,2026,5,23/05/26,7:54:00,MER0135,MOBILE,13.0165909202,77.5700044655,No,NONE,No,0.33
TXN004572,8421,PAY,user017@okbank,2026,4,15/04/26,10:34:00,MER0112,ACCOUNT_IFSC,12.8874835134,77.6434055288,No,NONE,No,0.22
TXN001920,23721,PAY,user027@okbank,2026,6,08/06/26,21:45:00,MER0061,ACCOUNT_IFSC,12.9734802143,77.6734264266,No,NONE,No,0.14
TXN003509,18104,PAY,user010@okbank,2026,5,05/05/26,18:17:00,MER0092,MOBILE,12.9668719567,77.6065185732,No,NONE,No,0.14
TXN003760,30003,PAY,user027@okbank,2026,4,08/04/26,18:21:00,MER0096,INTENT,12.9954850915,77.5546135275,No,NONE,No,0.39
TXN002541,26645,PAY,user015@okbank,2026,3,16/03/26,23:09:00,MER0128,IN_APP,12.885903318,77.605533455,No,NONE,No,0.35
TXN003783,12931,PAY,user030@okbank,2026,5,11/05/26,3:43:00,MER0076,MANDATE,12.9910172029,77.5040018371,No,NONE,No,0.35
TXN001461,24037,PAY,user003@okbank,2026,4,13/04/26,21:09:00,MER0185,MOBILE,12.9762380494,77.644581554,No,NONE,No,0.19
TXN004942,23112,PAY,user029@okbank,2026,1,13/01/26,9:46:00,MER0026,MANDATE,12.9935196492,77.5398580391,Yes,NONE,No,0.17
TXN001709,31589,PAY,user023@okbank,2026,4,01/04/26,0:32:00,MER0169,COLLECT,12.9040068264,77.7065151327,No,NONE,No,0.32
TXN003304,16983,PAY,user032@okbank,2026,1,26/01/26,2:38:00,MER0007,INTENT,13.0420052792,77.5597671979,No,NONE,No,0.19
TXN004884,30580,PAY,user004@okbank,2026,6,12/06/26,16:41:00,MER0073,ACCOUNT_IFSC,12.9826800401,77.6060349559,No,NONE,No,0.2
TXN004734,14866,PAY,user015@okbank,2026,3,13/03/26,10:55:00,MER0053,MANDATE,12.985037857,77.6213426792,No,NONE,No,0.3
TXN002321,6630,PAY,user022@okbank,2026,5,17/05/26,11:44:00,MER0049,VPA,13.014282252,77.6593990768,No,NONE,No,0.29
TXN003886,36242,PAY,user010@okbank,2026,3,22/03/26,12:53:00,MER0144,COLLECT,12.9930193713,77.6299899585,No,NONE,No,0.29
TXN001192,44415,PAY,user006@okbank,2026,3,28/03/26,16:37:00,MER0093,MANDATE,12.9446160376,77.4939138867,No,NONE,No,0.44
TXN002395,11984,PAY,user043@okbank,2026,6,05/06/26,21:55:00,MER0004,INTENT,12.9421186809,77.6050481739,No,NONE,No,0.11
TXN004463,100,PAY,user035@okbank,2026,1,14/01/26,21:24:00,MER0162,INTENT,12.9683651341,77.6509047261,No,NONE,No,0.24
TXN002779,4576,PAY,user009@okbank,2026,2,01/02/26,16:34:00,MER0043,MOBILE,12.9049247174,77.5592668331,No,NONE,No,0.37
TXN000942,17318,PAY,user027@okbank,2026,5,20/05/26,16:37:00,MER0100,ACCOUNT_IFSC,13.0292081921,77.5663802939,No,NONE,No,0.07
TXN000948,12379,PAY,user009@okbank,2026,5,11/05/26,13:07:00,MER0048,COLLECT,13.1112885042,77.6185333895,No,NONE,No,0.42
TXN002229,18861,PAY,user044@okbank,2026,2,12/02/26,19:05:00,MER0138,ACCOUNT_IFSC,13.0466951016,77.5672293171,No,NONE,No,0.18
TXN004812,8620,PAY,user049@okbank,2026,3,18/03/26,0:40:00,MER0083,IN_APP,13.0174768116,77.5209047315,No,NONE,No,0.02
TXN000783,31374,PAY,user041@okbank,2026,4,05/04/26,2:34:00,MER0042,MANDATE,12.9410859277,77.5804976628,No,NONE,No,0.26
TXN001608,100,PAY,user017@okbank,2026,2,24/02/26,10:49:00,MER0165,QR,13.0451890998,77.69062353,No,NONE,No,0.41
TXN000063,65882,PAY,user006@okbank,2026,4,12/04/26,13:26:00,MER0092,ACCOUNT_IFSC,12.9635637828,77.5845254926,No,COLLECT_REQUEST_FRAUD,Yes,0.92
TXN000718,20518,PAY,user023@okbank,2026,3,23/03/26,1:45:00,MER0162,COLLECT,13.0216790186,77.6650830503,No,NONE,No,0.17
TXN002687,16221,PAY,user006@okbank,2026,6,08/06/26,1:28:00,MER0163,ACCOUNT_IFSC,12.9585870172,77.562506756,No,NONE,No,0.03
TXN003370,16845,PAY,user032@okbank,2026,5,25/05/26,15:27:00,MER0124,QR,12.9874767833,77.5629261016,No,NONE,No,0.48
TXN002527,29249,PAY,user029@okbank,2026,3,07/03/26,12:59:00,MER0095,MOBILE,12.9653537916,77.6137002315,No,NONE,No,0.35
TXN004515,13318,PAY,user008@okbank,2026,4,09/04/26,19:02:00,MER0086,VPA,12.9179091802,77.4992885709,No,NONE,No,0.17
TXN002991,9392,PAY,user009@okbank,2026,1,15/01/26,8:10:00,MER0105,MANDATE,13.0194907757,77.5945671296,No,NONE,No,0.14
TXN004298,19774,PAY,user038@okbank,2026,3,26/03/26,6:58:00,MER0110,MOBILE,13.022117761,77.5693781552,No,NONE,No,0.37
TXN000770,19136,PAY,user008@okbank,2026,3,14/03/26,19:00:00,MER0040,VPA,12.9979770707,77.6548277987,No,NONE,No,0.2
TXN003293,13092,PAY,user025@okbank,2026,5,09/05/26,12:09:00,MER0018,VPA,12.9424012018,77.5601635268,No,NONE,No,0.25
TXN002358,22258,PAY,user024@okbank,2026,5,02/05/26,12:02:00,MER0087,QR,12.9647607236,77.5648775923,No,NONE,No,0.32
TXN004869,24849,PAY,user032@okbank,2026,5,02/05/26,19:44:00,MER0153,INTENT,13.0413054764,77.5427806095,No,NONE,No,0.41
TXN004341,12122,PAY,user001@okbank,2026,3,05/03/26,22:38:00,MER0093,INTENT,12.9747703677,77.6180696915,No,NONE,No,0.27
TXN000430,10742,PAY,user046@okbank,2026,3,04/03/26,17:46:00,MER0147,INTENT,12.949725216,77.7320077354,No,NONE,No,0.35
TXN003911,4067,PAY,user024@okbank,2026,3,07/03/26,18:59:00,MER0131,QR,12.9542044357,77.5710449672,No,NONE,No,0.36
TXN001805,15294,PAY,user019@okbank,2026,5,20/05/26,5:24:00,MER0163,MOBILE,12.9836553706,77.6323574161,No,NONE,No,0.44
TXN004454,19738,PAY,user024@okbank,2026,1,10/01/26,16:19:00,MER0087,VPA,13.0275063763,77.553816417,No,NONE,No,0.13
TXN004502,15703,PAY,user008@okbank,2026,4,26/04/26,14:03:00,MER0168,ACCOUNT_IFSC,12.8705571192,77.5891826526,No,NONE,No,0.29
TXN003408,6668,PAY,user013@okbank,2026,1,20/01/26,14:47:00,MER0049,COLLECT,13.0560131889,77.5253331706,No,NONE,No,0.3
TXN001781,12718,PAY,user042@okbank,2026,6,09/06/26,11:47:00,MER0035,INTENT,12.9244872456,77.5674144098,No,NONE,No,0.49
TXN001373,17456,PAY,user011@okbank,2026,3,17/03/26,22:19:00,MER0185,COLLECT,12.9637785436,77.6162580239,Yes,NONE,No,0.2
TXN001808,15014,PAY,user008@okbank,2026,3,27/03/26,19:25:00,MER0108,IN_APP,12.9740286933,77.6448520815,No,NONE,No,0.37
TXN004059,10902,PAY,user023@okbank,2026,5,18/05/26,23:56:00,MER0061,ACCOUNT_IFSC,12.9578389713,77.5739374938,No,NONE,No,0.17
TXN002162,24000,PAY,user022@okbank,2026,5,01/05/26,23:17:00,MER0116,QR,12.9570480731,77.5694543046,No,NONE,No,0.34
TXN001980,25063,PAY,user037@okbank,2026,3,24/03/26,10:41:00,MER0036,QR,12.9021005561,77.6685441366,No,NONE,No,0.35
TXN003973,10615,PAY,user007@okbank,2026,5,05/05/26,0:39:00,MER0199,IN_APP,12.9532808322,77.5835035558,No,NONE,No,0.08
TXN002833,27325,PAY,user022@okbank,2026,5,19/05/26,10:32:00,MER0030,COLLECT,13.0012415248,77.6004238484,No,NONE,No,0.17
TXN000851,10523,PAY,user013@okbank,2026,6,01/06/26,10:10:00,MER0065,INTENT,12.8750382757,77.549720809,No,NONE,No,0.23
TXN002627,11304,PAY,user050@okbank,2026,3,01/03/26,9:10:00,MER0187,ACCOUNT_IFSC,12.9880125801,77.5857831049,No,NONE,No,0.22
TXN004820,9638,PAY,user001@okbank,2026,4,18/04/26,15:52:00,MER0030,IN_APP,13.0665198034,77.6398666058,No,NONE,No,0.31
TXN003688,9272,PAY,user002@okbank,2026,6,15/06/26,7:01:00,MER0154,ACCOUNT_IFSC,12.9453380589,77.5719955327,No,NONE,No,0.17
TXN003846,6982,PAY,user012@okbank,2026,5,09/05/26,7:36:00,MER0074,COLLECT,12.854009489,77.557564775,No,NONE,No,0.16
TXN003051,4564,PAY,user031@okbank,2026,2,28/02/26,8:57:00,MER0179,MANDATE,12.9556491442,77.5518334692,No,NONE,No,0.53
TXN003997,29608,PAY,user034@okbank,2026,2,27/02/26,7:42:00,MER0168,VPA,13.0220567979,77.565838013,No,NONE,No,0.19
TXN002338,13752,PAY,user049@okbank,2026,1,16/01/26,19:59:00,MER0039,MANDATE,13.0020451822,77.5437459541,No,NONE,No,0.38
TXN002748,16210,PAY,user006@okbank,2026,1,21/01/26,4:39:00,MER0116,MOBILE,12.9967344246,77.5758349884,No,NONE,No,0.44
TXN000246,74497,PAY,user008@okbank,2026,2,27/02/26,1:52:00,MER0106,ACCOUNT_IFSC,13.000661436,77.6204211528,No,QR_DECEPTION,Yes,0.68
TXN001697,15804,PAY,user007@okbank,2026,6,19/06/26,5:22:00,MER0029,COLLECT,12.8618155781,77.6004353112,No,NONE,No,0.29
TXN002736,39382,PAY,user038@okbank,2026,5,24/05/26,18:44:00,MER0084,MANDATE,13.0184960392,77.6279942074,No,NONE,No,0.47
TXN003782,5636,PAY,user037@okbank,2026,4,05/04/26,4:34:00,MER0135,MANDATE,12.9709483012,77.6117738025,No,NONE,No,0.44
TXN001271,20255,PAY,user047@okbank,2026,2,28/02/26,20:08:00,MER0130,MANDATE,12.9589636888,77.5052056606,No,NONE,No,0.23
TXN003788,18787,PAY,user031@okbank,2026,2,07/02/26,7:58:00,MER0046,INTENT,13.0150739033,77.6282686826,No,NONE,No,0.23
TXN002986,23594,PAY,user007@okbank,2026,1,01/01/26,6:00:00,MER0129,QR,12.8589617136,77.6218188147,No,NONE,No,0.32
TXN002181,12558,PAY,user019@okbank,2026,5,13/05/26,21:20:00,MER0004,ACCOUNT_IFSC,13.0278911876,77.6097313677,No,NONE,No,0.02
TXN003915,38980,PAY,user028@okbank,2026,5,14/05/26,10:19:00,MER0039,VPA,12.9535035138,77.5394401972,No,NONE,No,0.49
TXN004974,16975,PAY,user025@okbank,2026,3,01/03/26,0:28:00,MER0139,INTENT,13.051652695,77.5240496125,No,NONE,No,0.17
TXN004893,11062,PAY,user014@okbank,2026,3,08/03/26,5:16:00,MER0131,MOBILE,12.9926284579,77.5900564955,No,NONE,No,0.23
TXN002084,624,PAY,user011@okbank,2026,1,01/01/26,15:01:00,MER0037,COLLECT,12.9125849518,77.648187272,No,NONE,No,0.3
TXN001010,19564,PAY,user019@okbank,2026,4,07/04/26,3:46:00,MER0020,MANDATE,13.0687237183,77.5961941922,No,NONE,No,0.14
TXN004450,22353,PAY,user020@okbank,2026,1,18/01/26,7:27:00,MER0031,COLLECT,12.9687749643,77.5797277867,No,NONE,No,0.1
TXN004083,6699,PAY,user019@okbank,2026,3,27/03/26,9:22:00,MER0078,MOBILE,12.95438101,77.573775009,No,NONE,No,0.13
TXN004802,7761,PAY,user014@okbank,2026,3,20/03/26,17:17:00,MER0041,IN_APP,12.9750447904,77.5305520839,Yes,NONE,No,0.2
TXN004014,4100,PAY,user043@okbank,2026,1,14/01/26,9:06:00,MER0169,VPA,13.0313726249,77.6856713071,No,NONE,No,0.21
TXN004847,2902,PAY,user035@okbank,2026,1,20/01/26,2:17:00,MER0156,IN_APP,12.8874376935,77.5679137675,No,NONE,No,0.22
TXN004052,7690,PAY,user017@okbank,2026,1,17/01/26,8:52:00,MER0109,INTENT,13.0834450154,77.5826449523,No,NONE,No,0.43
TXN003967,16104,PAY,user007@okbank,2026,6,13/06/26,9:29:00,MER0093,MOBILE,12.9870059943,77.5747987709,No,NONE,No,0.25
TXN003739,4982,PAY,user047@okbank,2026,5,28/05/26,20:59:00,MER0107,VPA,12.9613372985,77.5999036851,No,NONE,No,0.44
TXN003589,24897,PAY,user050@okbank,2026,3,17/03/26,5:20:00,MER0105,MANDATE,12.9853485719,77.5619033484,No,NONE,No,0.05
TXN004930,13025,PAY,user046@okbank,2026,2,25/02/26,11:52:00,MER0124,IN_APP,12.9254801551,77.5919718398,No,NONE,No,0.32
TXN004892,6720,PAY,user050@okbank,2026,1,16/01/26,3:49:00,MER0095,QR,12.9614885161,77.6284627582,No,NONE,No,0.25
TXN004470,25480,PAY,user014@okbank,2026,2,16/02/26,12:21:00,MER0149,INTENT,12.9333699981,77.641987045,No,NONE,No,0.56
TXN002140,22210,PAY,user014@okbank,2026,3,09/03/26,5:37:00,MER0010,INTENT,13.0692814425,77.6212544211,No,NONE,No,0.17
TXN001791,20440,PAY,user001@okbank,2026,3,05/03/26,19:45:00,MER0153,MANDATE,13.0028451532,77.5662321483,No,NONE,No,0.28
TXN002439,6164,PAY,user031@okbank,2026,2,04/02/26,19:07:00,MER0101,ACCOUNT_IFSC,13.0354189579,77.6935610793,No,NONE,No,0.56
TXN003193,11673,PAY,user009@okbank,2026,4,09/04/26,14:08:00,MER0199,COLLECT,12.8784698826,77.5942597291,No,NONE,No,0.05
TXN003685,20240,PAY,user017@okbank,2026,3,22/03/26,22:13:00,MER0142,ACCOUNT_IFSC,13.0699113091,77.5640483789,No,NONE,No,0.49
TXN002529,7980,PAY,user028@okbank,2026,2,17/02/26,5:45:00,MER0042,INTENT,12.9643291035,77.5804839394,No,NONE,No,0.13
TXN002198,31203,PAY,user010@okbank,2026,6,09/06/26,18:27:00,MER0165,ACCOUNT_IFSC,12.9675752075,77.570113059,No,NONE,No,0.35
TXN003665,22708,PAY,user008@okbank,2026,5,05/05/26,0:16:00,MER0029,ACCOUNT_IFSC,13.0389338564,77.5755328038,No,NONE,No,0.41
TXN003827,2337,PAY,user029@okbank,2026,2,04/02/26,0:03:00,MER0107,INTENT,12.8988680603,77.6307011395,No,NONE,No,0.46
TXN004091,21423,PAY,user007@okbank,2026,3,11/03/26,14:56:00,MER0171,QR,13.0068296958,77.5971592957,No,NONE,No,0.25
TXN003182,100,PAY,user010@okbank,2026,1,07/01/26,5:56:00,MER0066,MOBILE,13.0200154394,77.6136227468,No,NONE,No,0.17
TXN004277,6321,PAY,user030@okbank,2026,2,06/02/26,5:20:00,MER0050,QR,12.989642742,77.6046051263,No,NONE,No,0.51
TXN000548,9323,PAY,user027@okbank,2026,6,09/06/26,10:49:00,MER0135,MANDATE,12.9746573732,77.6311771621,No,NONE,No,0.17
TXN001084,2510,PAY,user043@okbank,2026,2,19/02/26,7:43:00,MER0038,ACCOUNT_IFSC,12.8910923818,77.6205051317,No,NONE,No,0.36
TXN002499,22096,PAY,user005@okbank,2026,1,14/01/26,16:04:00,MER0163,INTENT,12.9695451074,77.6826390498,No,NONE,No,0.33
TXN003189,7947,PAY,user047@okbank,2026,4,24/04/26,16:24:00,MER0076,IN_APP,13.0706493668,77.5355315125,No,NONE,No,0.33
TXN003030,24554,PAY,user016@okbank,2026,4,03/04/26,17:53:00,MER0130,MANDATE,13.0605269419,77.5869214585,No,NONE,No,0.09
TXN003871,1315,PAY,user021@okbank,2026,2,13/02/26,0:35:00,MER0183,VPA,13.0434734025,77.5967539001,No,NONE,No,0.23
TXN003615,26345,PAY,user001@okbank,2026,2,25/02/26,14:22:00,MER0033,IN_APP,12.9005937299,77.517532346,No,NONE,No,0.41
TXN003587,22988,PAY,user012@okbank,2026,3,21/03/26,21:59:00,MER0075,COLLECT,12.9856044714,77.6124298765,No,NONE,No,0.18
TXN001798,15836,PAY,user042@okbank,2026,4,24/04/26,6:53:00,MER0026,MANDATE,13.0036255324,77.6070046983,No,NONE,No,0.34
TXN003405,20982,PAY,user025@okbank,2026,1,08/01/26,6:43:00,MER0016,MANDATE,12.919278109,77.5952496956,No,NONE,No,0.28
TXN000812,2660,PAY,user002@okbank,2026,4,24/04/26,21:46:00,MER0085,COLLECT,13.0191711662,77.6262921744,No,NONE,No,0.32
TXN000830,23085,PAY,user050@okbank,2026,1,28/01/26,19:56:00,MER0026,INTENT,12.9757245176,77.6186008104,No,NONE,No,0.21
TXN001694,7066,PAY,user014@okbank,2026,1,10/01/26,8:22:00,MER0004,VPA,13.0117490332,77.6580780597,No,NONE,No,0.02
TXN000646,11384,PAY,user010@okbank,2026,3,04/03/26,16:47:00,MER0089,MANDATE,12.9358158222,77.6281808109,No,NONE,No,0.37
TXN001145,13108,PAY,user014@okbank,2026,3,14/03/26,0:21:00,MER0038,MOBILE,12.9819593917,77.5981877905,No,NONE,No,0.33
TXN002811,9221,PAY,user048@okbank,2026,4,21/04/26,17:50:00,MER0021,COLLECT,12.9644756663,77.5768920801,No,NONE,No,0.27
TXN003715,18326,PAY,user041@okbank,2026,3,19/03/26,18:48:00,MER0050,INTENT,13.0369963423,77.5197163407,No,NONE,No,0.29
TXN001508,9412,PAY,user030@okbank,2026,1,02/01/26,21:27:00,MER0059,VPA,12.9546211699,77.6380607835,No,NONE,No,0.7
TXN003860,21792,PAY,user009@okbank,2026,3,26/03/26,19:55:00,MER0012,ACCOUNT_IFSC,13.0152700972,77.6200629923,No,NONE,No,0.22
TXN002587,3050,PAY,user022@okbank,2026,3,17/03/26,3:06:00,MER0109,COLLECT,12.9410282367,77.6049492804,No,NONE,No,0.09
TXN000552,23582,PAY,user029@okbank,2026,1,05/01/26,8:41:00,MER0025,INTENT,13.0201841214,77.6442044026,No,NONE,No,0.42
TXN004759,16184,PAY,user036@okbank,2026,3,19/03/26,17:48:00,MER0123,IN_APP,12.9656252666,77.5485267423,No,NONE,No,0.37
TXN003108,19799,PAY,user029@okbank,2026,6,07/06/26,0:06:00,MER0135,IN_APP,12.9980423049,77.5571082649,No,NONE,No,0.49
TXN000741,33360,PAY,user019@okbank,2026,5,25/05/26,6:54:00,MER0027,MOBILE,13.0079391343,77.5374304775,No,NONE,No,0.23
TXN001691,100,PAY,user008@okbank,2026,1,07/01/26,11:41:00,MER0190,COLLECT,12.9207107924,77.6092003677,No,NONE,No,0.45
TXN003844,22445,PAY,user037@okbank,2026,1,07/01/26,22:23:00,MER0182,INTENT,13.05694569,77.5378235077,No,NONE,No,0.21
TXN004801,14213,PAY,user031@okbank,2026,5,23/05/26,14:31:00,MER0104,MANDATE,13.0231732609,77.602692544,No,NONE,No,0.2
TXN004785,16650,PAY,user013@okbank,2026,3,02/03/26,1:34:00,MER0049,MOBILE,12.9559405713,77.6073660309,No,NONE,No,0.31
TXN003376,1855,PAY,user030@okbank,2026,1,27/01/26,9:31:00,MER0014,QR,12.9595760974,77.5246738553,No,NONE,No,0.32
TXN002340,22870,PAY,user004@okbank,2026,1,24/01/26,8:41:00,MER0180,MOBILE,12.9824393151,77.649184176,No,NONE,No,0.4
TXN002598,14811,PAY,user034@okbank,2026,1,28/01/26,20:11:00,MER0162,COLLECT,13.0097383513,77.6393908567,No,NONE,No,0.33
TXN002910,11069,PAY,user048@okbank,2026,5,02/05/26,16:50:00,MER0179,MANDATE,13.0262420073,77.6500628439,No,NONE,No,0.37
TXN001189,100,PAY,user049@okbank,2026,4,13/04/26,5:24:00,MER0145,ACCOUNT_IFSC,12.8792838497,77.6427481655,No,NONE,No,0.28
TXN004868,100,PAY,user015@okbank,2026,6,03/06/26,15:40:00,MER0079,COLLECT,13.0571620804,77.5611799709,No,NONE,No,0.47
TXN003946,7121,PAY,user021@okbank,2026,6,12/06/26,4:14:00,MER0061,VPA,13.0637094301,77.6917964435,No,NONE,No,0.29
TXN000463,19992,PAY,user034@okbank,2026,2,15/02/26,18:47:00,MER0165,MOBILE,12.9635789623,77.5068317238,No,NONE,No,0.02
TXN001459,25261,PAY,user006@okbank,2026,4,02/04/26,7:39:00,MER0156,ACCOUNT_IFSC,12.9972424383,77.5896185011,No,NONE,No,0.11
TXN000792,20400,PAY,user020@okbank,2026,6,15/06/26,8:10:00,MER0175,MANDATE,12.951334361,77.5557686912,No,NONE,No,0.27
TXN003116,32122,PAY,user050@okbank,2026,4,28/04/26,17:18:00,MER0024,INTENT,13.0051479577,77.6755168592,No,NONE,No,0.31
TXN000334,27168,PAY,user036@okbank,2026,1,10/01/26,3:54:00,MER0028,QR,12.9834705105,77.5610246262,No,NONE,No,0.19
TXN000310,41947,PAY,user010@okbank,2026,6,13/06/26,6:17:00,MER0121,INTENT,12.936625149,77.6722128665,No,NONE,No,0.47
TXN002311,100,PAY,user035@okbank,2026,3,11/03/26,6:39:00,MER0177,INTENT,12.8848918493,77.6164974427,No,NONE,No,0.32
TXN001040,20121,PAY,user034@okbank,2026,4,08/04/26,8:47:00,MER0105,MOBILE,13.0396835595,77.6520686239,No,NONE,No,0.06
TXN004654,2347,PAY,user021@okbank,2026,2,17/02/26,22:43:00,MER0169,ACCOUNT_IFSC,12.9256785726,77.6287807524,No,NONE,No,0.2
TXN003424,15005,PAY,user044@okbank,2026,1,28/01/26,8:09:00,MER0158,MANDATE,12.9535603224,77.5094532888,No,NONE,No,0.49
TXN000453,3130,PAY,user032@okbank,2026,6,16/06/26,19:53:00,MER0083,QR,12.9678831455,77.5706890192,No,NONE,No,0.24
TXN003476,5572,PAY,user026@okbank,2026,4,09/04/26,8:01:00,MER0171,ACCOUNT_IFSC,13.0512855717,77.524200107,No,NONE,No,0.14
TXN000565,32327,PAY,user011@okbank,2026,2,15/02/26,21:13:00,MER0168,VPA,12.9949229199,77.622251363,No,NONE,No,0.33
TXN001859,16460,PAY,user021@okbank,2026,4,26/04/26,10:31:00,MER0075,IN_APP,12.9453495636,77.6405993683,No,NONE,No,0.1
TXN001513,6001,PAY,user014@okbank,2026,6,27/06/26,7:23:00,MER0148,COLLECT,13.0163784191,77.5739322001,No,NONE,No,0.46
TXN001158,12983,PAY,user032@okbank,2026,3,17/03/26,10:50:00,MER0034,MANDATE,12.9466630524,77.6399237022,No,NONE,No,0.18
TXN003993,100,PAY,user021@okbank,2026,5,06/05/26,16:30:00,MER0087,IN_APP,12.8970259976,77.5434866478,No,NONE,No,0.25
TXN002075,16690,PAY,user034@okbank,2026,1,13/01/26,15:53:00,MER0115,COLLECT,12.8673342814,77.4290834725,No,NONE,No,0.14
TXN003956,3897,PAY,user050@okbank,2026,6,19/06/26,21:10:00,MER0187,IN_APP,12.9747772361,77.5277450461,No,NONE,No,0.23
TXN001019,23473,PAY,user021@okbank,2026,3,18/03/26,15:03:00,MER0020,IN_APP,12.9666688904,77.5948690437,No,NONE,No,0.33
TXN002849,12660,PAY,user001@okbank,2026,2,21/02/26,20:09:00,MER0026,INTENT,13.0241077988,77.5094219075,No,NONE,No,0.19
TXN004748,8468,PAY,user037@okbank,2026,4,15/04/26,7:01:00,MER0156,ACCOUNT_IFSC,12.9616914657,77.5922153641,No,NONE,No,0.21
TXN000338,30763,PAY,user014@okbank,2026,5,11/05/26,10:08:00,MER0046,MOBILE,12.9322353151,77.641407643,No,NONE,No,0.29
TXN001673,26129,PAY,user005@okbank,2026,6,12/06/26,0:52:00,MER0086,MOBILE,12.9457864598,77.5027606528,No,NONE,No,0.41
TXN000797,21063,PAY,user004@okbank,2026,1,23/01/26,18:10:00,MER0030,IN_APP,13.0081128599,77.6222160834,No,NONE,No,0.18
TXN002353,5567,PAY,user048@okbank,2026,4,21/04/26,1:30:00,MER0073,COLLECT,13.0407138061,77.6040808619,No,NONE,No,0.28
TXN000226,25456,PAY,user043@okbank,2026,4,23/04/26,17:06:00,MER0142,COLLECT,12.9327967713,77.5599856601,No,REMOTE_ACCESS_FRAUD,Yes,0.91
TXN001639,100,PAY,user039@okbank,2026,3,08/03/26,13:09:00,MER0160,QR,12.8975154503,77.6153336426,No,NONE,No,0.45
TXN003186,8140,PAY,user010@okbank,2026,4,15/04/26,19:16:00,MER0166,INTENT,13.0329097725,77.5782517472,No,NONE,No,0.14
TXN003423,20353,PAY,user025@okbank,2026,4,16/04/26,7:19:00,MER0162,VPA,12.9359908577,77.5737355754,No,NONE,No,0.14
TXN004381,24244,PAY,user003@okbank,2026,6,18/06/26,17:56:00,MER0072,MANDATE,12.889035946,77.6231950356,No,NONE,No,0.34
TXN004106,28563,PAY,user001@okbank,2026,5,06/05/26,12:15:00,MER0086,IN_APP,12.9698078279,77.5514732695,No,NONE,No,0.39
TXN000190,8416,PAY,user040@okbank,2026,6,17/06/26,8:13:00,MER0007,COLLECT,12.9879557523,77.4989329886,No,TEST_THEN_DRAIN,Yes,0.42
TXN001590,22122,PAY,user025@okbank,2026,1,04/01/26,0:18:00,MER0180,ACCOUNT_IFSC,12.9386282218,77.5724583633,No,NONE,No,0.18
TXN002423,8970,PAY,user021@okbank,2026,3,14/03/26,9:04:00,MER0051,MOBILE,12.9972244987,77.7036639366,No,NONE,No,0.58
TXN000355,25798,PAY,user027@okbank,2026,4,01/04/26,7:23:00,MER0032,QR,12.9463402565,77.6212370872,No,NONE,No,0.17
TXN000916,22646,PAY,user046@okbank,2026,2,03/02/26,15:07:00,MER0036,QR,12.9703037697,77.5610679204,No,NONE,No,0.59
TXN003129,5487,PAY,user045@okbank,2026,1,13/01/26,16:24:00,MER0004,VPA,12.9861758823,77.6403687928,No,NONE,No,0.47
TXN001030,24047,PAY,user037@okbank,2026,2,25/02/26,6:01:00,MER0142,COLLECT,12.9966442834,77.5364469207,No,NONE,No,0.41
TXN003535,24459,PAY,user006@okbank,2026,4,28/04/26,17:20:00,MER0150,ACCOUNT_IFSC,12.8785497461,77.5961432258,No,NONE,No,0.45
TXN000314,18987,PAY,user040@okbank,2026,1,10/01/26,3:33:00,MER0179,COLLECT,13.0118399327,77.657820579,No,NONE,No,0.34
TXN004289,8370,PAY,user029@okbank,2026,1,11/01/26,16:11:00,MER0094,IN_APP,12.989184973,77.5791422999,No,NONE,No,0.42
TXN001498,14477,PAY,user005@okbank,2026,4,22/04/26,4:00:00,MER0198,MOBILE,12.956430209,77.6567244191,No,NONE,No,0.14
TXN003323,10068,PAY,user032@okbank,2026,6,27/06/26,16:06:00,MER0192,IN_APP,13.0120515484,77.5786088305,No,NONE,No,0.23
TXN003731,16947,PAY,user006@okbank,2026,5,21/05/26,7:51:00,MER0096,QR,12.9170334911,77.606265781,No,NONE,No,0.58
TXN002693,19994,PAY,user046@okbank,2026,1,19/01/26,13:49:00,MER0162,MOBILE,12.9617278429,77.6049083652,No,NONE,No,0.02
TXN004622,30054,PAY,user028@okbank,2026,6,14/06/26,17:10:00,MER0118,INTENT,12.9878520332,77.5797599348,No,NONE,No,0.02
TXN002473,13178,PAY,user003@okbank,2026,5,12/05/26,22:06:00,MER0074,QR,12.8882316319,77.6596045779,No,NONE,No,0.02
TXN001642,18691,PAY,user045@okbank,2026,5,25/05/26,2:44:00,MER0025,MANDATE,12.9900194229,77.5418790211,No,NONE,No,0.44
TXN004472,25744,PAY,user015@okbank,2026,2,27/02/26,19:46:00,MER0171,COLLECT,13.0270359581,77.5901318596,No,NONE,No,0.33
TXN002400,18530,PAY,user046@okbank,2026,2,25/02/26,7:48:00,MER0076,ACCOUNT_IFSC,13.0189599866,77.6154486399,No,NONE,No,0.41
TXN000836,17887,PAY,user033@okbank,2026,2,28/02/26,5:25:00,MER0084,MANDATE,13.048968919,77.5765977275,No,NONE,No,0.13
TXN004787,33354,PAY,user049@okbank,2026,1,11/01/26,22:39:00,MER0195,ACCOUNT_IFSC,12.976064202,77.5780074581,No,NONE,No,0.02
TXN002844,18575,PAY,user050@okbank,2026,5,09/05/26,4:00:00,MER0086,ACCOUNT_IFSC,12.924581869,77.5925745439,No,NONE,No,0.05
TXN000793,33137,PAY,user010@okbank,2026,1,12/01/26,21:06:00,MER0121,COLLECT,13.0187458384,77.644080037,No,NONE,No,0.31
TXN001601,12918,PAY,user015@okbank,2026,4,21/04/26,14:24:00,MER0134,ACCOUNT_IFSC,12.9464928858,77.6036869961,No,NONE,No,0.49
TXN000608,20361,PAY,user006@okbank,2026,2,25/02/26,15:10:00,MER0127,ACCOUNT_IFSC,12.9931214446,77.5480172325,No,NONE,No,0.41
TXN000915,20823,PAY,user013@okbank,2026,1,10/01/26,21:40:00,MER0112,INTENT,13.006663737,77.5414145737,No,NONE,No,0.28
TXN001613,8068,PAY,user012@okbank,2026,5,17/05/26,13:38:00,MER0138,VPA,13.0456273734,77.6323170582,No,NONE,No,0.16
TXN001892,26150,PAY,user045@okbank,2026,6,06/06/26,3:17:00,MER0143,QR,12.9772692518,77.6297326595,No,NONE,No,0.02
TXN001442,14794,PAY,user016@okbank,2026,1,23/01/26,21:41:00,MER0160,MANDATE,12.9892762645,77.5946992631,No,NONE,No,0.42
TXN002334,21190,PAY,user045@okbank,2026,5,19/05/26,9:53:00,MER0105,INTENT,12.9410802232,77.5461844153,No,NONE,No,0.26
TXN000187,70198,PAY,user007@okbank,2026,3,04/03/26,9:34:00,MER0176,MOBILE,13.013060552,77.626705258,No,NONE,Yes,0.91
TXN002890,16633,PAY,user029@okbank,2026,5,02/05/26,16:53:00,MER0021,VPA,12.968107116,77.5727573151,No,NONE,No,0.38
TXN002889,35423,PAY,user028@okbank,2026,5,05/05/26,14:22:00,MER0117,INTENT,12.9397947027,77.6020165071,No,NONE,No,0.15
TXN004079,19753,PAY,user043@okbank,2026,4,09/04/26,10:13:00,MER0075,ACCOUNT_IFSC,12.986519095,77.5748937087,No,NONE,No,0.27
TXN000148,88227,PAY,user012@okbank,2026,6,15/06/26,1:16:00,MER0168,COLLECT,12.9535098013,77.5799304088,No,TASK_SCAM,Yes,0.63
TXN002625,14117,PAY,user019@okbank,2026,2,01/02/26,12:31:00,MER0008,MOBILE,12.9753863594,77.6297730621,No,NONE,No,0.02
TXN003399,22576,PAY,user005@okbank,2026,1,22/01/26,2:40:00,MER0134,VPA,13.0564760281,77.6089102115,No,NONE,No,0.37
TXN001718,11881,PAY,user015@okbank,2026,6,14/06/26,12:40:00,MER0027,QR,12.9073755115,77.5549693009,No,NONE,No,0.4
TXN000413,34246,PAY,user023@okbank,2026,3,09/03/26,11:32:00,MER0122,MOBILE,12.9493990766,77.5987852435,No,NONE,No,0.16
TXN001208,9947,PAY,user002@okbank,2026,6,06/06/26,11:32:00,MER0046,ACCOUNT_IFSC,12.9899021546,77.5818838334,No,NONE,No,0.51
TXN001204,21654,PAY,user041@okbank,2026,4,24/04/26,19:18:00,MER0035,INTENT,12.9359891742,77.5580648633,No,NONE,No,0.29
TXN000981,6725,PAY,user016@okbank,2026,2,14/02/26,2:57:00,MER0095,MOBILE,13.005494856,77.6195910301,No,NONE,No,0.18
TXN000331,27716,PAY,user036@okbank,2026,3,20/03/26,0:21:00,MER0097,COLLECT,13.0162509388,77.5472022804,No,NONE,No,0.29
TXN001074,6558,PAY,user014@okbank,2026,6,16/06/26,2:57:00,MER0004,MANDATE,12.9489011085,77.5691943621,No,NONE,No,0.34
TXN001369,14302,PAY,user021@okbank,2026,3,03/03/26,19:21:00,MER0033,IN_APP,12.9382134138,77.5721247697,No,NONE,No,0.4
TXN000206,102073,PAY,user014@okbank,2026,3,22/03/26,16:43:00,MER0006,QR,12.9420359258,77.5783136688,Yes,TEST_THEN_DRAIN,Yes,0.73
TXN004457,31755,PAY,user040@okbank,2026,1,03/01/26,19:57:00,MER0013,IN_APP,12.9080950804,77.6068281679,Yes,NONE,No,0.32
TXN002291,1681,PAY,user010@okbank,2026,5,25/05/26,9:55:00,MER0153,MANDATE,13.0157840088,77.6514095564,No,NONE,No,0.21
TXN001876,11882,PAY,user031@okbank,2026,2,03/02/26,16:24:00,MER0188,QR,13.1067568741,77.5215663815,No,NONE,No,0.31
TXN000674,25435,PAY,user003@okbank,2026,2,18/02/26,23:24:00,MER0183,MANDATE,12.969867081,77.674838216,No,NONE,No,0.4
TXN004703,27431,PAY,user025@okbank,2026,6,22/06/26,1:38:00,MER0066,IN_APP,13.0988415156,77.5503907371,No,NONE,No,0.07
TXN004708,11392,PAY,user048@okbank,2026,5,15/05/26,1:46:00,MER0192,VPA,12.9388150774,77.5844830395,No,NONE,No,0.28
TXN003261,100,PAY,user045@okbank,2026,1,23/01/26,12:18:00,MER0117,MOBILE,12.9880794618,77.6420283401,No,NONE,No,0.08
TXN003581,19091,PAY,user039@okbank,2026,4,23/04/26,9:32:00,MER0131,IN_APP,12.8362383719,77.6706454928,No,NONE,No,0.21
TXN004490,17669,PAY,user001@okbank,2026,1,14/01/26,16:51:00,MER0063,COLLECT,12.9854989585,77.550095848,No,NONE,No,0.1
TXN000027,44553,PAY,user022@okbank,2026,2,19/02/26,8:10:00,MER0130,VPA,12.9816746546,77.5532319045,No,SIM_SWAP_DRAIN,Yes,0.64
TXN004672,19151,PAY,user029@okbank,2026,6,23/06/26,10:29:00,MER0075,INTENT,12.9348875615,77.7032976311,No,NONE,No,0.34
TXN004714,8526,PAY,user012@okbank,2026,6,19/06/26,3:32:00,MER0072,MANDATE,13.0399452499,77.531541525,No,NONE,No,0.3
TXN002218,4192,PAY,user011@okbank,2026,1,16/01/26,14:35:00,MER0176,COLLECT,12.8961504246,77.5864024565,No,NONE,No,0.33
TXN004928,34551,PAY,user013@okbank,2026,3,26/03/26,12:03:00,MER0189,IN_APP,12.9980966914,77.5800492098,No,NONE,No,0.42
TXN002985,20691,PAY,user029@okbank,2026,6,26/06/26,1:23:00,MER0043,IN_APP,12.9145053296,77.5226182286,No,NONE,No,0.24
TXN003566,100,PAY,user002@okbank,2026,2,13/02/26,16:31:00,MER0169,MOBILE,13.0099306241,77.5468774589,No,NONE,No,0.09
TXN003593,17402,PAY,user048@okbank,2026,2,21/02/26,23:21:00,MER0033,MOBILE,12.9244079352,77.6720466309,No,NONE,No,0.58
TXN004372,20561,PAY,user038@okbank,2026,3,13/03/26,3:04:00,MER0019,MOBILE,13.0697376619,77.6262878889,No,NONE,No,0.46
TXN001470,10923,PAY,user035@okbank,2026,3,14/03/26,0:02:00,MER0099,VPA,12.9451671322,77.6638334593,No,NONE,No,0.35
TXN003365,29616,PAY,user036@okbank,2026,1,19/01/26,23:04:00,MER0163,INTENT,13.0594604221,77.680946226,No,NONE,No,0.3
TXN003378,31885,PAY,user037@okbank,2026,5,18/05/26,23:33:00,MER0043,QR,12.9304858761,77.6154595147,No,NONE,No,0.32
TXN000080,37761,PAY,user032@okbank,2026,5,10/05/26,16:17:00,MER0096,COLLECT,12.8932152835,77.6081784059,No,FAKE_CUSTOMER_CARE,Yes,0.58
TXN002215,16108,PAY,user039@okbank,2026,3,26/03/26,17:09:00,MER0068,INTENT,12.9942501354,77.637163548,No,NONE,No,0.31
TXN000961,747,PAY,user007@okbank,2026,6,02/06/26,1:41:00,MER0027,QR,12.9882153992,77.6613110081,No,NONE,No,0.22
TXN000282,11036,PAY,user019@okbank,2026,6,27/06/26,6:22:00,MER0181,VPA,13.0276790189,77.5715251586,No,NONE,No,0.17
TXN002147,33095,PAY,user032@okbank,2026,2,13/02/26,2:31:00,MER0109,INTENT,12.9431283585,77.5348305218,No,NONE,No,0.07
TXN001643,16969,PAY,user012@okbank,2026,5,02/05/26,1:12:00,MER0018,COLLECT,12.8934450003,77.6392823766,No,NONE,No,0.24
TXN003988,13232,PAY,user007@okbank,2026,2,03/02/26,22:06:00,MER0035,QR,13.015946663,77.6810875899,No,NONE,No,0.31
TXN003114,5825,PAY,user023@okbank,2026,5,25/05/26,0:22:00,MER0058,VPA,12.9198473958,77.5855890573,No,NONE,No,0.31
TXN000399,27869,PAY,user050@okbank,2026,5,18/05/26,6:21:00,MER0092,QR,13.0585808685,77.5791555412,No,NONE,No,0.22
TXN000221,78272,PAY,user024@okbank,2026,2,22/02/26,10:54:00,MER0180,VPA,12.9117724483,77.5842141448,No,MANDATE_FRAUD,Yes,0.62
TXN004027,16275,PAY,user019@okbank,2026,2,18/02/26,20:30:00,MER0002,MANDATE,12.9939685051,77.6370493476,No,NONE,No,0.19
TXN002178,18358,PAY,user032@okbank,2026,1,27/01/26,6:49:00,MER0050,VPA,13.0203640501,77.5911636757,No,NONE,No,0.32
TXN004596,33614,PAY,user029@okbank,2026,1,25/01/26,13:30:00,MER0052,MOBILE,12.940538912,77.6078216361,No,NONE,No,0.23
TXN002754,10893,PAY,user020@okbank,2026,3,20/03/26,15:02:00,MER0019,MOBILE,13.0269188379,77.6039681336,No,NONE,No,0.11
TXN002523,100,PAY,user042@okbank,2026,4,06/04/26,9:56:00,MER0131,INTENT,12.9649603359,77.5511639416,No,NONE,No,0.06
TXN000881,15389,PAY,user049@okbank,2026,1,23/01/26,23:01:00,MER0166,ACCOUNT_IFSC,12.9483485532,77.5410773682,No,NONE,No,0.35
TXN002419,19344,PAY,user007@okbank,2026,5,10/05/26,22:32:00,MER0173,INTENT,12.9050866331,77.5704606432,No,NONE,No,0.24
TXN000580,11617,PAY,user017@okbank,2026,6,19/06/26,5:28:00,MER0016,MANDATE,13.0293006755,77.5584050029,No,NONE,No,0.26
TXN004068,1587,PAY,user023@okbank,2026,1,25/01/26,5:25:00,MER0125,INTENT,12.9648650468,77.6130166661,No,NONE,No,0.4
TXN003163,43687,PAY,user041@okbank,2026,6,14/06/26,6:47:00,MER0193,ACCOUNT_IFSC,12.9374284242,77.6684375142,No,NONE,No,0.23
TXN002710,25729,PAY,user029@okbank,2026,5,22/05/26,2:39:00,MER0197,VPA,13.0010753461,77.5270710604,No,NONE,No,0.33
TXN000046,33709,PAY,user037@okbank,2026,6,12/06/26,2:22:00,MER0127,COLLECT,12.9933976405,77.6127209108,No,REMOTE_ACCESS_FRAUD,Yes,0.57
TXN003582,7358,PAY,user003@okbank,2026,1,13/01/26,22:50:00,MER0009,MANDATE,12.8447653925,77.5896361992,No,NONE,No,0.24
TXN003845,17150,PAY,user002@okbank,2026,2,03/02/26,1:32:00,MER0177,ACCOUNT_IFSC,12.9634006208,77.6663012831,No,NONE,No,0.22
TXN000023,43628,PAY,user030@okbank,2026,4,26/04/26,11:01:00,MER0153,QR,12.9226420153,77.5291761324,No,FAKE_CUSTOMER_CARE,Yes,0.66
TXN001488,100,PAY,user010@okbank,2026,5,25/05/26,5:04:00,MER0155,MANDATE,13.0438287619,77.5626880155,No,NONE,No,0.08
TXN004856,14882,PAY,user001@okbank,2026,2,14/02/26,14:02:00,MER0100,MOBILE,12.9016975341,77.6170598627,No,NONE,No,0.3
TXN003829,21924,PAY,user009@okbank,2026,4,27/04/26,15:58:00,MER0162,IN_APP,12.9469485023,77.6078509555,No,NONE,No,0.27
TXN003412,23033,PAY,user050@okbank,2026,5,16/05/26,12:05:00,MER0109,ACCOUNT_IFSC,12.9462185259,77.61748437,No,NONE,No,0.19
TXN002994,3987,PAY,user006@okbank,2026,5,24/05/26,13:37:00,MER0132,VPA,12.9390554013,77.6106560075,No,NONE,No,0.15
TXN001085,20037,PAY,user032@okbank,2026,4,12/04/26,0:09:00,MER0045,QR,12.9411419718,77.5680675532,No,NONE,No,0.02
TXN000542,15759,PAY,user022@okbank,2026,4,24/04/26,10:22:00,MER0192,ACCOUNT_IFSC,12.931906912,77.5188953245,No,NONE,No,0.08
TXN002219,33532,PAY,user015@okbank,2026,2,22/02/26,22:28:00,MER0186,COLLECT,12.9309876704,77.6090687622,No,NONE,No,0.25
TXN000529,26522,PAY,user035@okbank,2026,6,05/06/26,13:57:00,MER0004,ACCOUNT_IFSC,12.9268152643,77.6116754471,No,NONE,No,0.3
TXN001651,24772,PAY,user018@okbank,2026,2,10/02/26,15:23:00,MER0109,ACCOUNT_IFSC,12.9902500047,77.5846898051,No,NONE,No,0.02
TXN004201,15785,PAY,user041@okbank,2026,6,24/06/26,15:42:00,MER0033,IN_APP,13.0082338358,77.5815249356,No,NONE,No,0.2
TXN003107,8459,PAY,user031@okbank,2026,6,11/06/26,8:56:00,MER0070,VPA,12.9236792422,77.6220549474,No,NONE,No,0.39
TXN002040,10889,PAY,user050@okbank,2026,1,06/01/26,1:25:00,MER0181,VPA,12.9717904398,77.4946628789,No,NONE,No,0.28
TXN004205,24329,PAY,user028@okbank,2026,5,18/05/26,17:34:00,MER0182,COLLECT,12.8675495812,77.5974789443,No,NONE,No,0.27
TXN001819,25849,PAY,user014@okbank,2026,3,28/03/26,21:31:00,MER0105,MOBILE,12.9730560814,77.5643162331,No,NONE,No,0.42
TXN000626,15649,PAY,user029@okbank,2026,4,06/04/26,5:42:00,MER0108,ACCOUNT_IFSC,13.0706954649,77.5744128486,No,NONE,No,0.38
TXN001102,11092,PAY,user041@okbank,2026,2,05/02/26,8:32:00,MER0081,MANDATE,13.0649660737,77.6454885592,No,NONE,No,0.2
TXN003020,100,PAY,user035@okbank,2026,3,24/03/26,12:11:00,MER0168,COLLECT,12.9929993524,77.4874151173,No,NONE,No,0.27
TXN002224,15347,PAY,user017@okbank,2026,1,03/01/26,4:58:00,MER0115,IN_APP,12.9338994114,77.6389836574,No,NONE,No,0.3
TXN004053,100,PAY,user044@okbank,2026,1,15/01/26,17:25:00,MER0019,IN_APP,12.992325579,77.5876870998,No,NONE,No,0.44
TXN004090,9343,PAY,user002@okbank,2026,2,07/02/26,0:48:00,MER0054,ACCOUNT_IFSC,13.0608733076,77.556986809,No,NONE,No,0.25
TXN001239,15575,PAY,user043@okbank,2026,3,06/03/26,19:59:00,MER0019,VPA,12.9486410827,77.564528259,No,NONE,No,0.4
TXN000440,33010,PAY,user047@okbank,2026,2,12/02/26,2:57:00,MER0050,INTENT,12.8968103584,77.6018174941,No,NONE,No,0.31
TXN002038,2973,PAY,user031@okbank,2026,3,10/03/26,6:52:00,MER0067,COLLECT,12.9272124515,77.5594437367,No,NONE,No,0.23
TXN004145,15261,PAY,user047@okbank,2026,2,05/02/26,18:30:00,MER0167,MANDATE,13.0979923304,77.5642599846,No,NONE,No,0.19
TXN004133,31405,PAY,user045@okbank,2026,5,15/05/26,6:38:00,MER0112,QR,12.9781285985,77.6484447721,No,NONE,No,0.21
TXN002951,27701,PAY,user038@okbank,2026,5,16/05/26,12:43:00,MER0003,ACCOUNT_IFSC,12.9153849137,77.5508767281,No,NONE,No,0.14
TXN002648,100,PAY,user039@okbank,2026,1,08/01/26,22:34:00,MER0181,INTENT,12.9779887808,77.6424682891,No,NONE,No,0.33
TXN003416,100,PAY,user050@okbank,2026,6,07/06/26,11:29:00,MER0004,QR,13.0195834962,77.5565343559,No,NONE,No,0.19
TXN003308,10292,PAY,user014@okbank,2026,4,06/04/26,9:23:00,MER0012,QR,12.9709367034,77.6703729094,No,NONE,No,0.15
TXN004375,9303,PAY,user026@okbank,2026,1,22/01/26,22:01:00,MER0048,MANDATE,13.031268233,77.5470093003,No,NONE,No,0.38
TXN003306,21375,PAY,user003@okbank,2026,5,22/05/26,10:16:00,MER0132,MANDATE,13.063472592,77.5287101596,No,NONE,No,0.27
TXN004437,6419,PAY,user041@okbank,2026,1,25/01/26,21:23:00,MER0167,MOBILE,12.9903359561,77.6357824661,No,NONE,No,0.47
TXN000367,20976,PAY,user021@okbank,2026,1,03/01/26,22:32:00,MER0123,VPA,13.0465980875,77.5563552812,No,NONE,No,0.31
TXN002369,42943,PAY,user025@okbank,2026,5,15/05/26,2:49:00,MER0027,INTENT,13.00178534,77.5607631751,No,NONE,No,0.39
TXN002083,13847,PAY,user035@okbank,2026,6,05/06/26,16:39:00,MER0088,MOBILE,12.9188779956,77.5753496025,No,NONE,No,0.22
TXN003121,27439,PAY,user017@okbank,2026,6,02/06/26,1:15:00,MER0128,IN_APP,12.8439806788,77.6444672747,No,NONE,No,0.27
TXN000075,62316,PAY,user029@okbank,2026,3,23/03/26,21:55:00,MER0086,MANDATE,12.8967393638,77.5813943999,No,COLLECT_REQUEST_FRAUD,Yes,0.6
TXN004712,19632,PAY,user006@okbank,2026,4,01/04/26,7:01:00,MER0011,VPA,12.9634713681,77.570295815,No,NONE,No,0.33
TXN001829,12253,PAY,user041@okbank,2026,4,23/04/26,1:59:00,MER0113,IN_APP,13.0005789597,77.6015837497,No,NONE,No,0.21
TXN001537,100,PAY,user044@okbank,2026,4,27/04/26,20:03:00,MER0089,INTENT,13.012479352,77.6313089194,No,NONE,No,0.24
TXN001969,8793,PAY,user026@okbank,2026,2,26/02/26,17:34:00,MER0193,QR,12.9520107229,77.6013612693,No,NONE,No,0.08
TXN000449,25777,PAY,user005@okbank,2026,4,15/04/26,3:22:00,MER0154,MOBILE,13.051714959,77.5410465065,No,NONE,No,0.19
TXN004407,11800,PAY,user041@okbank,2026,6,09/06/26,8:24:00,MER0061,MOBILE,13.0282185628,77.5848872464,No,NONE,No,0.36
TXN000348,23760,PAY,user034@okbank,2026,5,24/05/26,17:29:00,MER0052,ACCOUNT_IFSC,13.0133178706,77.5817858522,No,NONE,No,0.34
TXN003468,22745,PAY,user026@okbank,2026,6,19/06/26,9:55:00,MER0174,QR,12.9922766008,77.5581974814,No,NONE,No,0.31
TXN001418,7991,PAY,user025@okbank,2026,2,10/02/26,6:37:00,MER0113,INTENT,12.9690064057,77.54315472,No,NONE,No,0.33
TXN002024,13829,PAY,user002@okbank,2026,4,02/04/26,16:25:00,MER0038,MOBILE,12.9606898555,77.5155310599,No,NONE,No,0.31
TXN004632,1444,PAY,user017@okbank,2026,4,12/04/26,18:20:00,MER0178,ACCOUNT_IFSC,13.0226674139,77.5774283831,No,NONE,No,0.24
TXN001054,11419,PAY,user049@okbank,2026,1,23/01/26,9:37:00,MER0189,QR,13.0027575052,77.566738756,No,NONE,No,0.19
TXN003947,14844,PAY,user043@okbank,2026,5,04/05/26,22:26:00,MER0122,MOBILE,12.980952481,77.6162223196,No,NONE,No,0.03
TXN004301,12174,PAY,user011@okbank,2026,4,19/04/26,12:16:00,MER0166,INTENT,12.9334662259,77.5713869373,No,NONE,No,0.5
TXN000285,15010,PAY,user040@okbank,2026,3,21/03/26,0:19:00,MER0134,MOBILE,13.1154488591,77.667038022,No,NONE,No,0.17
TXN002778,22964,PAY,user008@okbank,2026,2,03/02/26,2:41:00,MER0017,MANDATE,12.8963892736,77.5486445456,No,NONE,No,0.37
TXN000611,20982,PAY,user041@okbank,2026,6,01/06/26,18:21:00,MER0145,QR,13.0245178454,77.5372110909,No,NONE,No,0.05
TXN002034,23698,PAY,user031@okbank,2026,4,19/04/26,16:33:00,MER0198,MOBILE,13.0213709444,77.5674742845,No,NONE,No,0.31
TXN001837,162,PAY,user050@okbank,2026,1,20/01/26,12:10:00,MER0148,QR,12.934892982,77.605142926,No,NONE,No,0.32
TXN002391,14202,PAY,user002@okbank,2026,1,06/01/26,10:55:00,MER0085,ACCOUNT_IFSC,13.0520088177,77.5657277032,No,NONE,No,0.25
TXN002962,7222,PAY,user005@okbank,2026,1,27/01/26,2:00:00,MER0113,IN_APP,12.949216565,77.6230779897,No,NONE,No,0.39
TXN002074,28299,PAY,user044@okbank,2026,3,12/03/26,7:02:00,MER0038,QR,12.9381741726,77.6180725962,No,NONE,No,0.39
TXN002118,14767,PAY,user035@okbank,2026,6,21/06/26,15:38:00,MER0134,COLLECT,13.0898532885,77.5313392571,No,NONE,No,0.23
TXN002046,5526,PAY,user016@okbank,2026,1,17/01/26,5:35:00,MER0097,COLLECT,12.9905855909,77.5690445356,No,NONE,No,0.22
TXN003873,100,PAY,user035@okbank,2026,1,13/01/26,6:08:00,MER0158,VPA,13.0367304642,77.6162261024,No,NONE,No,0.29
TXN004719,100,PAY,user011@okbank,2026,2,07/02/26,10:24:00,MER0198,VPA,12.9970124624,77.5000858518,No,NONE,No,0.4
TXN003038,18385,PAY,user030@okbank,2026,5,10/05/26,16:43:00,MER0182,INTENT,12.9626625762,77.5954563285,No,NONE,No,0.29
TXN002412,22107,PAY,user049@okbank,2026,5,21/05/26,22:32:00,MER0153,INTENT,12.9166501204,77.6132736844,No,NONE,No,0.06
TXN003287,8413,PAY,user012@okbank,2026,6,22/06/26,7:17:00,MER0120,INTENT,12.9723405261,77.592916509,No,NONE,No,0.35
TXN001826,37723,PAY,user029@okbank,2026,4,28/04/26,2:59:00,MER0109,IN_APP,12.9209079189,77.5992630892,No,NONE,No,0.33
TXN000727,20095,PAY,user029@okbank,2026,3,25/03/26,19:09:00,MER0195,MANDATE,12.886412165,77.5460731604,No,NONE,No,0.38
TXN004436,12430,PAY,user027@okbank,2026,6,10/06/26,18:03:00,MER0029,QR,13.035110014,77.5404279127,No,NONE,No,0.44
TXN004012,5734,PAY,user040@okbank,2026,2,01/02/26,21:22:00,MER0168,INTENT,12.9704457313,77.5857876283,No,NONE,No,0.35
TXN003469,100,PAY,user031@okbank,2026,1,24/01/26,17:33:00,MER0141,IN_APP,12.8921737278,77.5852338225,No,NONE,No,0.1
TXN001355,14813,PAY,user047@okbank,2026,3,27/03/26,14:37:00,MER0026,MANDATE,12.883264087,77.5629739165,No,NONE,No,0.05
TXN003246,26097,PAY,user011@okbank,2026,4,18/04/26,20:03:00,MER0034,MANDATE,12.9067616905,77.5526678062,No,NONE,No,0.35
TXN002871,22749,PAY,user025@okbank,2026,3,22/03/26,6:17:00,MER0031,QR,13.0915316532,77.5985530459,No,NONE,No,0.31
TXN003224,23765,PAY,user024@okbank,2026,4,14/04/26,20:54:00,MER0175,MOBILE,13.0334546784,77.6104820745,No,NONE,No,0.26
TXN003213,100,PAY,user021@okbank,2026,2,17/02/26,22:01:00,MER0022,QR,13.0005122931,77.6133312791,No,NONE,No,0.27
TXN000515,25839,PAY,user035@okbank,2026,4,02/04/26,23:31:00,MER0128,IN_APP,13.0228335976,77.5479273937,No,NONE,No,0.27
TXN002047,18420,PAY,user015@okbank,2026,4,18/04/26,1:53:00,MER0061,ACCOUNT_IFSC,12.947993341,77.5640423085,No,NONE,No,0.28
TXN003552,19248,PAY,user046@okbank,2026,1,18/01/26,9:35:00,MER0196,MOBILE,12.9767579803,77.5153041477,No,NONE,No,0.2
TXN001990,10107,PAY,user007@okbank,2026,3,21/03/26,21:44:00,MER0034,ACCOUNT_IFSC,12.9589117126,77.5793050742,No,NONE,No,0.28
TXN003546,21734,PAY,user012@okbank,2026,4,08/04/26,20:18:00,MER0088,IN_APP,13.0000366381,77.5474016345,No,NONE,No,0.38
TXN002428,13799,PAY,user046@okbank,2026,3,10/03/26,19:56:00,MER0118,IN_APP,12.9697451727,77.5593427965,No,NONE,No,0.02
TXN000137,51833,PAY,user047@okbank,2026,4,20/04/26,18:46:00,MER0058,MOBILE,13.0218074204,77.5349835553,No,SIM_SWAP_DRAIN,Yes,0.74
TXN004901,25375,PAY,user040@okbank,2026,1,16/01/26,7:24:00,MER0166,MOBILE,12.9659763244,77.6679186661,No,NONE,No,0.34
TXN001313,21494,PAY,user027@okbank,2026,1,26/01/26,15:58:00,MER0027,QR,13.0308799041,77.6548100551,No,NONE,No,0.39
TXN004752,12235,PAY,user004@okbank,2026,2,28/02/26,11:20:00,MER0087,INTENT,13.0268423065,77.5402820351,No,NONE,No,0.35
TXN004739,11680,PAY,user010@okbank,2026,6,22/06/26,1:13:00,MER0154,INTENT,13.0384266841,77.5681260474,No,NONE,No,0.16
TXN002295,21096,PAY,user042@okbank,2026,1,23/01/26,9:18:00,MER0197,MANDATE,12.9876701819,77.5785049327,No,NONE,No,0.19
TXN002166,3853,PAY,user043@okbank,2026,1,26/01/26,7:57:00,MER0145,MANDATE,12.9507546745,77.5941333813,No,NONE,No,0.34
TXN003850,18974,PAY,user024@okbank,2026,3,11/03/26,3:06:00,MER0129,MANDATE,12.9702302826,77.5894250349,No,NONE,No,0.4
TXN003646,4241,PAY,user043@okbank,2026,3,14/03/26,23:32:00,MER0147,INTENT,13.11020959,77.6423455946,No,NONE,No,0.21
TXN003516,23641,PAY,user003@okbank,2026,4,15/04/26,10:12:00,MER0077,MANDATE,12.9397722238,77.6101939791,No,NONE,No,0.44
TXN001507,18197,PAY,user006@okbank,2026,5,04/05/26,2:42:00,MER0063,QR,13.0261127256,77.5520525758,No,NONE,No,0.29
TXN004096,9385,PAY,user030@okbank,2026,2,03/02/26,20:05:00,MER0127,ACCOUNT_IFSC,12.9070961276,77.5406933861,No,NONE,No,0.51
TXN004144,100,PAY,user009@okbank,2026,3,07/03/26,16:39:00,MER0024,VPA,13.0101044285,77.610889862,No,NONE,No,0.15
TXN000251,8575,PAY,user024@okbank,2026,2,17/02/26,19:30:00,MER0079,COLLECT,13.0133723708,77.6475882949,No,NONE,No,0.23
TXN001438,13131,PAY,user025@okbank,2026,1,02/01/26,12:33:00,MER0072,IN_APP,12.9665544376,77.5167362462,No,NONE,No,0.02
TXN003249,28011,PAY,user018@okbank,2026,4,12/04/26,7:49:00,MER0156,MANDATE,12.9647448984,77.5958362216,No,NONE,No,0.24
TXN000478,20912,PAY,user031@okbank,2026,6,19/06/26,1:58:00,MER0186,MANDATE,12.9172821114,77.6540781726,No,NONE,No,0.16
TXN000780,10856,PAY,user035@okbank,2026,4,13/04/26,18:21:00,MER0191,ACCOUNT_IFSC,12.9551663321,77.5818133967,No,NONE,No,0.29
TXN002524,19858,PAY,user021@okbank,2026,3,03/03/26,10:09:00,MER0043,IN_APP,12.9944122688,77.5511609272,No,NONE,No,0.35
TXN001625,26595,PAY,user038@okbank,2026,2,14/02/26,16:44:00,MER0021,COLLECT,12.9243481697,77.5872269061,No,NONE,No,0.33
TXN004602,17404,PAY,user041@okbank,2026,6,25/06/26,12:45:00,MER0072,QR,12.8932966732,77.6139141348,No,NONE,No,0.17
TXN000299,5288,PAY,user004@okbank,2026,3,16/03/26,21:24:00,MER0012,QR,12.9683483499,77.513582308,No,NONE,No,0.04
TXN002916,27951,PAY,user020@okbank,2026,1,13/01/26,11:43:00,MER0026,ACCOUNT_IFSC,12.9706036649,77.6426016243,No,NONE,No,0.07
TXN002221,100,PAY,user041@okbank,2026,6,13/06/26,16:21:00,MER0007,MANDATE,12.9456821108,77.5848575648,No,NONE,No,0.15
TXN001117,6256,PAY,user001@okbank,2026,3,08/03/26,12:08:00,MER0048,INTENT,12.8978982804,77.5967452587,No,NONE,No,0.24
TXN000006,30978,PAY,user032@okbank,2026,2,22/02/26,22:49:00,MER0034,COLLECT,12.9532595868,77.6196454968,No,INVESTMENT_SCAM,Yes,0.63
TXN001091,6440,PAY,user015@okbank,2026,5,10/05/26,2:40:00,MER0029,INTENT,12.9452918437,77.6139596408,No,NONE,No,0.66
TXN001351,100,PAY,user022@okbank,2026,3,09/03/26,20:08:00,MER0136,QR,12.9114087062,77.5604967859,No,NONE,No,0.15
TXN000117,30610,PAY,user047@okbank,2026,3,07/03/26,2:43:00,MER0124,VPA,13.035203387,77.6005512348,No,MANDATE_FRAUD,Yes,0.81
TXN001334,30922,PAY,user038@okbank,2026,5,22/05/26,23:54:00,MER0046,COLLECT,12.9261491516,77.5864399829,No,NONE,No,0.15
TXN000758,7834,PAY,user039@okbank,2026,2,24/02/26,23:32:00,MER0160,COLLECT,12.9566854164,77.6006361648,No,NONE,No,0.43
TXN003728,10298,PAY,user047@okbank,2026,6,17/06/26,13:26:00,MER0143,VPA,12.9700861507,77.6951180613,No,NONE,No,0.22
TXN002965,17169,PAY,user049@okbank,2026,5,26/05/26,5:59:00,MER0089,MANDATE,13.0733925125,77.6155742652,No,NONE,No,0.04
TXN002626,37046,PAY,user024@okbank,2026,3,21/03/26,4:31:00,MER0008,VPA,12.8208829091,77.6068269185,No,NONE,No,0.31
TXN001936,13720,PAY,user007@okbank,2026,5,07/05/26,5:54:00,MER0045,ACCOUNT_IFSC,13.0343033408,77.6046399454,No,NONE,No,0.37
TXN004161,4040,PAY,user003@okbank,2026,3,13/03/26,6:33:00,MER0122,IN_APP,12.9737876517,77.6328729045,No,NONE,No,0.2
TXN001547,23918,PAY,user024@okbank,2026,3,05/03/26,22:12:00,MER0177,IN_APP,13.0357221702,77.6865231371,No,NONE,No,0.11
TXN001941,8018,PAY,user042@okbank,2026,1,08/01/26,8:55:00,MER0088,COLLECT,12.9113942,77.6847291814,No,NONE,No,0.15
TXN003433,100,PAY,user045@okbank,2026,2,22/02/26,16:06:00,MER0100,MANDATE,13.0019735406,77.6155184387,No,NONE,No,0.19
TXN002519,9997,PAY,user039@okbank,2026,4,20/04/26,3:16:00,MER0171,ACCOUNT_IFSC,12.9452900379,77.5402971712,No,NONE,No,0.34
TXN003825,33219,PAY,user045@okbank,2026,6,17/06/26,10:56:00,MER0177,IN_APP,12.9374971144,77.5419461746,No,NONE,No,0.14
TXN003740,14629,PAY,user015@okbank,2026,3,01/03/26,15:20:00,MER0050,MANDATE,12.94419692,77.5864050422,No,NONE,No,0.31
TXN003372,32077,PAY,user013@okbank,2026,2,26/02/26,20:06:00,MER0136,IN_APP,12.9799755039,77.5112634779,No,NONE,No,0.09
TXN001548,21566,PAY,user023@okbank,2026,3,17/03/26,13:59:00,MER0161,QR,12.8908183088,77.6185455979,No,NONE,No,0.19
TXN000735,309,PAY,user033@okbank,2026,1,03/01/26,8:05:00,MER0161,COLLECT,12.8886256574,77.6690953651,No,NONE,No,0.61
TXN004927,561,PAY,user045@okbank,2026,1,17/01/26,7:41:00,MER0180,ACCOUNT_IFSC,12.9530382663,77.574967367,No,NONE,No,0.23
TXN002212,100,PAY,user012@okbank,2026,1,14/01/26,21:43:00,MER0130,IN_APP,12.9696665154,77.5799746269,No,NONE,No,0.12
TXN004665,20274,PAY,user027@okbank,2026,6,19/06/26,5:51:00,MER0165,QR,13.0439683444,77.6302683307,No,NONE,No,0.32
TXN000192,96881,PAY,user002@okbank,2026,1,06/01/26,17:35:00,MER0068,VPA,13.001612025,77.6227872373,No,MANDATE_FRAUD,Yes,0.96
TXN000325,12176,PAY,user023@okbank,2026,3,06/03/26,19:36:00,MER0086,COLLECT,12.9313200069,77.6844329416,No,NONE,No,0.32
TXN003550,14066,PAY,user008@okbank,2026,5,18/05/26,5:09:00,MER0055,VPA,12.9722509961,77.5016571107,No,NONE,No,0.25
TXN000038,38017,PAY,user031@okbank,2026,6,14/06/26,23:52:00,MER0097,COLLECT,12.931432059,77.5898502106,No,MULE_ACCOUNT,Yes,0.64
TXN001149,20891,PAY,user037@okbank,2026,3,17/03/26,1:25:00,MER0064,INTENT,12.9331282673,77.5698055436,No,NONE,No,0.26
TXN002427,20970,PAY,user044@okbank,2026,2,09/02/26,0:28:00,MER0027,MOBILE,12.9684233661,77.5940152216,No,NONE,No,0.21
TXN001579,28102,PAY,user030@okbank,2026,2,04/02/26,3:25:00,MER0200,COLLECT,13.0354336459,77.6673830808,No,NONE,No,0.18
TXN003102,1489,PAY,user036@okbank,2026,1,08/01/26,22:46:00,MER0081,ACCOUNT_IFSC,12.9777971127,77.5965300558,No,NONE,No,0.12
TXN003019,1437,PAY,user039@okbank,2026,3,15/03/26,23:16:00,MER0117,MANDATE,13.0268863713,77.5525963902,No,NONE,No,0.36
TXN004800,5520,PAY,user023@okbank,2026,4,13/04/26,3:05:00,MER0126,COLLECT,12.9188322157,77.5902417447,No,NONE,No,0.42
TXN000619,11627,PAY,user016@okbank,2026,4,22/04/26,0:40:00,MER0129,MANDATE,12.9416565545,77.7122059121,No,NONE,No,0.2
TXN002044,9716,PAY,user024@okbank,2026,5,04/05/26,10:38:00,MER0005,VPA,12.9593254786,77.6019858812,No,NONE,No,0.07
TXN001680,16347,PAY,user004@okbank,2026,1,21/01/26,1:36:00,MER0122,QR,12.9961868087,77.5079965472,No,NONE,No,0.28
TXN004509,7470,PAY,user014@okbank,2026,1,04/01/26,0:43:00,MER0150,MANDATE,12.9884704926,77.6013690015,No,NONE,No,0.13
TXN002559,18941,PAY,user025@okbank,2026,3,24/03/26,15:58:00,MER0138,ACCOUNT_IFSC,12.9638044247,77.5487445264,No,NONE,No,0.06
TXN002743,5070,PAY,user011@okbank,2026,5,05/05/26,12:22:00,MER0168,COLLECT,13.01793817,77.5457258886,No,NONE,No,0.26
TXN003382,16209,PAY,user023@okbank,2026,5,03/05/26,0:56:00,MER0049,MOBILE,12.8926130127,77.6625898698,No,NONE,No,0.4
TXN002028,32313,PAY,user008@okbank,2026,3,01/03/26,9:31:00,MER0041,MOBILE,13.015936374,77.5957485797,No,NONE,No,0.22
TXN002975,5854,PAY,user047@okbank,2026,4,08/04/26,18:33:00,MER0191,COLLECT,13.0242413601,77.6412061133,No,NONE,No,0.35
TXN004852,100,PAY,user045@okbank,2026,3,12/03/26,14:15:00,MER0045,IN_APP,12.9875641237,77.5885573309,No,NONE,No,0.21
TXN003133,2236,PAY,user036@okbank,2026,6,28/06/26,3:49:00,MER0098,QR,12.9283539753,77.5911291545,No,NONE,No,0.35
TXN004526,9578,PAY,user047@okbank,2026,6,12/06/26,10:37:00,MER0010,IN_APP,13.0796590961,77.5130142677,No,NONE,No,0.02
TXN000114,89840,PAY,user009@okbank,2026,1,17/01/26,22:45:00,MER0148,COLLECT,13.0509079319,77.5820431044,No,MULE_ACCOUNT,Yes,0.54
TXN002396,6781,PAY,user011@okbank,2026,4,12/04/26,9:59:00,MER0105,MOBILE,12.9704429495,77.576602809,No,NONE,No,0.16
TXN003575,14225,PAY,user031@okbank,2026,5,06/05/26,18:01:00,MER0031,MOBILE,12.9948731543,77.5143194533,No,NONE,No,0.18
TXN002707,7004,PAY,user001@okbank,2026,5,26/05/26,4:12:00,MER0031,ACCOUNT_IFSC,12.9476377658,77.5318886898,No,NONE,No,0.35
TXN001082,29848,PAY,user047@okbank,2026,3,11/03/26,3:46:00,MER0029,QR,12.9655412488,77.553187465,No,NONE,No,0.25
TXN001420,23366,PAY,user018@okbank,2026,3,25/03/26,11:32:00,MER0022,MANDATE,12.9345777297,77.5718784147,No,NONE,No,0.33
TXN001269,22029,PAY,user017@okbank,2026,5,18/05/26,9:50:00,MER0197,IN_APP,12.9293678103,77.6281692957,No,NONE,No,0.42
TXN000425,5351,PAY,user029@okbank,2026,5,18/05/26,16:11:00,MER0043,VPA,12.9572341942,77.5533734935,No,NONE,No,0.27
TXN001554,6028,PAY,user039@okbank,2026,5,22/05/26,22:01:00,MER0109,INTENT,13.0071406444,77.5408975105,No,NONE,No,0.4
TXN001526,11805,PAY,user003@okbank,2026,5,07/05/26,13:33:00,MER0171,COLLECT,13.0150218538,77.6374209739,No,NONE,No,0.34
TXN002450,20563,PAY,user022@okbank,2026,5,15/05/26,13:33:00,MER0013,MOBILE,12.9703862508,77.5868722091,No,NONE,No,0.14
TXN001015,9959,PAY,user024@okbank,2026,3,27/03/26,11:27:00,MER0050,VPA,12.8984022888,77.5752020599,No,NONE,No,0.43
TXN003118,26227,PAY,user015@okbank,2026,3,11/03/26,22:20:00,MER0108,MANDATE,12.894206641,77.6418823615,No,NONE,No,0.24
TXN001803,9702,PAY,user042@okbank,2026,2,17/02/26,14:55:00,MER0184,QR,12.930078687,77.4871403726,No,NONE,No,0.33
TXN004649,12411,PAY,user038@okbank,2026,2,08/02/26,11:17:00,MER0086,ACCOUNT_IFSC,13.023904125,77.5868791188,No,NONE,No,0.32
TXN004811,5318,PAY,user045@okbank,2026,2,16/02/26,5:21:00,MER0163,INTENT,13.0260324352,77.6617923289,No,NONE,No,0.12
TXN000163,70772,PAY,user023@okbank,2026,1,18/01/26,10:25:00,MER0110,QR,13.0061004051,77.6061385033,Yes,REMOTE_ACCESS_FRAUD,Yes,0.47
TXN003576,9090,PAY,user034@okbank,2026,1,18/01/26,6:10:00,MER0134,IN_APP,12.8885085098,77.6128206173,No,NONE,No,0.29
TXN003720,8964,PAY,user021@okbank,2026,4,06/04/26,5:22:00,MER0037,ACCOUNT_IFSC,12.9717320917,77.6235424374,No,NONE,No,0.19
TXN003927,10163,PAY,user011@okbank,2026,1,09/01/26,15:32:00,MER0072,COLLECT,12.9068200051,77.5668132927,No,NONE,No,0.11
TXN002092,20314,PAY,user002@okbank,2026,6,10/06/26,15:34:00,MER0063,ACCOUNT_IFSC,12.9155979217,77.600985599,No,NONE,No,0.3
TXN001225,21550,PAY,user036@okbank,2026,6,10/06/26,9:05:00,MER0190,IN_APP,12.9202271159,77.5980489464,No,NONE,No,0.11
TXN003758,20488,PAY,user050@okbank,2026,2,04/02/26,16:14:00,MER0177,MOBILE,12.9640324737,77.5396221797,No,NONE,No,0.25
TXN000008,8892,PAY,user017@okbank,2026,3,09/03/26,4:36:00,MER0170,QR,12.9628288677,77.5292118762,No,MULE_ACCOUNT,Yes,0.76
TXN002304,32911,PAY,user011@okbank,2026,4,02/04/26,21:04:00,MER0005,VPA,12.9392752834,77.5341737958,No,NONE,No,0.22
TXN004603,15966,PAY,user004@okbank,2026,4,23/04/26,22:38:00,MER0149,MANDATE,12.8936214471,77.5431704315,No,NONE,No,0.34
TXN001231,12130,PAY,user006@okbank,2026,2,12/02/26,2:02:00,MER0097,ACCOUNT_IFSC,13.0380819131,77.5362047311,No,NONE,No,0.38
TXN001479,22446,PAY,user045@okbank,2026,5,22/05/26,5:14:00,MER0020,INTENT,12.9527467368,77.6299202103,No,NONE,No,0.14
TXN002618,100,PAY,user021@okbank,2026,5,26/05/26,17:11:00,MER0001,IN_APP,12.9494668334,77.6206523054,No,NONE,No,0.35
TXN002774,26742,PAY,user046@okbank,2026,5,22/05/26,20:58:00,MER0001,COLLECT,12.974392569,77.62742341,No,NONE,No,0.36
TXN002408,100,PAY,user007@okbank,2026,4,09/04/26,3:26:00,MER0142,VPA,12.9961031717,77.6342822827,No,NONE,No,0.28
TXN004625,16394,PAY,user018@okbank,2026,2,06/02/26,21:36:00,MER0107,MOBILE,12.9593198278,77.5982779737,No,NONE,No,0.18
TXN004947,10500,PAY,user006@okbank,2026,3,26/03/26,21:42:00,MER0187,QR,13.0715777956,77.6772575566,No,NONE,No,0.31
TXN003762,3467,PAY,user034@okbank,2026,6,26/06/26,0:15:00,MER0008,MANDATE,13.0483141469,77.5427203182,No,NONE,No,0.33
TXN002762,13560,PAY,user047@okbank,2026,4,11/04/26,0:18:00,MER0113,ACCOUNT_IFSC,13.0054914143,77.6153036241,No,NONE,No,0.17
TXN000564,22641,PAY,user043@okbank,2026,4,16/04/26,6:18:00,MER0061,QR,12.9274002825,77.5212061331,No,NONE,No,0.31
TXN000090,67994,PAY,user002@okbank,2026,6,26/06/26,9:44:00,MER0013,VPA,13.0618612717,77.6625586753,Yes,SIM_SWAP_DRAIN,Yes,0.92
TXN003817,17193,PAY,user033@okbank,2026,3,22/03/26,0:29:00,MER0167,IN_APP,12.9936479686,77.6174737501,No,NONE,No,0.31
TXN001773,17818,PAY,user010@okbank,2026,4,23/04/26,4:14:00,MER0061,ACCOUNT_IFSC,13.0209558094,77.5826553801,No,NONE,No,0.21
TXN002287,6074,PAY,user038@okbank,2026,4,26/04/26,11:51:00,MER0033,MANDATE,13.0365016962,77.6479578536,No,NONE,No,0.2
TXN002948,16436,PAY,user007@okbank,2026,2,15/02/26,18:14:00,MER0065,MANDATE,12.9770141145,77.5873939723,No,NONE,No,0.35
TXN002781,23933,PAY,user039@okbank,2026,6,14/06/26,15:46:00,MER0003,COLLECT,13.0117439179,77.6875189302,No,NONE,No,0.36
TXN004496,33765,PAY,user045@okbank,2026,4,28/04/26,2:32:00,MER0018,QR,12.9139339298,77.5286935828,No,NONE,No,0.02
TXN002542,10470,PAY,user049@okbank,2026,3,14/03/26,7:58:00,MER0103,MANDATE,13.029954184,77.6728082246,No,NONE,No,0.46
TXN004260,20619,PAY,user048@okbank,2026,5,15/05/26,16:53:00,MER0134,ACCOUNT_IFSC,12.9365741097,77.6635409493,No,NONE,No,0.34
TXN002873,17715,PAY,user026@okbank,2026,6,16/06/26,4:24:00,MER0172,QR,12.9615338503,77.5882645408,No,NONE,No,0.26
TXN002512,11999,PAY,user038@okbank,2026,2,06/02/26,2:20:00,MER0163,VPA,12.9235877011,77.5571541514,No,NONE,No,0.26
TXN003668,13709,PAY,user033@okbank,2026,3,01/03/26,17:22:00,MER0030,INTENT,12.9332283192,77.5567453748,No,NONE,No,0.12
TXN002738,1996,PAY,user045@okbank,2026,6,16/06/26,16:01:00,MER0098,MOBILE,13.0231553025,77.569464029,No,NONE,No,0.22
TXN002045,15474,PAY,user011@okbank,2026,2,24/02/26,2:30:00,MER0197,COLLECT,12.8663833782,77.6491045363,No,NONE,No,0.39
TXN002121,100,PAY,user025@okbank,2026,3,04/03/26,17:31:00,MER0104,IN_APP,12.961255184,77.5577910236,No,NONE,No,0.39
TXN003828,34027,PAY,user005@okbank,2026,5,17/05/26,6:05:00,MER0049,IN_APP,13.0428304975,77.5495753164,No,NONE,No,0.17
TXN004859,13505,PAY,user019@okbank,2026,1,08/01/26,13:09:00,MER0035,VPA,12.9938163312,77.5456123651,No,NONE,No,0.36
TXN002468,8191,PAY,user044@okbank,2026,1,04/01/26,9:29:00,MER0110,VPA,12.9773021867,77.6876738717,No,NONE,No,0.14
TXN003613,1632,PAY,user009@okbank,2026,6,11/06/26,8:18:00,MER0042,VPA,12.8986010126,77.6539536883,No,NONE,No,0.18
TXN000028,77862,PAY,user036@okbank,2026,3,01/03/26,20:39:00,MER0174,VPA,13.0105419426,77.6233487582,No,TEST_THEN_DRAIN,Yes,0.83
TXN004732,18572,PAY,user023@okbank,2026,1,19/01/26,21:30:00,MER0146,VPA,12.8865002205,77.5471397645,No,NONE,No,0.22
TXN003010,15743,PAY,user021@okbank,2026,4,03/04/26,3:53:00,MER0045,MOBILE,12.9376813871,77.5978637856,No,NONE,No,0.37
TXN004261,12285,PAY,user007@okbank,2026,2,14/02/26,0:01:00,MER0048,INTENT,12.9406573727,77.5954477296,No,NONE,No,0.15
TXN001771,100,PAY,user027@okbank,2026,1,13/01/26,10:23:00,MER0038,IN_APP,13.0388633231,77.5168921987,No,NONE,No,0.28
TXN003276,9632,PAY,user027@okbank,2026,5,22/05/26,4:07:00,MER0100,MANDATE,12.8286137638,77.5612887081,No,NONE,No,0.28
TXN001066,7622,PAY,user010@okbank,2026,3,14/03/26,2:18:00,MER0117,IN_APP,13.026736329,77.5685883299,No,NONE,No,0.31
TXN004066,30787,PAY,user014@okbank,2026,3,25/03/26,21:37:00,MER0160,QR,12.9520297046,77.6511326552,No,NONE,No,0.2
TXN003929,23822,PAY,user011@okbank,2026,3,06/03/26,20:19:00,MER0101,COLLECT,12.9714498008,77.6024168459,No,NONE,No,0.16
TXN003729,100,PAY,user018@okbank,2026,3,01/03/26,13:52:00,MER0127,QR,12.9653626124,77.6288351734,No,NONE,No,0.24
TXN000178,72193,PAY,user015@okbank,2026,1,21/01/26,7:47:00,MER0128,COLLECT,12.9326921616,77.5847798369,No,NONE,Yes,0.85
TXN004062,24553,PAY,user022@okbank,2026,3,28/03/26,3:46:00,MER0072,COLLECT,12.9643099617,77.561063452,No,NONE,No,0.25
TXN002088,3973,PAY,user025@okbank,2026,2,20/02/26,21:21:00,MER0176,ACCOUNT_IFSC,12.949430888,77.5518446411,No,NONE,No,0.16
TXN001372,25823,PAY,user025@okbank,2026,5,02/05/26,23:06:00,MER0163,QR,12.9478196779,77.6161532693,No,NONE,No,0.13
TXN003618,16167,PAY,user030@okbank,2026,4,04/04/26,12:39:00,MER0049,MOBILE,13.03948079,77.5923525777,No,NONE,No,0.3
TXN000526,19165,PAY,user044@okbank,2026,2,12/02/26,11:27:00,MER0025,INTENT,12.9640541757,77.6039132427,No,NONE,No,0.25
TXN001111,14758,PAY,user023@okbank,2026,3,16/03/26,3:55:00,MER0144,INTENT,12.8643573434,77.5914229004,No,NONE,No,0.02
TXN004423,33772,PAY,user001@okbank,2026,2,05/02/26,5:50:00,MER0113,IN_APP,13.0174348268,77.6056123196,No,NONE,No,0.39
TXN004565,10073,PAY,user037@okbank,2026,5,07/05/26,3:17:00,MER0189,COLLECT,13.008395213,77.5483430574,No,NONE,No,0.02
TXN001055,15097,PAY,user050@okbank,2026,2,04/02/26,11:49:00,MER0183,MOBILE,13.0593154462,77.6137108925,No,NONE,No,0.4
TXN004256,7769,PAY,user024@okbank,2026,4,27/04/26,22:42:00,MER0190,VPA,12.9041130022,77.6094614007,No,NONE,No,0.23
TXN000140,82560,PAY,user030@okbank,2026,3,01/03/26,22:38:00,MER0052,QR,12.9140258977,77.6109415448,No,QR_DECEPTION,Yes,0.87
TXN001978,15320,PAY,user004@okbank,2026,4,01/04/26,11:42:00,MER0122,VPA,13.0422412494,77.560238168,No,NONE,No,0.39
TXN000198,46007,PAY,user027@okbank,2026,3,23/03/26,7:15:00,MER0070,VPA,12.8966947674,77.4693755629,No,TEST_THEN_DRAIN,Yes,0.75
TXN004326,15674,PAY,user003@okbank,2026,6,02/06/26,23:22:00,MER0009,MOBILE,12.8244845698,77.6425732557,No,NONE,No,0.44
TXN002158,31332,PAY,user025@okbank,2026,2,16/02/26,22:54:00,MER0133,VPA,12.9829086101,77.5666837368,No,NONE,No,0.53
TXN003921,5162,PAY,user019@okbank,2026,1,07/01/26,21:19:00,MER0102,COLLECT,12.9094109212,77.6735600759,No,NONE,No,0.1
TXN000048,12659,PAY,user040@okbank,2026,1,17/01/26,14:47:00,MER0132,COLLECT,12.9414780815,77.6217836481,No,SIM_SWAP_DRAIN,Yes,0.69
TXN000584,11708,PAY,user015@okbank,2026,4,19/04/26,11:37:00,MER0169,ACCOUNT_IFSC,13.0102641318,77.6345068304,No,NONE,No,0.4
TXN001993,21920,PAY,user008@okbank,2026,6,27/06/26,21:03:00,MER0065,MANDATE,12.9984801834,77.6135102264,No,NONE,No,0.34
TXN004271,35812,PAY,user048@okbank,2026,1,04/01/26,9:42:00,MER0108,COLLECT,12.9891049802,77.5576935435,No,NONE,No,0.27
TXN003932,7883,PAY,user020@okbank,2026,6,18/06/26,15:26:00,MER0186,IN_APP,12.9146594272,77.5876984124,No,NONE,No,0.22
TXN003811,12298,PAY,user021@okbank,2026,3,01/03/26,9:33:00,MER0140,MOBILE,12.9185212818,77.6702431213,No,NONE,No,0.5
TXN002204,37912,PAY,user035@okbank,2026,5,04/05/26,9:33:00,MER0017,VPA,13.0240445509,77.6604264641,No,NONE,No,0.49
TXN002812,23744,PAY,user025@okbank,2026,5,12/05/26,15:00:00,MER0188,IN_APP,12.8857938414,77.677761525,Yes,NONE,No,0.27
TXN002259,23978,PAY,user031@okbank,2026,1,19/01/26,14:41:00,MER0137,MANDATE,13.0767574762,77.6883725381,No,NONE,No,0.28
TXN004168,25673,PAY,user026@okbank,2026,4,28/04/26,6:57:00,MER0027,INTENT,13.0228145139,77.6000083154,No,NONE,No,0.17
TXN004630,9405,PAY,user005@okbank,2026,6,24/06/26,0:32:00,MER0066,COLLECT,12.9716629075,77.6204464072,No,NONE,No,0.31
TXN003865,11503,PAY,user010@okbank,2026,4,28/04/26,16:37:00,MER0140,INTENT,13.0076194856,77.6361060541,No,NONE,No,0.26
TXN001559,4761,PAY,user047@okbank,2026,1,15/01/26,17:08:00,MER0110,IN_APP,12.8482950062,77.539425537,No,NONE,No,0.25
TXN002628,20628,PAY,user038@okbank,2026,6,10/06/26,17:20:00,MER0014,VPA,12.9511361892,77.5945283686,No,NONE,No,0.26
TXN001693,16449,PAY,user037@okbank,2026,6,08/06/26,4:27:00,MER0066,MOBILE,12.9487299376,77.5193414678,No,NONE,No,0.23
TXN004137,37634,PAY,user005@okbank,2026,5,13/05/26,10:32:00,MER0042,INTENT,13.0403050636,77.6215902862,No,NONE,No,0.29
TXN003778,31057,PAY,user029@okbank,2026,1,23/01/26,4:35:00,MER0092,QR,12.8655339168,77.4981173826,No,NONE,No,0.18
TXN000763,17193,PAY,user003@okbank,2026,3,18/03/26,1:03:00,MER0082,IN_APP,12.9518302533,77.6017045954,No,NONE,No,0.39
TXN004098,8733,PAY,user004@okbank,2026,5,23/05/26,3:33:00,MER0199,VPA,12.902415143,77.5173058534,No,NONE,No,0.02
TXN000586,10326,PAY,user013@okbank,2026,2,08/02/26,17:35:00,MER0072,MANDATE,12.9888769442,77.5460845948,No,NONE,No,0.18
TXN003814,10657,PAY,user015@okbank,2026,3,10/03/26,18:48:00,MER0122,INTENT,12.9607378656,77.6456995672,No,NONE,No,0.15
TXN000632,12083,PAY,user040@okbank,2026,1,26/01/26,6:13:00,MER0053,MANDATE,13.0089546794,77.5712781655,No,NONE,No,0.33
TXN003933,18884,PAY,user044@okbank,2026,2,16/02/26,1:01:00,MER0055,MOBILE,12.9279838944,77.6398591255,No,NONE,No,0.06
TXN002711,14857,PAY,user046@okbank,2026,1,22/01/26,0:32:00,MER0069,IN_APP,12.9256227741,77.5567712527,No,NONE,No,0.39
TXN001747,9990,PAY,user017@okbank,2026,2,05/02/26,7:55:00,MER0157,ACCOUNT_IFSC,12.9921090071,77.5319719644,No,NONE,No,0.31
TXN001734,8491,PAY,user046@okbank,2026,3,21/03/26,22:38:00,MER0041,VPA,12.9479214765,77.5752984354,No,NONE,No,0.34
TXN004992,25285,PAY,user025@okbank,2026,6,02/06/26,14:24:00,MER0172,MANDATE,13.0178557649,77.5769365929,No,NONE,No,0.39
TXN000088,88732,PAY,user011@okbank,2026,3,21/03/26,10:29:00,MER0192,VPA,12.8730292343,77.6293368446,No,QR_DECEPTION,Yes,0.61
TXN003238,100,PAY,user012@okbank,2026,1,04/01/26,7:08:00,MER0127,IN_APP,12.9993095027,77.5797378337,No,NONE,No,0.25
TXN003190,22616,PAY,user028@okbank,2026,5,25/05/26,6:17:00,MER0167,ACCOUNT_IFSC,13.0789858953,77.609480156,No,NONE,No,0.28
TXN001652,13886,PAY,user035@okbank,2026,5,07/05/26,14:13:00,MER0146,IN_APP,12.9465024429,77.6006610977,No,NONE,No,0.38
TXN000281,20358,PAY,user050@okbank,2026,4,14/04/26,23:53:00,MER0056,ACCOUNT_IFSC,13.0458005598,77.6968979122,No,NONE,No,0.42
TXN002389,25553,PAY,user007@okbank,2026,3,17/03/26,18:17:00,MER0105,COLLECT,12.9675521906,77.6041710427,No,NONE,No,0.11
TXN000227,56462,PAY,user035@okbank,2026,2,22/02/26,9:10:00,MER0104,IN_APP,12.9293825811,77.5459344028,No,NONE,Yes,0.54
TXN002466,33681,PAY,user036@okbank,2026,4,19/04/26,21:22:00,MER0095,MANDATE,12.9279493058,77.5866329561,No,NONE,No,0.22
TXN001196,14666,PAY,user006@okbank,2026,6,03/06/26,19:53:00,MER0112,MANDATE,12.8728232562,77.6323399177,No,NONE,No,0.52
TXN000194,75683,PAY,user031@okbank,2026,6,01/06/26,21:40:00,MER0179,COLLECT,12.9782993699,77.5769626801,No,MULE_ACCOUNT,Yes,0.68
TXN004355,24365,PAY,user032@okbank,2026,2,04/02/26,22:01:00,MER0197,QR,13.024262826,77.5793984076,No,NONE,No,0.32
TXN001306,14242,PAY,user031@okbank,2026,5,27/05/26,8:22:00,MER0199,IN_APP,12.8808820129,77.4983069566,No,NONE,No,0.44
TXN002808,20487,PAY,user029@okbank,2026,4,28/04/26,12:53:00,MER0055,MOBILE,12.9606798214,77.699031344,No,NONE,No,0.35
TXN003351,16376,PAY,user028@okbank,2026,3,18/03/26,22:33:00,MER0025,MANDATE,12.8900198067,77.5657317507,No,NONE,No,0.42
TXN000209,48980,PAY,user010@okbank,2026,5,21/05/26,19:02:00,MER0102,IN_APP,13.0837995058,77.6714337992,No,NONE,Yes,0.66
TXN000689,18908,PAY,user040@okbank,2026,6,13/06/26,2:41:00,MER0092,ACCOUNT_IFSC,12.9118740967,77.5681428685,No,NONE,No,0.17
TXN004968,100,PAY,user032@okbank,2026,1,21/01/26,18:31:00,MER0001,INTENT,12.9864403478,77.6370372099,No,NONE,No,0.32
TXN004459,100,PAY,user022@okbank,2026,4,06/04/26,6:08:00,MER0010,QR,12.9741011002,77.6390931815,No,NONE,No,0.25
TXN000303,18128,PAY,user042@okbank,2026,1,19/01/26,6:16:00,MER0065,IN_APP,12.9626538374,77.5467701298,No,NONE,No,0.11
TXN000602,3096,PAY,user007@okbank,2026,2,25/02/26,5:30:00,MER0069,VPA,12.979091711,77.614873147,No,NONE,No,0.24
TXN000726,16391,PAY,user043@okbank,2026,3,21/03/26,5:43:00,MER0106,MOBILE,12.8614831558,77.5907813769,No,NONE,No,0.31
TXN000353,30976,PAY,user047@okbank,2026,6,09/06/26,18:52:00,MER0041,INTENT,13.0100958617,77.60434601,No,NONE,No,0.13
TXN001090,37043,PAY,user049@okbank,2026,2,07/02/26,22:17:00,MER0145,MOBILE,13.0127588942,77.6185489557,No,NONE,No,0.39
TXN004089,12266,PAY,user050@okbank,2026,2,04/02/26,3:24:00,MER0135,COLLECT,13.0284257899,77.5955964003,No,NONE,No,0.26
TXN001727,14089,PAY,user037@okbank,2026,5,10/05/26,15:22:00,MER0168,MOBILE,13.0074722959,77.5649513821,No,NONE,No,0.39
TXN002393,11033,PAY,user013@okbank,2026,2,05/02/26,5:21:00,MER0016,VPA,13.1251207813,77.6132330651,No,NONE,No,0.57
TXN000064,8000,PAY,user003@okbank,2026,2,17/02/26,15:11:00,MER0149,MOBILE,13.0421918215,77.5123327167,No,TASK_SCAM,Yes,0.75
TXN002546,26364,PAY,user047@okbank,2026,2,10/02/26,2:52:00,MER0179,QR,12.9880314852,77.5855118001,No,NONE,No,0.28
TXN000798,6388,PAY,user050@okbank,2026,3,09/03/26,8:48:00,MER0055,COLLECT,12.9694333865,77.6107758442,No,NONE,No,0.2
TXN004019,16110,PAY,user048@okbank,2026,3,19/03/26,7:53:00,MER0119,VPA,12.9325505077,77.5778847685,No,NONE,No,0.38
TXN002508,22295,PAY,user014@okbank,2026,3,03/03/26,19:20:00,MER0072,QR,12.9557205694,77.5958584208,No,NONE,No,0.03
TXN003289,3941,PAY,user004@okbank,2026,6,13/06/26,3:54:00,MER0070,COLLECT,12.9652399896,77.672548048,No,NONE,No,0.09
TXN001469,31815,PAY,user004@okbank,2026,2,05/02/26,17:46:00,MER0057,ACCOUNT_IFSC,12.945034758,77.6643023388,No,NONE,No,0.2
TXN001752,100,PAY,user033@okbank,2026,6,16/06/26,19:46:00,MER0066,ACCOUNT_IFSC,12.9599045013,77.5943180513,No,NONE,No,0.36
TXN003680,26864,PAY,user007@okbank,2026,3,16/03/26,22:31:00,MER0157,MANDATE,12.9301918594,77.5651853151,No,NONE,No,0.08
TXN000318,4838,PAY,user028@okbank,2026,3,28/03/26,10:24:00,MER0095,MOBILE,13.017987512,77.5197448561,No,NONE,No,0.28
TXN000196,95399,PAY,user037@okbank,2026,4,18/04/26,7:49:00,MER0193,COLLECT,12.9632261132,77.6089437639,No,SIM_SWAP_DRAIN,Yes,0.7
TXN000357,18055,PAY,user005@okbank,2026,1,21/01/26,7:54:00,MER0019,IN_APP,12.9291078957,77.5856069792,No,NONE,No,0.29
TXN000432,23482,PAY,user001@okbank,2026,2,23/02/26,15:30:00,MER0023,ACCOUNT_IFSC,12.9164210391,77.5866490139,No,NONE,No,0.61
TXN002854,17847,PAY,user014@okbank,2026,3,21/03/26,2:17:00,MER0169,MANDATE,12.9240945479,77.571771903,No,NONE,No,0.2
TXN003795,36613,PAY,user034@okbank,2026,1,26/01/26,1:16:00,MER0186,QR,12.9469660531,77.6345653789,No,NONE,No,0.29
TXN000333,19820,PAY,user019@okbank,2026,1,15/01/26,18:08:00,MER0137,INTENT,12.9318337898,77.5368049859,No,NONE,No,0.31
TXN003941,24893,PAY,user021@okbank,2026,5,11/05/26,5:02:00,MER0047,VPA,12.984401855,77.5657974761,No,NONE,No,0.28
TXN002530,12728,PAY,user035@okbank,2026,5,15/05/26,7:35:00,MER0134,MOBILE,12.9700144728,77.6676845999,No,NONE,No,0.06
TXN003554,24401,PAY,user037@okbank,2026,2,06/02/26,8:57:00,MER0038,MANDATE,12.9787000583,77.646355207,No,NONE,No,0.09
TXN000231,41039,PAY,user029@okbank,2026,4,04/04/26,12:30:00,MER0175,QR,12.9588955217,77.6674912797,No,INVESTMENT_SCAM,Yes,0.48
TXN002072,18508,PAY,user010@okbank,2026,4,28/04/26,2:23:00,MER0117,INTENT,13.0392792576,77.575505477,No,NONE,No,0.34
TXN003425,100,PAY,user022@okbank,2026,3,07/03/26,20:24:00,MER0049,IN_APP,13.0011716831,77.6468899197,No,NONE,No,0.16
TXN003856,17385,PAY,user042@okbank,2026,6,03/06/26,23:30:00,MER0010,COLLECT,12.968690164,77.4802091925,No,NONE,No,0.22
TXN000003,65996,PAY,user035@okbank,2026,6,24/06/26,4:48:00,MER0084,INTENT,12.9344844475,77.619266173,Yes,QR_DECEPTION,Yes,0.86
TXN000664,12924,PAY,user045@okbank,2026,5,13/05/26,19:46:00,MER0169,INTENT,12.9290583955,77.590735002,No,NONE,No,0.4
TXN001132,7231,PAY,user038@okbank,2026,6,21/06/26,15:16:00,MER0043,QR,12.9985495296,77.5939525217,No,NONE,No,0.34
TXN002611,19461,PAY,user004@okbank,2026,3,18/03/26,11:53:00,MER0103,QR,12.8621100229,77.6195327545,No,NONE,No,0.37
TXN004853,100,PAY,user001@okbank,2026,5,24/05/26,11:24:00,MER0131,COLLECT,12.9937330886,77.4621178556,No,NONE,No,0.35
TXN002242,17719,PAY,user022@okbank,2026,1,05/01/26,20:35:00,MER0074,MANDATE,12.9957643229,77.6520284845,No,NONE,No,0.22
TXN000600,20793,PAY,user041@okbank,2026,6,20/06/26,14:47:00,MER0106,QR,13.011279368,77.6257377493,No,NONE,No,0.18
TXN003513,6046,PAY,user043@okbank,2026,4,01/04/26,18:52:00,MER0191,INTENT,12.9449104132,77.5406068652,No,NONE,No,0.28
TXN000031,100717,PAY,user040@okbank,2026,6,03/06/26,21:30:00,MER0119,ACCOUNT_IFSC,13.0274489106,77.5690379384,No,QR_DECEPTION,Yes,0.74
TXN001480,25162,PAY,user049@okbank,2026,1,26/01/26,18:24:00,MER0004,VPA,12.9843133116,77.5685972611,No,NONE,No,0.29
TXN004589,7904,PAY,user024@okbank,2026,4,23/04/26,19:48:00,MER0073,MOBILE,13.0095704471,77.6680258148,No,NONE,No,0.08
TXN002081,21611,PAY,user030@okbank,2026,1,16/01/26,21:11:00,MER0200,QR,12.9970223415,77.640665223,No,NONE,No,0.43
TXN002526,14551,PAY,user020@okbank,2026,5,13/05/26,13:05:00,MER0115,MOBILE,12.9789360696,77.5896294388,No,NONE,No,0.17
TXN000144,54040,PAY,user020@okbank,2026,2,24/02/26,5:16:00,MER0134,COLLECT,12.9555634904,77.6754307755,No,QR_DECEPTION,Yes,0.76
TXN001955,2950,PAY,user009@okbank,2026,6,13/06/26,19:59:00,MER0197,IN_APP,12.9157242217,77.6295471274,No,NONE,No,0.35
TXN004345,17595,PAY,user039@okbank,2026,3,16/03/26,0:26:00,MER0089,QR,12.9814767744,77.5754918652,No,NONE,No,0.42
TXN001689,13570,PAY,user004@okbank,2026,3,11/03/26,18:27:00,MER0032,ACCOUNT_IFSC,12.9918739976,77.5075043786,No,NONE,No,0.32
TXN003907,7157,PAY,user030@okbank,2026,3,09/03/26,1:27:00,MER0168,IN_APP,12.9851443023,77.5907346885,No,NONE,No,0.39
TXN003600,14460,PAY,user008@okbank,2026,3,13/03/26,17:22:00,MER0023,INTENT,12.9107184188,77.6476093824,No,NONE,No,0.21
TXN003883,15575,PAY,user008@okbank,2026,4,13/04/26,11:33:00,MER0135,IN_APP,12.9952978987,77.4740046704,No,NONE,No,0.13
TXN000272,9710,PAY,user011@okbank,2026,6,07/06/26,15:56:00,MER0170,VPA,12.876418522,77.6346056112,No,NONE,No,0.23
TXN004428,26441,PAY,user040@okbank,2026,4,22/04/26,4:15:00,MER0034,COLLECT,12.9139349923,77.6599859611,No,NONE,No,0.36
TXN004081,19022,PAY,user017@okbank,2026,2,18/02/26,21:33:00,MER0103,IN_APP,12.9904969197,77.5937672098,No,NONE,No,0.37
TXN004039,100,PAY,user036@okbank,2026,4,19/04/26,18:49:00,MER0140,QR,12.9114295465,77.6226737341,No,NONE,No,0.25
TXN003311,37987,PAY,user018@okbank,2026,6,22/06/26,22:59:00,MER0063,COLLECT,12.9405401278,77.7090308642,No,NONE,No,0.06
TXN004286,9766,PAY,user003@okbank,2026,2,02/02/26,6:19:00,MER0136,COLLECT,12.9223627328,77.5186789633,No,NONE,No,0.18
TXN000702,12201,PAY,user020@okbank,2026,5,24/05/26,19:19:00,MER0027,VPA,12.8593131681,77.7056167055,No,NONE,No,0.24
TXN000128,52781,PAY,user035@okbank,2026,6,21/06/26,23:35:00,MER0165,COLLECT,12.9835278612,77.5405937692,Yes,MULE_ACCOUNT,Yes,0.59
TXN004183,10888,PAY,user001@okbank,2026,1,09/01/26,12:45:00,MER0037,MANDATE,13.0589820902,77.552201396,No,NONE,No,0.22
TXN001797,19089,PAY,user024@okbank,2026,1,10/01/26,0:12:00,MER0169,INTENT,12.9820910064,77.5960538024,No,NONE,No,0.08
TXN000886,21262,PAY,user042@okbank,2026,3,06/03/26,7:22:00,MER0152,IN_APP,13.0579521417,77.7047716373,No,NONE,No,0.09
TXN003847,21991,PAY,user026@okbank,2026,2,06/02/26,12:06:00,MER0076,MOBILE,12.9582687185,77.5153034552,Yes,NONE,No,0.38
TXN001236,11588,PAY,user027@okbank,2026,4,27/04/26,7:57:00,MER0105,VPA,12.9280701085,77.5603211528,No,NONE,No,0.04
TXN000491,25677,PAY,user027@okbank,2026,3,15/03/26,7:26:00,MER0200,COLLECT,12.9834097412,77.5873457182,No,NONE,No,0.46
TXN000050,39073,PAY,user043@okbank,2026,2,21/02/26,9:28:00,MER0110,MOBILE,12.9492163081,77.5881756733,No,INVESTMENT_SCAM,Yes,0.71
TXN001647,13081,PAY,user005@okbank,2026,5,05/05/26,3:44:00,MER0092,QR,12.8361506751,77.5307965853,No,NONE,No,0.18
TXN000124,92439,PAY,user010@okbank,2026,3,19/03/26,7:19:00,MER0133,QR,12.9498361725,77.6057324451,No,COLLECT_REQUEST_FRAUD,Yes,0.73
TXN004727,8523,PAY,user036@okbank,2026,2,24/02/26,12:45:00,MER0174,ACCOUNT_IFSC,12.9941503727,77.6072275716,No,NONE,No,0.3
TXN004934,26833,PAY,user009@okbank,2026,4,14/04/26,10:26:00,MER0195,ACCOUNT_IFSC,12.9483789872,77.4829368513,No,NONE,No,0.32
TXN004518,16039,PAY,user028@okbank,2026,6,04/06/26,0:11:00,MER0017,MOBILE,13.0094865954,77.4977491666,No,NONE,No,0.02
TXN002830,17922,PAY,user031@okbank,2026,1,24/01/26,17:23:00,MER0079,QR,13.1073146097,77.5558946254,No,NONE,No,0.31
TXN003977,100,PAY,user019@okbank,2026,4,10/04/26,12:45:00,MER0032,MOBILE,12.904324269,77.5760012938,No,NONE,No,0.33
TXN004330,3401,PAY,user010@okbank,2026,4,02/04/26,4:35:00,MER0050,VPA,12.9728902319,77.528605159,No,NONE,No,0.13
TXN001695,7845,PAY,user025@okbank,2026,3,09/03/26,1:57:00,MER0098,QR,13.0223711719,77.5820068304,No,NONE,No,0.23
TXN002982,232,PAY,user017@okbank,2026,5,09/05/26,10:24:00,MER0152,COLLECT,12.907707556,77.5778065205,No,NONE,No,0.57
TXN000954,5362,PAY,user048@okbank,2026,4,07/04/26,4:27:00,MER0047,INTENT,13.0455819559,77.6210948229,No,NONE,No,0.18
TXN001319,17482,PAY,user049@okbank,2026,1,20/01/26,22:08:00,MER0078,INTENT,12.9728137743,77.5810862756,No,NONE,No,0.19
TXN004818,8574,PAY,user045@okbank,2026,5,16/05/26,15:05:00,MER0136,COLLECT,12.9348223876,77.476730146,No,NONE,No,0.34
TXN000420,22632,PAY,user025@okbank,2026,6,19/06/26,17:17:00,MER0061,VPA,13.051702598,77.6496176456,No,NONE,No,0.44
TXN003704,11413,PAY,user009@okbank,2026,2,01/02/26,16:56:00,MER0198,COLLECT,12.9988290652,77.5680295916,No,NONE,No,0.27
TXN001478,100,PAY,user046@okbank,2026,4,27/04/26,6:41:00,MER0062,COLLECT,12.9641277483,77.608068651,No,NONE,No,0.21
TXN001576,8135,PAY,user031@okbank,2026,2,27/02/26,18:38:00,MER0119,COLLECT,12.9363818028,77.4975227843,No,NONE,No,0.28
TXN004253,30094,PAY,user014@okbank,2026,3,19/03/26,4:50:00,MER0039,MANDATE,12.8824019003,77.605257802,No,NONE,No,0.12
TXN001297,100,PAY,user042@okbank,2026,5,23/05/26,13:01:00,MER0054,ACCOUNT_IFSC,12.9471594267,77.563832732,No,NONE,No,0.36
TXN003757,10714,PAY,user005@okbank,2026,5,14/05/26,9:55:00,MER0076,QR,12.9489527338,77.5413655989,No,NONE,No,0.2
TXN000473,29579,PAY,user005@okbank,2026,5,28/05/26,20:20:00,MER0092,IN_APP,12.9598380679,77.6312739279,No,NONE,No,0.09
TXN003991,28162,PAY,user011@okbank,2026,3,18/03/26,22:44:00,MER0074,ACCOUNT_IFSC,13.0563439741,77.5505133714,No,NONE,No,0.19
TXN004833,22039,PAY,user003@okbank,2026,4,05/04/26,16:26:00,MER0033,COLLECT,12.8660252592,77.5652436085,No,NONE,No,0.32
TXN002579,17835,PAY,user048@okbank,2026,2,06/02/26,7:28:00,MER0044,INTENT,12.9173801093,77.5777773829,No,NONE,No,0.41
TXN000470,28348,PAY,user020@okbank,2026,3,09/03/26,12:52:00,MER0103,ACCOUNT_IFSC,12.8689004496,77.6441309827,No,NONE,No,0.44
TXN003990,3002,PAY,user004@okbank,2026,5,14/05/26,22:51:00,MER0152,IN_APP,12.9534966437,77.6765570969,No,NONE,No,0.37
TXN003205,27245,PAY,user035@okbank,2026,4,07/04/26,23:56:00,MER0044,QR,12.9239386116,77.5767684384,No,NONE,No,0.14
TXN003000,24400,PAY,user027@okbank,2026,5,11/05/26,15:17:00,MER0120,MANDATE,13.0422208548,77.57606725,No,NONE,No,0.27
TXN001409,16007,PAY,user041@okbank,2026,3,26/03/26,22:08:00,MER0108,IN_APP,13.0180069779,77.6430279485,No,NONE,No,0.02
TXN004166,31809,PAY,user040@okbank,2026,6,10/06/26,5:26:00,MER0155,COLLECT,12.9472893103,77.5541208157,No,NONE,No,0.26
TXN003488,20880,PAY,user021@okbank,2026,6,06/06/26,19:54:00,MER0200,MOBILE,13.0263817344,77.6161826925,No,NONE,No,0.37
TXN002445,15711,PAY,user042@okbank,2026,6,19/06/26,0:09:00,MER0200,IN_APP,12.9903146419,77.6239955133,No,NONE,No,0.38
TXN000225,74183,PAY,user032@okbank,2026,5,01/05/26,3:44:00,MER0157,VPA,12.9445529351,77.5588156464,No,REMOTE_ACCESS_FRAUD,Yes,0.71
TXN000404,100,PAY,user038@okbank,2026,4,02/04/26,21:17:00,MER0026,ACCOUNT_IFSC,13.0138394729,77.5802308539,No,NONE,No,0.37
TXN004881,21111,PAY,user027@okbank,2026,6,27/06/26,13:23:00,MER0111,INTENT,12.9260097071,77.6361263894,No,NONE,No,0.37
TXN004523,17247,PAY,user001@okbank,2026,2,22/02/26,7:42:00,MER0129,ACCOUNT_IFSC,12.9914745327,77.5595996567,No,NONE,No,0.24
TXN003684,10312,PAY,user049@okbank,2026,3,24/03/26,0:05:00,MER0014,MANDATE,13.0135369559,77.5634978354,No,NONE,No,0.19
TXN002580,17593,PAY,user024@okbank,2026,2,12/02/26,1:08:00,MER0068,COLLECT,12.9679141387,77.609134775,No,NONE,No,0.58
TXN000746,28377,PAY,user001@okbank,2026,2,23/02/26,12:22:00,MER0012,MANDATE,12.953081083,77.4559681725,No,NONE,No,0.26
TXN001872,8669,PAY,user050@okbank,2026,5,23/05/26,3:39:00,MER0093,MOBILE,12.9562708422,77.6216325758,No,NONE,No,0.12
TXN002650,21019,PAY,user012@okbank,2026,2,01/02/26,13:32:00,MER0003,COLLECT,13.015676201,77.5567774967,No,NONE,No,0.15
TXN001957,11619,PAY,user049@okbank,2026,4,28/04/26,18:45:00,MER0029,QR,12.9944120854,77.6641790848,No,NONE,No,0.51
TXN001687,27773,PAY,user041@okbank,2026,6,28/06/26,15:08:00,MER0126,VPA,12.9265466352,77.5864093669,No,NONE,No,0.34
TXN001850,100,PAY,user004@okbank,2026,5,07/05/26,4:34:00,MER0155,COLLECT,13.0058560216,77.5617038372,No,NONE,No,0.13
TXN000121,81364,PAY,user007@okbank,2026,6,24/06/26,9:48:00,MER0027,IN_APP,13.0195883933,77.6408657279,No,TEST_THEN_DRAIN,Yes,0.88
TXN000039,109127,PAY,user008@okbank,2026,2,07/02/26,0:51:00,MER0004,COLLECT,12.9670386396,77.6136113859,No,FAKE_CUSTOMER_CARE,Yes,0.76
TXN003352,23405,PAY,user017@okbank,2026,5,21/05/26,10:25:00,MER0141,INTENT,12.946334555,77.602190963,No,NONE,No,0.16
TXN000502,100,PAY,user016@okbank,2026,5,05/05/26,1:20:00,MER0046,COLLECT,12.9618010138,77.5884101049,No,NONE,No,0.02
TXN001123,14781,PAY,user048@okbank,2026,5,28/05/26,17:32:00,MER0109,MOBILE,12.9494716469,77.5646963266,No,NONE,No,0.12
TXN000858,15515,PAY,user035@okbank,2026,5,17/05/26,3:40:00,MER0035,MANDATE,12.8817352589,77.6195556266,No,NONE,No,0.12
TXN004128,15617,PAY,user040@okbank,2026,5,02/05/26,6:17:00,MER0107,IN_APP,13.0683993961,77.4917862687,No,NONE,No,0.1
TXN001543,100,PAY,user015@okbank,2026,5,13/05/26,13:42:00,MER0148,QR,12.9958451117,77.5487123934,No,NONE,No,0.4
TXN001862,12769,PAY,user030@okbank,2026,1,11/01/26,12:49:00,MER0097,VPA,12.8981701155,77.6337373078,No,NONE,No,0.34
TXN002619,38287,PAY,user013@okbank,2026,4,24/04/26,21:05:00,MER0138,INTENT,13.0571222261,77.6072680966,No,NONE,No,0.26
TXN000898,27336,PAY,user026@okbank,2026,6,08/06/26,5:41:00,MER0036,MANDATE,12.8741513181,77.5837005398,No,NONE,No,0.02
TXN004114,13747,PAY,user034@okbank,2026,3,15/03/26,10:51:00,MER0106,VPA,12.8072065537,77.6150209448,No,NONE,No,0.02
TXN002898,13333,PAY,user030@okbank,2026,1,11/01/26,21:00:00,MER0092,COLLECT,12.9469007684,77.6111859675,No,NONE,No,0.24
TXN002064,5281,PAY,user035@okbank,2026,4,11/04/26,13:46:00,MER0041,MOBILE,12.9476838225,77.612014009,No,NONE,No,0.2
TXN004272,21212,PAY,user033@okbank,2026,4,09/04/26,15:31:00,MER0030,COLLECT,13.0189760758,77.5610224282,No,NONE,No,0.41
TXN002157,12024,PAY,user039@okbank,2026,6,15/06/26,12:09:00,MER0155,MOBILE,12.9784224529,77.5725302783,No,NONE,No,0.11
TXN004064,14425,PAY,user040@okbank,2026,1,27/01/26,12:55:00,MER0016,ACCOUNT_IFSC,12.8733265638,77.5878748268,No,NONE,No,0.25
TXN000217,99397,PAY,user050@okbank,2026,5,24/05/26,18:13:00,MER0086,VPA,13.0229626129,77.6022567652,No,REMOTE_ACCESS_FRAUD,Yes,0.82
TXN000132,83472,PAY,user035@okbank,2026,3,03/03/26,14:56:00,MER0084,COLLECT,12.9390048744,77.5987135068,No,NONE,Yes,0.66
TXN002299,4482,PAY,user016@okbank,2026,1,14/01/26,2:00:00,MER0199,QR,12.9771250628,77.5932868961,No,NONE,No,0.23
TXN002698,18738,PAY,user019@okbank,2026,2,07/02/26,21:57:00,MER0039,IN_APP,12.9726430598,77.5639823376,No,NONE,No,0.31
TXN001544,22393,PAY,user046@okbank,2026,3,12/03/26,11:41:00,MER0169,MANDATE,12.9719414028,77.6998097281,No,NONE,No,0.33
TXN000012,64339,PAY,user001@okbank,2026,6,07/06/26,18:13:00,MER0166,COLLECT,12.9817962079,77.619846186,Yes,TASK_SCAM,Yes,0.75
TXN003532,15895,PAY,user035@okbank,2026,2,22/02/26,12:07:00,MER0056,MOBILE,12.9951236446,77.640917301,No,NONE,No,0.35
TXN003565,1988,PAY,user018@okbank,2026,3,22/03/26,10:29:00,MER0098,COLLECT,12.9376386302,77.5875650764,No,NONE,No,0.21
TXN002333,18345,PAY,user003@okbank,2026,5,27/05/26,2:27:00,MER0073,MOBILE,12.8393723414,77.5830664649,No,NONE,No,0.22
TXN002001,20685,PAY,user038@okbank,2026,3,11/03/26,5:53:00,MER0165,MOBILE,12.9664012638,77.5829315357,No,NONE,No,0.18
TXN004245,12359,PAY,user028@okbank,2026,4,23/04/26,16:36:00,MER0091,IN_APP,12.9917624643,77.5976354323,No,NONE,No,0.23
TXN004690,100,PAY,user038@okbank,2026,3,07/03/26,13:37:00,MER0154,MOBILE,12.9667015353,77.6356723636,No,NONE,No,0.11
TXN002881,16172,PAY,user037@okbank,2026,5,23/05/26,8:21:00,MER0152,IN_APP,13.0229473588,77.677514719,No,NONE,No,0.33
TXN003445,17570,PAY,user043@okbank,2026,6,06/06/26,6:22:00,MER0086,IN_APP,13.0409228477,77.6111940351,No,NONE,No,0.41
TXN004545,9934,PAY,user026@okbank,2026,6,28/06/26,7:46:00,MER0180,MOBILE,12.9027684831,77.6064237219,No,NONE,No,0.15
TXN001187,11009,PAY,user032@okbank,2026,3,10/03/26,9:12:00,MER0122,MOBILE,13.03704504,77.669433124,No,NONE,No,0.35
TXN003215,100,PAY,user045@okbank,2026,6,10/06/26,9:44:00,MER0109,ACCOUNT_IFSC,12.8837582193,77.6208679726,No,NONE,No,0.36
TXN003429,9081,PAY,user033@okbank,2026,1,04/01/26,11:28:00,MER0168,QR,13.0606375965,77.5763081156,No,NONE,No,0.36
TXN001457,21346,PAY,user042@okbank,2026,5,23/05/26,16:53:00,MER0016,MANDATE,13.0034220894,77.6907780309,No,NONE,No,0.2
TXN001623,16218,PAY,user003@okbank,2026,6,25/06/26,18:58:00,MER0078,IN_APP,12.9999210368,77.6462291199,No,NONE,No,0.36
TXN002503,14287,PAY,user019@okbank,2026,4,17/04/26,11:37:00,MER0091,INTENT,12.8835613747,77.5589279007,No,NONE,No,0.21
TXN000666,12174,PAY,user019@okbank,2026,6,15/06/26,5:35:00,MER0085,MOBILE,12.9395561476,77.5666247852,No,NONE,No,0.33
TXN003511,10197,PAY,user020@okbank,2026,2,26/02/26,2:48:00,MER0026,IN_APP,12.9124342477,77.5220140346,No,NONE,No,0.35
TXN004544,39912,PAY,user033@okbank,2026,2,07/02/26,6:02:00,MER0012,IN_APP,12.9643949601,77.5605689009,No,NONE,No,0.11
TXN003857,28836,PAY,user010@okbank,2026,5,27/05/26,3:01:00,MER0169,QR,12.9563562711,77.6253930761,No,NONE,No,0.25
TXN003413,100,PAY,user027@okbank,2026,4,01/04/26,19:26:00,MER0114,QR,12.9906102046,77.5006239101,No,NONE,No,0.26
TXN004511,6359,PAY,user010@okbank,2026,1,13/01/26,11:26:00,MER0107,MANDATE,13.0146328845,77.5303453596,No,NONE,No,0.03
TXN002656,19138,PAY,user020@okbank,2026,1,08/01/26,8:30:00,MER0090,INTENT,12.9914978923,77.5333229529,No,NONE,No,0.47
TXN002880,14779,PAY,user040@okbank,2026,6,11/06/26,21:23:00,MER0173,VPA,12.9246865562,77.6185683671,No,NONE,No,0.05
TXN000327,8770,PAY,user041@okbank,2026,4,20/04/26,20:57:00,MER0171,COLLECT,12.9966187983,77.6348716446,No,NONE,No,0.23
TXN004462,100,PAY,user041@okbank,2026,2,10/02/26,8:11:00,MER0184,COLLECT,12.9741273054,77.5529987577,No,NONE,No,0.24
TXN002348,2444,PAY,user043@okbank,2026,2,07/02/26,22:15:00,MER0046,QR,12.9434575577,77.6263741852,No,NONE,No,0.21
TXN002923,23568,PAY,user041@okbank,2026,3,27/03/26,20:08:00,MER0099,INTENT,12.916318716,77.512284383,No,NONE,No,0.28
TXN000732,19462,PAY,user007@okbank,2026,4,12/04/26,16:30:00,MER0019,INTENT,12.8542319811,77.5871748674,No,NONE,No,0.14
TXN004660,16118,PAY,user043@okbank,2026,3,20/03/26,17:31:00,MER0149,INTENT,12.9339086461,77.6708762366,No,NONE,No,0.34
TXN002231,21720,PAY,user011@okbank,2026,4,22/04/26,19:33:00,MER0190,QR,12.9680503926,77.445124199,No,NONE,No,0.32
TXN003984,24254,PAY,user029@okbank,2026,4,23/04/26,16:12:00,MER0050,COLLECT,12.9964099889,77.5372934046,No,NONE,No,0.25
TXN004586,15716,PAY,user011@okbank,2026,3,10/03/26,10:17:00,MER0133,ACCOUNT_IFSC,12.945422621,77.6016031406,No,NONE,No,0.24
TXN003091,100,PAY,user031@okbank,2026,1,09/01/26,16:57:00,MER0109,ACCOUNT_IFSC,13.0201096245,77.6355312869,No,NONE,No,0.07
TXN004898,25600,PAY,user024@okbank,2026,1,14/01/26,9:37:00,MER0057,COLLECT,12.9587814884,77.4831691918,No,NONE,No,0.3
TXN003976,20693,PAY,user030@okbank,2026,5,15/05/26,7:24:00,MER0101,VPA,12.9765975034,77.6006153133,No,NONE,No,0.22
TXN004234,2076,PAY,user013@okbank,2026,4,18/04/26,8:33:00,MER0155,MOBILE,12.9764592001,77.6244141902,No,NONE,No,0.25
TXN003367,11533,PAY,user009@okbank,2026,4,11/04/26,17:18:00,MER0117,IN_APP,13.0664938277,77.6081860788,No,NONE,No,0.21
TXN004255,16122,PAY,user044@okbank,2026,4,16/04/26,15:19:00,MER0127,MOBILE,12.9388521621,77.6242081689,No,NONE,No,0.1
TXN001264,409,PAY,user048@okbank,2026,3,11/03/26,0:52:00,MER0191,COLLECT,12.9784725431,77.6019197365,No,NONE,No,0.13
TXN003640,12000,PAY,user043@okbank,2026,2,03/02/26,4:35:00,MER0145,VPA,12.9827495938,77.592963731,No,NONE,No,0.37
TXN003996,5512,PAY,user012@okbank,2026,6,19/06/26,9:44:00,MER0114,ACCOUNT_IFSC,12.9511343274,77.646579898,No,NONE,No,0.2
TXN002200,2974,PAY,user035@okbank,2026,4,24/04/26,21:40:00,MER0114,ACCOUNT_IFSC,12.9759026113,77.5743032996,No,NONE,No,0.16
TXN001047,16948,PAY,user036@okbank,2026,1,01/01/26,10:56:00,MER0060,ACCOUNT_IFSC,12.9094979962,77.5681926859,No,NONE,No,0.19
TXN004384,13120,PAY,user017@okbank,2026,5,02/05/26,12:59:00,MER0021,IN_APP,13.0001319438,77.5747299278,No,NONE,No,0.37
TXN000372,8291,PAY,user024@okbank,2026,5,11/05/26,5:54:00,MER0064,MOBILE,12.9831055482,77.528531882,No,NONE,No,0.14
TXN001203,19655,PAY,user005@okbank,2026,2,11/02/26,17:09:00,MER0132,MOBILE,12.9696256303,77.6629504257,No,NONE,No,0.4
TXN003223,13307,PAY,user001@okbank,2026,5,03/05/26,17:53:00,MER0127,VPA,12.9677233678,77.6082361284,No,NONE,No,0.02
TXN002000,6966,PAY,user029@okbank,2026,2,02/02/26,9:28:00,MER0118,INTENT,13.0191352899,77.5694980474,No,NONE,No,0.31
TXN002023,10150,PAY,user028@okbank,2026,4,20/04/26,23:10:00,MER0178,QR,13.0500728069,77.670866256,No,NONE,No,0.28
TXN002479,15133,PAY,user046@okbank,2026,4,10/04/26,11:22:00,MER0083,MANDATE,12.9449501016,77.5079510641,No,NONE,No,0.09
TXN002630,19875,PAY,user048@okbank,2026,5,09/05/26,23:12:00,MER0050,ACCOUNT_IFSC,13.1024329533,77.569172167,No,NONE,No,0.15
TXN004914,37083,PAY,user035@okbank,2026,2,14/02/26,13:56:00,MER0124,QR,12.9730562953,77.6191230173,No,NONE,No,0.02
TXN004394,23740,PAY,user017@okbank,2026,6,13/06/26,18:21:00,MER0198,MANDATE,13.0273469061,77.6867097684,No,NONE,No,0.17
TXN004061,2760,PAY,user008@okbank,2026,3,24/03/26,17:08:00,MER0042,ACCOUNT_IFSC,12.9689590812,77.6189166744,No,NONE,No,0.33
TXN000753,25031,PAY,user014@okbank,2026,3,28/03/26,13:41:00,MER0132,QR,12.9115061116,77.5355821323,No,NONE,No,0.34
TXN000078,18686,PAY,user007@okbank,2026,2,22/02/26,21:11:00,MER0045,COLLECT,12.987051842,77.6339533196,Yes,FAKE_CUSTOMER_CARE,Yes,0.81
TXN000766,7492,PAY,user031@okbank,2026,4,09/04/26,19:20:00,MER0039,VPA,12.9624189514,77.6713520175,No,NONE,No,0.29
TXN002780,11168,PAY,user017@okbank,2026,2,05/02/26,2:52:00,MER0024,ACCOUNT_IFSC,12.9764059587,77.6002441271,No,NONE,No,0.23
TXN001731,18436,PAY,user023@okbank,2026,4,26/04/26,3:21:00,MER0123,MOBILE,12.9802095777,77.6358008874,No,NONE,No,0.13
TXN002015,11566,PAY,user018@okbank,2026,5,02/05/26,19:13:00,MER0041,VPA,12.9981477665,77.6011270438,No,NONE,No,0.34
TXN000567,14197,PAY,user048@okbank,2026,4,03/04/26,8:23:00,MER0129,ACCOUNT_IFSC,12.9251725001,77.5352663287,No,NONE,No,0.4
TXN002285,100,PAY,user032@okbank,2026,4,26/04/26,3:04:00,MER0003,VPA,12.9579759663,77.5590458126,No,NONE,No,0.08
TXN002839,21687,PAY,user020@okbank,2026,6,03/06/26,18:55:00,MER0103,COLLECT,13.0380569368,77.5645631148,No,NONE,No,0.09
TXN003923,100,PAY,user019@okbank,2026,4,09/04/26,19:45:00,MER0042,MOBILE,13.0329561744,77.6240760116,No,NONE,No,0.16
TXN003269,10815,PAY,user020@okbank,2026,6,10/06/26,15:09:00,MER0139,QR,12.9630516794,77.6470335803,No,NONE,No,0.36
TXN001703,100,PAY,user004@okbank,2026,1,26/01/26,15:03:00,MER0158,ACCOUNT_IFSC,13.0091913292,77.5893895887,No,NONE,No,0.17
TXN000496,4044,PAY,user016@okbank,2026,4,25/04/26,2:00:00,MER0077,COLLECT,13.0624578969,77.6329828094,No,NONE,No,0.28
TXN000035,64126,PAY,user027@okbank,2026,1,11/01/26,19:28:00,MER0084,IN_APP,13.0447322507,77.593264788,No,TEST_THEN_DRAIN,Yes,0.8
TXN004112,16189,PAY,user007@okbank,2026,1,10/01/26,14:01:00,MER0160,MANDATE,13.0334859482,77.6296535619,No,NONE,No,0.28
TXN000950,14205,PAY,user038@okbank,2026,5,25/05/26,21:25:00,MER0132,INTENT,12.9049171102,77.4969402779,No,NONE,No,0.25
TXN002685,100,PAY,user021@okbank,2026,2,28/02/26,12:32:00,MER0058,INTENT,12.8702135865,77.5561269746,No,NONE,No,0.33
TXN001135,20696,PAY,user050@okbank,2026,4,24/04/26,23:35:00,MER0102,ACCOUNT_IFSC,12.996618986,77.6037662332,No,NONE,No,0.24
TXN001253,6211,PAY,user044@okbank,2026,6,12/06/26,8:28:00,MER0047,ACCOUNT_IFSC,12.9471319462,77.6209914225,No,NONE,No,0.17
TXN000765,9284,PAY,user008@okbank,2026,4,17/04/26,15:47:00,MER0132,ACCOUNT_IFSC,12.9026221478,77.5416110026,No,NONE,No,0.17
TXN003437,12165,PAY,user002@okbank,2026,3,14/03/26,16:52:00,MER0002,QR,12.9636839725,77.6404900623,No,NONE,No,0.32
TXN001151,16152,PAY,user035@okbank,2026,6,23/06/26,7:00:00,MER0086,ACCOUNT_IFSC,12.9547352675,77.614113118,No,NONE,No,0.24
TXN002700,33458,PAY,user009@okbank,2026,6,27/06/26,20:13:00,MER0035,ACCOUNT_IFSC,12.8893503721,77.6431466835,No,NONE,No,0.32
TXN000667,28874,PAY,user023@okbank,2026,6,28/06/26,13:40:00,MER0023,COLLECT,12.9263812277,77.7288751632,No,NONE,No,0.49
TXN001278,8116,PAY,user020@okbank,2026,6,27/06/26,11:59:00,MER0075,QR,13.0219273674,77.5076917346,No,NONE,No,0.29
TXN000317,7569,PAY,user047@okbank,2026,2,12/02/26,1:50:00,MER0112,MANDATE,12.9341109885,77.5714447448,No,NONE,No,0.12
TXN000778,16499,PAY,user044@okbank,2026,5,03/05/26,15:39:00,MER0018,IN_APP,12.9202472674,77.6159360553,No,NONE,No,0.21
TXN001375,2485,PAY,user041@okbank,2026,4,10/04/26,6:44:00,MER0064,QR,13.0546299737,77.4632758146,No,NONE,No,0.43
TXN001927,8340,PAY,user042@okbank,2026,1,07/01/26,22:52:00,MER0037,QR,12.9467218857,77.5610241798,No,NONE,No,0.33
TXN004574,10871,PAY,user028@okbank,2026,1,18/01/26,0:05:00,MER0125,IN_APP,13.0575465881,77.6004091404,No,NONE,No,0.28
TXN004403,9151,PAY,user034@okbank,2026,2,05/02/26,14:51:00,MER0107,MOBILE,12.9487555889,77.6208497634,No,NONE,No,0.59
TXN004433,100,PAY,user003@okbank,2026,5,08/05/26,13:21:00,MER0001,VPA,12.994099548,77.6210859835,No,NONE,No,0.28
TXN003545,8477,PAY,user049@okbank,2026,3,23/03/26,8:00:00,MER0173,MOBILE,13.0145028679,77.5137707678,No,NONE,No,0.24
TXN002297,14127,PAY,user044@okbank,2026,5,06/05/26,3:13:00,MER0139,MOBILE,12.9542653379,77.5372763963,No,NONE,No,0.49
TXN002350,29994,PAY,user025@okbank,2026,6,16/06/26,22:34:00,MER0169,INTENT,12.9907502471,77.5941277946,No,NONE,No,0.3
TXN000566,30880,PAY,user049@okbank,2026,1,17/01/26,18:54:00,MER0069,QR,12.8503708567,77.5552110972,No,NONE,No,0.24
TXN003296,100,PAY,user002@okbank,2026,5,02/05/26,2:30:00,MER0046,QR,12.982963379,77.4976939275,No,NONE,No,0.21
TXN001824,6358,PAY,user041@okbank,2026,1,05/01/26,17:12:00,MER0031,VPA,12.9591387233,77.6362434266,No,NONE,No,0.02
TXN001956,15164,PAY,user014@okbank,2026,2,16/02/26,13:06:00,MER0190,MOBILE,13.0179579988,77.4704636888,No,NONE,No,0.03
TXN004871,26276,PAY,user036@okbank,2026,6,25/06/26,10:48:00,MER0010,IN_APP,12.9694015725,77.6727907411,No,NONE,No,0.29
TXN004830,8549,PAY,user001@okbank,2026,5,12/05/26,21:42:00,MER0076,MOBILE,12.9329112242,77.6147436278,No,NONE,No,0.5
TXN002079,27307,PAY,user031@okbank,2026,2,03/02/26,8:29:00,MER0065,QR,12.9537997576,77.6947473504,No,NONE,No,0.1
TXN001867,14663,PAY,user030@okbank,2026,4,17/04/26,12:24:00,MER0118,MOBILE,12.9219826193,77.6594729182,No,NONE,No,0.17
TXN003682,19842,PAY,user044@okbank,2026,1,20/01/26,23:17:00,MER0116,COLLECT,12.9901927076,77.5229808244,No,NONE,No,0.48
TXN003360,13705,PAY,user006@okbank,2026,4,20/04/26,5:23:00,MER0080,IN_APP,13.0255707018,77.558148163,No,NONE,No,0.38
TXN003489,10537,PAY,user036@okbank,2026,2,23/02/26,1:28:00,MER0107,IN_APP,12.8979453208,77.5188056801,No,NONE,No,0.12
TXN004449,20846,PAY,user015@okbank,2026,6,05/06/26,3:54:00,MER0016,QR,12.9425222752,77.6139717132,No,NONE,No,0.31
TXN003165,16501,PAY,user003@okbank,2026,5,09/05/26,8:57:00,MER0081,MOBILE,12.8672333558,77.5397733382,No,NONE,No,0.14
TXN000242,67213,PAY,user029@okbank,2026,1,25/01/26,21:27:00,MER0155,QR,12.9044389976,77.5897908381,No,COLLECT_REQUEST_FRAUD,Yes,0.79
TXN002078,24347,PAY,user034@okbank,2026,3,11/03/26,20:21:00,MER0126,MOBILE,12.9774695325,77.6105353867,No,NONE,No,0.31
TXN004989,15577,PAY,user048@okbank,2026,5,12/05/26,18:15:00,MER0176,INTENT,12.8731781849,77.5889493656,No,NONE,No,0.25
TXN000127,105930,PAY,user021@okbank,2026,6,27/06/26,22:52:00,MER0026,QR,12.9695288313,77.6479135175,No,NONE,Yes,0.61
TXN003185,13494,PAY,user028@okbank,2026,2,06/02/26,9:19:00,MER0176,VPA,12.8648468733,77.6087219787,No,NONE,No,0.24
TXN004422,14064,PAY,user026@okbank,2026,3,08/03/26,19:33:00,MER0180,IN_APP,13.0158820404,77.5564576112,No,NONE,No,0.17
TXN004101,21718,PAY,user039@okbank,2026,2,25/02/26,6:57:00,MER0058,VPA,12.9151231942,77.6688088664,Yes,NONE,No,0.17
TXN002850,23934,PAY,user034@okbank,2026,5,05/05/26,5:25:00,MER0135,MANDATE,12.9581019289,77.5132861331,No,NONE,No,0.27
TXN000205,81110,PAY,user013@okbank,2026,4,26/04/26,15:00:00,MER0114,MOBILE,12.9355561989,77.6588225932,No,QR_DECEPTION,Yes,0.9
TXN004404,17680,PAY,user040@okbank,2026,2,19/02/26,15:55:00,MER0033,COLLECT,13.046711412,77.5913934165,Yes,NONE,No,0.2
TXN002863,15416,PAY,user041@okbank,2026,1,02/01/26,11:08:00,MER0129,INTENT,12.8717512479,77.5830546816,No,NONE,No,0.17
TXN000715,26899,PAY,user018@okbank,2026,1,22/01/26,15:00:00,MER0013,MANDATE,12.9405557008,77.5633818739,No,NONE,No,0.14
TXN001809,27318,PAY,user048@okbank,2026,1,07/01/26,6:16:00,MER0106,COLLECT,12.9906907601,77.6015340465,No,NONE,No,0.46
TXN004676,14530,PAY,user007@okbank,2026,4,05/04/26,23:33:00,MER0147,INTENT,13.0158535483,77.5965674616,No,NONE,No,0.27
TXN001337,4854,PAY,user026@okbank,2026,1,15/01/26,9:25:00,MER0181,IN_APP,13.0212781641,77.5633924812,No,NONE,No,0.31
TXN004749,20056,PAY,user042@okbank,2026,5,22/05/26,18:29:00,MER0078,IN_APP,13.0138651308,77.6255602734,No,NONE,No,0.02
TXN004076,25961,PAY,user021@okbank,2026,1,25/01/26,23:25:00,MER0021,VPA,12.899662697,77.6424367399,No,NONE,No,0.47
TXN001263,9122,PAY,user028@okbank,2026,2,20/02/26,17:49:00,MER0143,INTENT,12.9203274585,77.5302104655,No,NONE,No,0.34
TXN000170,69907,PAY,user027@okbank,2026,6,01/06/26,16:04:00,MER0175,QR,13.00152758,77.6131134616,No,NONE,Yes,0.58
TXN001617,13316,PAY,user007@okbank,2026,5,17/05/26,15:12:00,MER0005,MOBILE,13.0022886739,77.5628745405,No,NONE,No,0.35
TXN004082,24907,PAY,user037@okbank,2026,2,23/02/26,6:41:00,MER0195,MOBILE,12.9733805844,77.6179661611,No,NONE,No,0.36
TXN004862,31799,PAY,user040@okbank,2026,4,13/04/26,5:46:00,MER0084,INTENT,12.9370909819,77.6402336186,No,NONE,No,0.55
TXN000097,63429,PAY,user003@okbank,2026,6,01/06/26,0:45:00,MER0032,QR,13.0145968668,77.5079362256,No,SIM_SWAP_DRAIN,Yes,0.79
TXN004221,13124,PAY,user029@okbank,2026,6,04/06/26,10:03:00,MER0110,MOBILE,13.0286999465,77.6498527327,No,NONE,No,0.35
TXN002522,25283,PAY,user039@okbank,2026,4,22/04/26,8:50:00,MER0067,MANDATE,13.06518641,77.6659117478,No,NONE,No,0.28
TXN003312,23634,PAY,user005@okbank,2026,1,03/01/26,4:36:00,MER0010,INTENT,12.962925344,77.558538748,No,NONE,No,0.21
TXN000653,7742,PAY,user045@okbank,2026,4,21/04/26,13:48:00,MER0141,COLLECT,12.9641252582,77.6405984511,No,NONE,No,0.35
TXN001026,100,PAY,user044@okbank,2026,2,13/02/26,11:18:00,MER0093,VPA,12.9890866391,77.6658927593,No,NONE,No,0.2
TXN001954,18977,PAY,user046@okbank,2026,1,24/01/26,5:12:00,MER0199,QR,12.9874116696,77.5806401677,No,NONE,No,0.21
TXN002073,1135,PAY,user020@okbank,2026,2,03/02/26,4:17:00,MER0097,INTENT,12.9887083521,77.5310510199,No,NONE,No,0.57
TXN004473,32665,PAY,user044@okbank,2026,5,22/05/26,17:54:00,MER0015,COLLECT,12.9997866923,77.5655960247,No,NONE,No,0.4
TXN002039,25543,PAY,user044@okbank,2026,1,10/01/26,20:29:00,MER0173,IN_APP,12.958604965,77.5730154421,No,NONE,No,0.28
TXN001881,12539,PAY,user006@okbank,2026,1,27/01/26,1:56:00,MER0126,MOBILE,12.9590458323,77.6272108283,No,NONE,No,0.34
TXN002449,18158,PAY,user015@okbank,2026,4,05/04/26,18:52:00,MER0185,COLLECT,12.9620077351,77.634084098,No,NONE,No,0.4
TXN004393,18084,PAY,user024@okbank,2026,2,19/02/26,14:22:00,MER0140,QR,12.9696672637,77.5774310946,No,NONE,No,0.24
TXN004728,8592,PAY,user030@okbank,2026,6,28/06/26,0:36:00,MER0147,INTENT,12.9580429596,77.5774261808,No,NONE,No,0.22
TXN001654,36892,PAY,user035@okbank,2026,6,08/06/26,6:05:00,MER0199,INTENT,13.0044073506,77.5885660443,No,NONE,No,0.22
TXN001833,12622,PAY,user029@okbank,2026,5,09/05/26,0:11:00,MER0124,IN_APP,12.9511249486,77.5873403866,No,NONE,No,0.02
TXN001668,23763,PAY,user029@okbank,2026,1,17/01/26,9:40:00,MER0104,QR,12.933140094,77.5680040489,No,NONE,No,0.13
TXN000153,25834,PAY,user029@okbank,2026,3,13/03/26,20:25:00,MER0078,IN_APP,12.990917095,77.6369780635,No,NONE,Yes,0.8
TXN000976,2508,PAY,user003@okbank,2026,2,10/02/26,17:24:00,MER0013,MOBILE,13.0320614791,77.5993024649,No,NONE,No,0.41
TXN000167,99414,PAY,user029@okbank,2026,6,23/06/26,17:02:00,MER0038,MOBILE,12.9722160522,77.6119933353,No,FAKE_CUSTOMER_CARE,Yes,0.52
TXN001148,10941,PAY,user033@okbank,2026,4,15/04/26,15:27:00,MER0077,INTENT,12.9159044477,77.6277805101,No,NONE,No,0.24
TXN003216,100,PAY,user041@okbank,2026,1,17/01/26,4:39:00,MER0199,MANDATE,13.0277243622,77.5660298154,No,NONE,No,0.35
TXN002165,17651,PAY,user011@okbank,2026,1,16/01/26,12:06:00,MER0121,INTENT,12.9802512663,77.4682185145,No,NONE,No,0.33
TXN004002,17971,PAY,user002@okbank,2026,1,23/01/26,8:13:00,MER0173,ACCOUNT_IFSC,12.9801558477,77.6393625674,No,NONE,No,0.3
TXN001869,9454,PAY,user038@okbank,2026,2,05/02/26,19:42:00,MER0014,VPA,13.0233698831,77.6160237542,No,NONE,No,0.1
TXN001266,12938,PAY,user008@okbank,2026,5,11/05/26,1:40:00,MER0021,ACCOUNT_IFSC,12.9049777111,77.5732169363,No,NONE,No,0.33
TXN001398,23599,PAY,user025@okbank,2026,1,16/01/26,15:10:00,MER0154,MANDATE,12.9798252132,77.608324911,No,NONE,No,0.12
TXN003431,8622,PAY,user029@okbank,2026,5,04/05/26,10:08:00,MER0130,IN_APP,12.8934932308,77.5487713297,No,NONE,No,0.4
TXN001195,11029,PAY,user016@okbank,2026,6,22/06/26,6:50:00,MER0187,VPA,12.9902896727,77.5418566525,No,NONE,No,0.22
TXN002943,13128,PAY,user045@okbank,2026,2,10/02/26,23:28:00,MER0142,VPA,12.9332935472,77.6041734968,No,NONE,No,0.2
TXN000484,20060,PAY,user018@okbank,2026,2,25/02/26,17:21:00,MER0113,ACCOUNT_IFSC,12.9319926508,77.5507478746,No,NONE,No,0.37
TXN002349,7572,PAY,user050@okbank,2026,6,11/06/26,8:44:00,MER0043,MOBILE,12.8995698212,77.67784881,No,NONE,No,0.32
TXN001774,12909,PAY,user043@okbank,2026,1,27/01/26,1:06:00,MER0025,IN_APP,12.9398950687,77.5292353596,No,NONE,No,0.17
TXN000418,2118,PAY,user019@okbank,2026,1,08/01/26,11:37:00,MER0012,ACCOUNT_IFSC,12.9418417664,77.5781143908,No,NONE,No,0.52
TXN002357,17854,PAY,user007@okbank,2026,1,11/01/26,19:55:00,MER0129,MANDATE,12.9658239727,77.5801432292,No,NONE,No,0.51
TXN000677,10105,PAY,user004@okbank,2026,3,18/03/26,14:49:00,MER0118,INTENT,13.0272943132,77.591750006,No,NONE,No,0.44
TXN002103,13106,PAY,user011@okbank,2026,5,12/05/26,14:36:00,MER0014,VPA,12.9727385639,77.5673497191,No,NONE,No,0.3
TXN000435,19545,PAY,user018@okbank,2026,3,19/03/26,1:46:00,MER0154,MANDATE,12.9404537526,77.6168418568,No,NONE,No,0.19
TXN004185,6826,PAY,user005@okbank,2026,6,13/06/26,13:17:00,MER0023,VPA,12.914876228,77.6014537377,No,NONE,No,0.21
TXN002251,18448,PAY,user007@okbank,2026,3,21/03/26,10:10:00,MER0110,INTENT,12.9475413105,77.6405746329,No,NONE,No,0.28
TXN002561,15230,PAY,user048@okbank,2026,1,28/01/26,22:47:00,MER0147,QR,12.9081375572,77.4829408852,No,NONE,No,0.53
TXN002924,15846,PAY,user044@okbank,2026,1,07/01/26,6:27:00,MER0104,IN_APP,12.9640076563,77.6240473893,No,NONE,No,0.33
TXN004412,25154,PAY,user034@okbank,2026,6,11/06/26,22:21:00,MER0080,INTENT,12.8567580031,77.6055562054,No,NONE,No,0.02
TXN002356,16372,PAY,user016@okbank,2026,2,13/02/26,2:58:00,MER0029,MOBILE,12.9605350027,77.5711774782,No,NONE,No,0.36
TXN004367,7046,PAY,user022@okbank,2026,2,21/02/26,0:38:00,MER0001,QR,12.9677132593,77.5866722883,No,NONE,No,0.24
TXN002089,16458,PAY,user042@okbank,2026,6,28/06/26,1:14:00,MER0038,IN_APP,12.9095578743,77.643124283,Yes,NONE,No,0.4
TXN003747,100,PAY,user027@okbank,2026,2,18/02/26,6:36:00,MER0090,IN_APP,12.9020796106,77.6024078761,No,NONE,No,0.28
TXN004229,28737,PAY,user016@okbank,2026,2,18/02/26,20:52:00,MER0179,VPA,12.9956412008,77.5744177322,No,NONE,No,0.31
TXN004836,35039,PAY,user015@okbank,2026,2,07/02/26,18:51:00,MER0093,INTENT,13.0102091367,77.5973734819,No,NONE,No,0.11
TXN004119,11184,PAY,user016@okbank,2026,1,08/01/26,13:38:00,MER0067,INTENT,12.8946182194,77.6223594509,No,NONE,No,0.33
TXN003301,22057,PAY,user010@okbank,2026,5,18/05/26,21:08:00,MER0170,INTENT,12.9218676256,77.5961503749,No,NONE,No,0.21
TXN004601,7158,PAY,user003@okbank,2026,6,22/06/26,7:37:00,MER0095,INTENT,12.9725885611,77.6079576325,No,NONE,No,0.34
TXN003629,13547,PAY,user034@okbank,2026,5,18/05/26,22:00:00,MER0190,QR,12.9585507876,77.5430242705,No,NONE,No,0.42
TXN000500,23987,PAY,user025@okbank,2026,4,02/04/26,18:35:00,MER0063,IN_APP,12.9659177207,77.5700162827,No,NONE,No,0.58
TXN003275,22784,PAY,user049@okbank,2026,1,06/01/26,23:58:00,MER0071,MANDATE,12.9129887099,77.6261385986,No,NONE,No,0.12
TXN001425,100,PAY,user001@okbank,2026,6,11/06/26,12:12:00,MER0043,VPA,12.8518708939,77.5773492904,No,NONE,No,0.34
TXN004840,15564,PAY,user019@okbank,2026,4,18/04/26,12:23:00,MER0098,QR,12.9846775193,77.6041567671,No,NONE,No,0.15
TXN001289,21324,PAY,user007@okbank,2026,5,04/05/26,19:43:00,MER0067,ACCOUNT_IFSC,12.9056284339,77.6438529848,No,NONE,No,0.5
TXN003130,12954,PAY,user019@okbank,2026,5,23/05/26,4:05:00,MER0143,QR,12.9571858241,77.5574810227,No,NONE,No,0.13
TXN002829,13084,PAY,user020@okbank,2026,5,15/05/26,3:52:00,MER0073,MANDATE,12.8910024113,77.6157742926,No,NONE,No,0.2
TXN000341,16697,PAY,user020@okbank,2026,1,03/01/26,10:30:00,MER0059,QR,13.0026562582,77.5923842342,No,NONE,No,0.24
TXN002184,22749,PAY,user043@okbank,2026,5,04/05/26,16:14:00,MER0131,IN_APP,13.031902953,77.6863854329,No,NONE,No,0.31
TXN003344,100,PAY,user025@okbank,2026,3,20/03/26,12:35:00,MER0159,INTENT,12.9222413087,77.536918344,No,NONE,No,0.46
TXN003901,10536,PAY,user005@okbank,2026,5,02/05/26,1:56:00,MER0181,ACCOUNT_IFSC,12.952365407,77.5990628881,No,NONE,No,0.31
TXN004447,21616,PAY,user003@okbank,2026,2,24/02/26,15:39:00,MER0030,VPA,12.8434676263,77.5801966103,No,NONE,No,0.32
TXN004304,12743,PAY,user030@okbank,2026,3,18/03/26,7:41:00,MER0029,INTENT,12.9283246516,77.5594349818,No,NONE,No,0.14
TXN004054,11722,PAY,user010@okbank,2026,6,09/06/26,22:37:00,MER0156,MANDATE,12.9310588645,77.6146029408,No,NONE,No,0.43
TXN003664,16214,PAY,user047@okbank,2026,3,27/03/26,20:29:00,MER0160,MANDATE,12.9983873423,77.6267344917,No,NONE,No,0.47
TXN001437,9686,PAY,user015@okbank,2026,4,28/04/26,19:08:00,MER0110,MANDATE,12.9728795221,77.57746745,No,NONE,No,0.14
TXN000313,19819,PAY,user046@okbank,2026,5,11/05/26,20:30:00,MER0150,IN_APP,13.0193443576,77.5947316826,No,NONE,No,0.42
TXN002469,21960,PAY,user016@okbank,2026,5,10/05/26,15:02:00,MER0179,IN_APP,12.952009624,77.5875245304,No,NONE,No,0.46
TXN002048,12866,PAY,user049@okbank,2026,3,25/03/26,5:10:00,MER0095,VPA,12.9479057027,77.5811419886,No,NONE,No,0.32
TXN000819,25456,PAY,user012@okbank,2026,1,15/01/26,19:37:00,MER0060,COLLECT,12.9285261101,77.6636038994,No,NONE,No,0.06
TXN002875,11558,PAY,user010@okbank,2026,3,15/03/26,5:24:00,MER0085,IN_APP,12.9040183515,77.5906721226,No,NONE,No,0.33
TXN001767,1792,PAY,user013@okbank,2026,5,14/05/26,8:30:00,MER0144,MANDATE,12.958944908,77.5941196911,No,NONE,No,0.34
TXN004466,22296,PAY,user009@okbank,2026,6,09/06/26,14:45:00,MER0144,INTENT,13.0310310232,77.6174225617,No,NONE,No,0.39
TXN001845,16855,PAY,user013@okbank,2026,6,20/06/26,13:09:00,MER0069,INTENT,13.0411955433,77.5827072284,No,NONE,No,0.33
TXN000926,20176,PAY,user008@okbank,2026,4,03/04/26,2:25:00,MER0094,VPA,13.0878871444,77.6537448147,No,NONE,No,0.36
TXN001119,11609,PAY,user029@okbank,2026,4,15/04/26,21:39:00,MER0113,IN_APP,12.9583728834,77.5796147842,No,NONE,No,0.26
TXN004791,12351,PAY,user039@okbank,2026,3,09/03/26,14:18:00,MER0097,ACCOUNT_IFSC,12.9687616587,77.6168695247,No,NONE,No,0.14
TXN002810,14720,PAY,user013@okbank,2026,2,07/02/26,5:59:00,MER0149,ACCOUNT_IFSC,12.8552460561,77.5301500525,No,NONE,No,0.35
TXN002690,24761,PAY,user046@okbank,2026,1,22/01/26,9:50:00,MER0031,COLLECT,12.9775927077,77.5718604017,No,NONE,No,0.34
TXN002533,5194,PAY,user012@okbank,2026,3,25/03/26,19:35:00,MER0128,MOBILE,12.8407967289,77.5734884956,No,NONE,No,0.34
TXN000498,8285,PAY,user040@okbank,2026,2,01/02/26,9:14:00,MER0153,INTENT,12.897268045,77.5523160626,No,NONE,No,0.27
TXN000685,25034,PAY,user041@okbank,2026,2,03/02/26,19:51:00,MER0056,INTENT,13.0270455949,77.5800858614,No,NONE,No,0.4
TXN000802,18946,PAY,user050@okbank,2026,4,12/04/26,16:42:00,MER0126,VPA,12.9924051348,77.5612751476,No,NONE,No,0.28
TXN001665,10389,PAY,user004@okbank,2026,4,02/04/26,22:36:00,MER0112,COLLECT,13.0392206982,77.5646034633,No,NONE,No,0.13
TXN001655,13356,PAY,user021@okbank,2026,6,17/06/26,5:11:00,MER0001,IN_APP,12.9950551493,77.6551503248,No,NONE,No,0.41
TXN001307,21611,PAY,user045@okbank,2026,1,26/01/26,18:16:00,MER0196,VPA,12.9484789129,77.5976708127,No,NONE,No,0.12
TXN002636,10008,PAY,user005@okbank,2026,5,12/05/26,3:44:00,MER0142,MANDATE,12.9531661063,77.6609771613,No,NONE,No,0.37
TXN003500,4190,PAY,user008@okbank,2026,2,10/02/26,6:50:00,MER0081,MOBILE,12.9718433546,77.5175402687,No,NONE,No,0.33
TXN002016,19516,PAY,user038@okbank,2026,4,11/04/26,23:55:00,MER0035,MOBILE,13.0206494709,77.5614040972,No,NONE,No,0.09
TXN002716,26061,PAY,user010@okbank,2026,3,21/03/26,14:28:00,MER0089,MOBILE,12.9484264574,77.6833402358,No,NONE,No,0.25
TXN001929,15852,PAY,user047@okbank,2026,2,14/02/26,20:41:00,MER0089,COLLECT,12.9823827229,77.5985302125,No,NONE,No,0.48
TXN003779,100,PAY,user015@okbank,2026,2,11/02/26,15:35:00,MER0129,VPA,12.9644217526,77.5288308609,No,NONE,No,0.19
TXN001127,20008,PAY,user001@okbank,2026,5,04/05/26,17:35:00,MER0011,IN_APP,12.9371583542,77.5948047564,No,NONE,No,0.38
TXN004310,6301,PAY,user017@okbank,2026,1,23/01/26,19:13:00,MER0113,INTENT,12.9386338676,77.5787290658,No,NONE,No,0.29
TXN003188,16186,PAY,user010@okbank,2026,1,28/01/26,10:18:00,MER0003,VPA,12.9507231294,77.6399186465,No,NONE,No,0.3
TXN000260,100,PAY,user005@okbank,2026,5,20/05/26,9:49:00,MER0107,VPA,12.9356267602,77.5200144435,No,NONE,No,0.28
TXN004803,34595,PAY,user045@okbank,2026,4,14/04/26,0:12:00,MER0157,QR,13.0518875913,77.4838788781,No,NONE,No,0.44
TXN003902,29744,PAY,user016@okbank,2026,6,16/06/26,2:19:00,MER0003,COLLECT,12.9316488753,77.6073218179,No,NONE,No,0.17
TXN003528,1563,PAY,user038@okbank,2026,6,25/06/26,12:46:00,MER0061,COLLECT,12.9126439281,77.5918740802,No,NONE,No,0.37
TXN001865,100,PAY,user040@okbank,2026,6,09/06/26,17:31:00,MER0115,QR,12.9545587521,77.509238209,No,NONE,No,0.41
TXN001633,16420,PAY,user028@okbank,2026,5,02/05/26,19:59:00,MER0138,QR,12.9741587845,77.6002764527,No,NONE,No,0.11
TXN001006,5008,PAY,user036@okbank,2026,1,17/01/26,4:24:00,MER0190,QR,12.9379141123,77.6417715952,No,NONE,No,0.28
TXN000811,7316,PAY,user021@okbank,2026,5,28/05/26,21:13:00,MER0189,MANDATE,12.9582012888,77.5518941037,No,NONE,No,0.45
TXN000154,39303,PAY,user021@okbank,2026,4,20/04/26,21:31:00,MER0135,VPA,13.0254990911,77.5777603425,No,TASK_SCAM,Yes,0.97
TXN000073,52299,PAY,user048@okbank,2026,4,26/04/26,20:38:00,MER0186,IN_APP,12.9772084646,77.5671367679,No,MULE_ACCOUNT,Yes,0.76
TXN004103,14982,PAY,user044@okbank,2026,3,25/03/26,15:30:00,MER0167,IN_APP,12.9790075445,77.5898767607,No,NONE,No,0.26
TXN002220,13038,PAY,user036@okbank,2026,1,28/01/26,21:14:00,MER0096,ACCOUNT_IFSC,12.9650527593,77.5516057689,No,NONE,No,0.52
TXN002724,5404,PAY,user022@okbank,2026,5,27/05/26,22:47:00,MER0044,IN_APP,12.9255908977,77.6816656775,No,NONE,No,0.36
TXN004108,16498,PAY,user013@okbank,2026,6,19/06/26,5:52:00,MER0140,VPA,13.0907156207,77.6000446231,No,NONE,No,0.35
TXN001565,16740,PAY,user050@okbank,2026,3,13/03/26,12:40:00,MER0052,IN_APP,13.0222011416,77.5447493347,No,NONE,No,0.13
TXN001562,2705,PAY,user040@okbank,2026,4,15/04/26,17:08:00,MER0065,MOBILE,12.9740091458,77.6632972595,No,NONE,No,0.26
TXN003508,15701,PAY,user043@okbank,2026,4,27/04/26,2:09:00,MER0189,MOBILE,13.0280547185,77.5122203038,No,NONE,No,0.22
TXN002735,14606,PAY,user003@okbank,2026,6,08/06/26,14:04:00,MER0063,ACCOUNT_IFSC,12.9309775757,77.6464991902,No,NONE,No,0.02
TXN002938,5329,PAY,user028@okbank,2026,4,26/04/26,20:27:00,MER0013,INTENT,12.9200478502,77.5975983221,No,NONE,No,0.26
TXN001634,20450,PAY,user008@okbank,2026,4,06/04/26,0:23:00,MER0174,VPA,12.9217216399,77.615350255,No,NONE,No,0.36
TXN001237,100,PAY,user015@okbank,2026,2,04/02/26,9:21:00,MER0135,INTENT,12.9721221436,77.64037236,No,NONE,No,0.18
TXN002874,9842,PAY,user030@okbank,2026,5,28/05/26,10:56:00,MER0047,COLLECT,12.9435335879,77.6756844061,No,NONE,No,0.35
TXN001131,9309,PAY,user007@okbank,2026,4,07/04/26,12:49:00,MER0180,IN_APP,12.8733589209,77.6995702171,No,NONE,No,0.4
TXN002345,27531,PAY,user003@okbank,2026,1,04/01/26,3:42:00,MER0162,MOBILE,12.9144374501,77.5178481174,No,NONE,No,0.31
TXN001081,25403,PAY,user002@okbank,2026,5,20/05/26,18:27:00,MER0086,INTENT,12.9864377805,77.6226115691,No,NONE,No,0.4
TXN003839,17337,PAY,user035@okbank,2026,3,12/03/26,3:49:00,MER0007,MANDATE,12.9687575392,77.6236094583,No,NONE,No,0.3
TXN004954,100,PAY,user048@okbank,2026,5,09/05/26,23:58:00,MER0104,MOBILE,13.0237013993,77.5597808231,No,NONE,No,0.2
TXN004773,17848,PAY,user002@okbank,2026,1,14/01/26,14:57:00,MER0035,MANDATE,13.0203917621,77.5850166911,No,NONE,No,0.27
TXN002591,18070,PAY,user024@okbank,2026,4,02/04/26,1:40:00,MER0029,VPA,12.9040018759,77.6460858793,No,NONE,No,0.36
TXN003645,19327,PAY,user028@okbank,2026,6,08/06/26,16:38:00,MER0096,COLLECT,12.9346704624,77.5459167736,No,NONE,No,0.51
TXN002322,19571,PAY,user024@okbank,2026,6,10/06/26,20:27:00,MER0140,COLLECT,13.0042435308,77.6750074798,No,NONE,No,0.29
TXN003707,17313,PAY,user042@okbank,2026,4,01/04/26,17:19:00,MER0031,MOBILE,12.9983329754,77.593570754,No,NONE,No,0.26
TXN003404,2110,PAY,user043@okbank,2026,1,03/01/26,21:32:00,MER0144,VPA,13.0670429869,77.5938824732,No,NONE,No,0.39
TXN001572,26816,PAY,user009@okbank,2026,2,14/02/26,19:08:00,MER0087,INTENT,12.9501897323,77.6156485908,No,NONE,No,0.37
TXN004508,20126,PAY,user022@okbank,2026,2,02/02/26,4:51:00,MER0105,ACCOUNT_IFSC,12.9860748859,77.6439386762,No,NONE,No,0.18
TXN004794,11894,PAY,user012@okbank,2026,6,20/06/26,19:04:00,MER0087,ACCOUNT_IFSC,12.93972077,77.6186540398,No,NONE,No,0.18
TXN003278,30487,PAY,user035@okbank,2026,6,17/06/26,20:59:00,MER0048,VPA,13.0240799079,77.6184397219,No,NONE,No,0.42
TXN004352,2241,PAY,user016@okbank,2026,6,22/06/26,5:28:00,MER0134,IN_APP,12.9728074807,77.5685816281,No,NONE,No,0.13
TXN000846,8581,PAY,user049@okbank,2026,6,12/06/26,12:26:00,MER0110,IN_APP,12.9922896483,77.5585661221,No,NONE,No,0.44
TXN001912,16840,PAY,user014@okbank,2026,1,08/01/26,16:01:00,MER0042,MANDATE,12.9745398498,77.5739894272,No,NONE,No,0.33
TXN001818,20915,PAY,user012@okbank,2026,2,26/02/26,21:50:00,MER0104,COLLECT,12.9636693293,77.5325877909,No,NONE,No,0.33
TXN000807,9360,PAY,user024@okbank,2026,5,26/05/26,23:02:00,MER0101,MANDATE,13.040001177,77.5342726848,No,NONE,No,0.08
TXN001603,8234,PAY,user006@okbank,2026,3,06/03/26,6:52:00,MER0175,MANDATE,12.9349087169,77.556534726,No,NONE,No,0.32
TXN004685,15503,PAY,user027@okbank,2026,4,27/04/26,2:05:00,MER0108,MANDATE,12.9096913681,77.624430088,No,NONE,No,0.17
TXN000202,23895,PAY,user028@okbank,2026,4,23/04/26,14:07:00,MER0017,MOBILE,12.9725205955,77.5240351063,No,REMOTE_ACCESS_FRAUD,Yes,0.48
TXN003515,3468,PAY,user034@okbank,2026,3,09/03/26,22:11:00,MER0086,MANDATE,12.887082203,77.5075559605,No,NONE,No,0.29
TXN001738,11248,PAY,user009@okbank,2026,6,06/06/26,17:41:00,MER0066,QR,12.9568960469,77.6065041222,No,NONE,No,0.24
TXN001883,5711,PAY,user006@okbank,2026,5,17/05/26,16:38:00,MER0087,COLLECT,13.0133932993,77.5696777682,No,NONE,No,0.28
TXN004018,26075,PAY,user023@okbank,2026,5,02/05/26,10:06:00,MER0185,VPA,13.0100848536,77.5335348057,No,NONE,No,0.41
TXN000876,31125,PAY,user012@okbank,2026,2,01/02/26,14:28:00,MER0141,IN_APP,12.9565684748,77.7074770335,No,NONE,No,0.27
TXN004792,14062,PAY,user021@okbank,2026,1,02/01/26,9:53:00,MER0066,MANDATE,13.0168611591,77.5508613212,No,NONE,No,0.24
TXN002732,23736,PAY,user025@okbank,2026,3,15/03/26,22:33:00,MER0119,VPA,12.9826302607,77.6295945972,No,NONE,No,0.27
TXN002378,100,PAY,user024@okbank,2026,6,05/06/26,22:28:00,MER0142,INTENT,12.9758920617,77.5088375336,No,NONE,No,0.31
TXN000099,31561,PAY,user010@okbank,2026,4,06/04/26,22:40:00,MER0079,VPA,13.0165822467,77.6222321339,No,TEST_THEN_DRAIN,Yes,0.6
TXN004227,35124,PAY,user042@okbank,2026,3,08/03/26,1:24:00,MER0195,QR,12.9140482393,77.5524015948,No,NONE,No,0.36
TXN001284,23325,PAY,user013@okbank,2026,6,06/06/26,6:39:00,MER0183,MANDATE,12.8822738544,77.5599562278,No,NONE,No,0.22
TXN003142,17380,PAY,user015@okbank,2026,3,03/03/26,9:34:00,MER0184,MOBILE,12.9911303737,77.6331322586,No,NONE,No,0.08
TXN000094,18365,PAY,user005@okbank,2026,5,02/05/26,12:02:00,MER0120,COLLECT,13.0123111179,77.5348413129,No,REMOTE_ACCESS_FRAUD,Yes,0.72
TXN000186,69857,PAY,user013@okbank,2026,5,09/05/26,15:57:00,MER0042,MOBILE,12.9956681788,77.5418252397,No,NONE,Yes,0.65
TXN004671,13217,PAY,user022@okbank,2026,3,05/03/26,1:16:00,MER0108,IN_APP,12.9355224654,77.5738767847,No,NONE,No,0.36
TXN002245,17349,PAY,user036@okbank,2026,3,12/03/26,7:00:00,MER0054,IN_APP,12.9979847753,77.5687332395,No,NONE,No,0.2
TXN002913,25524,PAY,user018@okbank,2026,3,08/03/26,5:01:00,MER0140,QR,12.9801008926,77.6120017711,No,NONE,No,0.15
TXN001032,7697,PAY,user033@okbank,2026,5,04/05/26,11:54:00,MER0185,MANDATE,12.938807338,77.5656241519,No,NONE,No,0.33
TXN004731,6935,PAY,user033@okbank,2026,1,02/01/26,1:11:00,MER0120,MANDATE,12.9180449951,77.5931979784,No,NONE,No,0.3
TXN003945,12221,PAY,user011@okbank,2026,1,01/01/26,3:21:00,MER0002,MOBILE,12.9626271684,77.5931901896,No,NONE,No,0.27
TXN001046,13641,PAY,user050@okbank,2026,1,10/01/26,21:21:00,MER0108,VPA,12.9029022903,77.5115542469,No,NONE,No,0.26
TXN000601,20942,PAY,user041@okbank,2026,5,23/05/26,16:10:00,MER0032,IN_APP,13.0606166063,77.6257246111,No,NONE,No,0.39
TXN002053,11641,PAY,user003@okbank,2026,6,28/06/26,0:14:00,MER0103,MOBILE,13.0162912928,77.5187569229,No,NONE,No,0.15
TXN001141,16550,PAY,user010@okbank,2026,3,05/03/26,11:23:00,MER0038,MOBILE,13.0194381598,77.6493325141,No,NONE,No,0.32
TXN000813,14959,PAY,user044@okbank,2026,6,09/06/26,10:32:00,MER0198,IN_APP,12.990482638,77.535454823,No,NONE,No,0.02
TXN004724,20152,PAY,user017@okbank,2026,3,22/03/26,2:18:00,MER0011,COLLECT,12.9415866069,77.6953706037,No,NONE,No,0.44
TXN000514,100,PAY,user032@okbank,2026,5,11/05/26,19:31:00,MER0095,INTENT,12.9209085019,77.587145678,No,NONE,No,0.22
TXN001468,100,PAY,user024@okbank,2026,1,15/01/26,22:26:00,MER0009,MOBILE,12.9460489048,77.646266436,No,NONE,No,0.21
TXN002789,36840,PAY,user006@okbank,2026,1,19/01/26,2:06:00,MER0075,MOBILE,12.9638646455,77.5795674693,No,NONE,No,0.2
TXN004668,33037,PAY,user029@okbank,2026,1,17/01/26,1:29:00,MER0084,QR,12.8965863982,77.5232573197,No,NONE,No,0.28
TXN000973,13433,PAY,user019@okbank,2026,3,01/03/26,17:39:00,MER0082,ACCOUNT_IFSC,12.8754222729,77.5438943581,No,NONE,No,0.28
TXN000111,33703,PAY,user007@okbank,2026,4,04/04/26,3:55:00,MER0185,COLLECT,13.0349596137,77.549982435,No,COLLECT_REQUEST_FRAUD,Yes,0.64
TXN001714,24681,PAY,user050@okbank,2026,6,04/06/26,21:02:00,MER0184,QR,13.044713463,77.5565159066,No,NONE,No,0.13
TXN000638,100,PAY,user041@okbank,2026,2,22/02/26,23:18:00,MER0082,MANDATE,12.9252957524,77.6017838211,No,NONE,No,0.16
TXN000084,64341,PAY,user029@okbank,2026,3,07/03/26,21:14:00,MER0087,COLLECT,12.9465874191,77.6156208365,No,REMOTE_ACCESS_FRAUD,Yes,0.61
TXN000356,20482,PAY,user029@okbank,2026,5,23/05/26,18:11:00,MER0073,INTENT,12.9257602816,77.5919127676,No,NONE,No,0.18
TXN004485,13634,PAY,user040@okbank,2026,1,14/01/26,15:40:00,MER0047,VPA,12.963400425,77.5180334154,No,NONE,No,0.05
TXN002855,16459,PAY,user012@okbank,2026,2,28/02/26,16:00:00,MER0076,MANDATE,13.0133768676,77.6060309068,No,NONE,No,0.22
TXN002866,188,PAY,user042@okbank,2026,2,25/02/26,7:26:00,MER0006,COLLECT,12.9308580723,77.5339950822,No,NONE,No,0.14
TXN004718,100,PAY,user002@okbank,2026,5,12/05/26,8:21:00,MER0199,MOBILE,12.9166941366,77.6251698648,No,NONE,No,0.24
TXN001484,13262,PAY,user049@okbank,2026,6,07/06/26,21:53:00,MER0081,VPA,13.0187024412,77.5402600582,No,NONE,No,0.34
TXN004808,20836,PAY,user019@okbank,2026,6,23/06/26,5:19:00,MER0189,VPA,12.9772810047,77.5536624667,No,NONE,No,0.18
TXN001491,17085,PAY,user011@okbank,2026,2,06/02/26,6:13:00,MER0103,INTENT,12.9795146227,77.5365646803,No,NONE,No,0.2
TXN000711,22109,PAY,user020@okbank,2026,1,16/01/26,13:20:00,MER0154,IN_APP,12.9597492337,77.5903296006,No,NONE,No,0.17
TXN004985,9550,PAY,user008@okbank,2026,3,28/03/26,18:21:00,MER0043,VPA,12.9780764354,77.6102738212,No,NONE,No,0.42
TXN004484,22994,PAY,user041@okbank,2026,6,16/06/26,23:04:00,MER0083,MOBILE,12.9803349492,77.599357314,No,NONE,No,0.2
TXN002531,13776,PAY,user031@okbank,2026,5,02/05/26,1:28:00,MER0010,VPA,12.9680600772,77.538282195,No,NONE,No,0.5
TXN002292,5657,PAY,user040@okbank,2026,6,08/06/26,7:00:00,MER0017,VPA,13.0792547394,77.6185795363,No,NONE,No,0.02
TXN003484,18534,PAY,user035@okbank,2026,3,13/03/26,9:41:00,MER0111,ACCOUNT_IFSC,12.9764803886,77.5123695355,No,NONE,No,0.13
TXN003520,20586,PAY,user012@okbank,2026,2,13/02/26,1:00:00,MER0179,MANDATE,12.9432262127,77.5705443053,No,NONE,No,0.3
TXN002869,15635,PAY,user025@okbank,2026,6,12/06/26,5:37:00,MER0136,IN_APP,13.0054382101,77.5898684341,No,NONE,No,0.28
TXN002593,11646,PAY,user005@okbank,2026,1,11/01/26,14:08:00,MER0109,MOBILE,12.8787602811,77.605492625,No,NONE,No,0.11
TXN004938,10945,PAY,user016@okbank,2026,4,24/04/26,8:02:00,MER0098,MOBILE,12.9997410752,77.6180209658,No,NONE,No,0.02
TXN001164,29919,PAY,user033@okbank,2026,2,05/02/26,18:07:00,MER0145,MANDATE,13.0349829289,77.6286726265,No,NONE,No,0.35
TXN000138,83530,PAY,user034@okbank,2026,5,10/05/26,2:53:00,MER0101,INTENT,13.0296213331,77.5261199724,No,QR_DECEPTION,Yes,0.5
TXN004011,100,PAY,user037@okbank,2026,5,13/05/26,5:39:00,MER0162,MANDATE,12.9049667588,77.6635480486,No,NONE,No,0.27
TXN002256,100,PAY,user048@okbank,2026,3,09/03/26,19:21:00,MER0103,MOBILE,12.9668001433,77.5473595916,No,NONE,No,0.25
TXN004056,4587,PAY,user043@okbank,2026,2,06/02/26,9:03:00,MER0140,IN_APP,12.9249727373,77.5803757358,No,NONE,No,0.02
TXN003254,20990,PAY,user039@okbank,2026,1,20/01/26,19:59:00,MER0081,MOBILE,12.9832327084,77.6146643391,No,NONE,No,0.11
TXN002420,19093,PAY,user002@okbank,2026,5,04/05/26,0:49:00,MER0058,ACCOUNT_IFSC,12.9321976167,77.5798124772,No,NONE,No,0.16
TXN004250,25128,PAY,user004@okbank,2026,5,12/05/26,18:55:00,MER0171,VPA,12.9655816539,77.5606702901,No,NONE,No,0.02
TXN003578,2605,PAY,user008@okbank,2026,1,08/01/26,0:25:00,MER0165,QR,12.9229277467,77.6400905839,No,NONE,No,0.2
TXN004357,34489,PAY,user006@okbank,2026,3,25/03/26,0:13:00,MER0019,COLLECT,12.9556063108,77.5792419333,No,NONE,No,0.06
TXN001001,100,PAY,user028@okbank,2026,1,08/01/26,3:03:00,MER0062,COLLECT,13.0127456384,77.5715483292,No,NONE,No,0.37
TXN000424,15749,PAY,user043@okbank,2026,3,03/03/26,1:06:00,MER0036,IN_APP,13.0218884271,77.6388114287,No,NONE,No,0.28
TXN004363,4034,PAY,user045@okbank,2026,2,27/02/26,7:40:00,MER0111,VPA,12.947895752,77.5410851966,No,NONE,No,0.2
TXN001533,100,PAY,user032@okbank,2026,4,04/04/26,4:27:00,MER0172,COLLECT,13.0090042523,77.5899412099,No,NONE,No,0.42
TXN001101,24242,PAY,user027@okbank,2026,6,17/06/26,4:06:00,MER0067,VPA,12.9639564003,77.4668918104,No,NONE,No,0.17
TXN002193,11170,PAY,user027@okbank,2026,3,12/03/26,11:45:00,MER0062,COLLECT,12.9846134791,77.5449824404,No,NONE,No,0.21
TXN002126,33028,PAY,user029@okbank,2026,4,05/04/26,14:58:00,MER0083,ACCOUNT_IFSC,13.0112634937,77.5789835854,No,NONE,No,0.28
TXN003643,13264,PAY,user044@okbank,2026,4,14/04/26,20:59:00,MER0183,MOBILE,12.8906438827,77.7083512477,No,NONE,No,0.18
TXN000787,9467,PAY,user026@okbank,2026,5,05/05/26,18:25:00,MER0090,MANDATE,12.9265440364,77.5962922163,No,NONE,No,0.1
TXN003548,12036,PAY,user036@okbank,2026,1,17/01/26,5:12:00,MER0104,COLLECT,13.0099852533,77.5345469807,No,NONE,No,0.37
TXN002115,14948,PAY,user006@okbank,2026,3,06/03/26,19:54:00,MER0028,MANDATE,13.0290670888,77.5353833874,No,NONE,No,0.4
TXN001220,15081,PAY,user026@okbank,2026,4,07/04/26,22:22:00,MER0063,IN_APP,13.0477453372,77.5840166372,No,NONE,No,0.3
TXN000595,100,PAY,user039@okbank,2026,5,05/05/26,19:10:00,MER0078,INTENT,12.9167439259,77.6094035205,No,NONE,No,0.07
TXN001875,16334,PAY,user027@okbank,2026,4,18/04/26,17:27:00,MER0133,QR,13.0237226528,77.6618074646,No,NONE,No,0.43
TXN001138,7635,PAY,user006@okbank,2026,3,25/03/26,3:33:00,MER0149,IN_APP,12.9705791839,77.6018256884,No,NONE,No,0.3
TXN004265,6289,PAY,user024@okbank,2026,6,20/06/26,20:30:00,MER0126,INTENT,13.0006435146,77.5541831615,No,NONE,No,0.26
TXN003887,3536,PAY,user014@okbank,2026,2,13/02/26,21:27:00,MER0122,MANDATE,12.9438867719,77.5594418011,No,NONE,No,0.38
TXN002037,3307,PAY,user025@okbank,2026,3,23/03/26,17:47:00,MER0053,MANDATE,12.8927886231,77.5730140864,No,NONE,No,0.03
TXN004299,7347,PAY,user001@okbank,2026,2,07/02/26,11:49:00,MER0014,IN_APP,12.9783041671,77.5666921256,No,NONE,No,0.3
TXN001861,20760,PAY,user012@okbank,2026,5,05/05/26,23:39:00,MER0185,INTENT,12.8921657411,77.5819909319,No,NONE,No,0.39
TXN002424,1426,PAY,user045@okbank,2026,5,19/05/26,0:19:00,MER0061,MANDATE,13.0039208532,77.5481080963,No,NONE,No,0.35
TXN002384,100,PAY,user009@okbank,2026,1,27/01/26,4:55:00,MER0046,IN_APP,12.9553613519,77.5944278411,No,NONE,No,0.02
TXN003518,25110,PAY,user001@okbank,2026,6,17/06/26,20:38:00,MER0150,QR,12.9271790551,77.6449195561,No,NONE,No,0.31
TXN000871,24592,PAY,user005@okbank,2026,4,07/04/26,4:03:00,MER0055,IN_APP,13.0317983679,77.6496030428,No,NONE,No,0.31
TXN002613,29959,PAY,user016@okbank,2026,6,10/06/26,20:27:00,MER0049,ACCOUNT_IFSC,12.944795453,77.6488083136,No,NONE,No,0.31
TXN001595,19765,PAY,user040@okbank,2026,6,18/06/26,2:16:00,MER0167,MANDATE,13.0440456213,77.6062960948,No,NONE,No,0.51
TXN003972,19816,PAY,user021@okbank,2026,6,05/06/26,18:52:00,MER0171,VPA,12.9995523551,77.5125941758,No,NONE,No,0.25
TXN004167,23842,PAY,user019@okbank,2026,4,02/04/26,5:05:00,MER0116,MANDATE,12.9844452549,77.6020203829,No,NONE,No,0.35
TXN001902,15573,PAY,user013@okbank,2026,1,16/01/26,7:34:00,MER0020,ACCOUNT_IFSC,13.0262445571,77.5404918887,No,NONE,No,0.33
TXN003042,5720,PAY,user009@okbank,2026,6,26/06/26,11:52:00,MER0007,INTENT,12.9679636837,77.5624335111,No,NONE,No,0.28
TXN000330,36758,PAY,user020@okbank,2026,1,13/01/26,2:17:00,MER0040,IN_APP,12.9690293265,77.6308147236,No,NONE,No,0.43
TXN004932,25351,PAY,user004@okbank,2026,3,10/03/26,22:28:00,MER0063,MANDATE,12.9876322668,77.5569039535,No,NONE,No,0.39
TXN004721,100,PAY,user045@okbank,2026,1,03/01/26,23:47:00,MER0122,MANDATE,12.9449771707,77.6898568823,No,NONE,No,0.64
TXN000576,6628,PAY,user001@okbank,2026,6,21/06/26,18:44:00,MER0045,COLLECT,12.925696174,77.6182149957,No,NONE,No,0.14
TXN001323,11614,PAY,user049@okbank,2026,3,01/03/26,2:42:00,MER0124,MOBILE,12.9774737601,77.7021444358,No,NONE,No,0.35
TXN000264,26744,PAY,user048@okbank,2026,6,22/06/26,6:00:00,MER0102,QR,12.9937928079,77.6121280042,No,NONE,No,0.34
TXN003435,5936,PAY,user027@okbank,2026,6,16/06/26,9:57:00,MER0028,MOBILE,12.9633426532,77.5803388281,No,NONE,No,0.24
TXN002352,7469,PAY,user045@okbank,2026,2,09/02/26,12:56:00,MER0193,MANDATE,13.0483171604,77.4983275456,No,NONE,No,0.39
TXN001293,2655,PAY,user014@okbank,2026,5,14/05/26,15:00:00,MER0035,ACCOUNT_IFSC,12.957766403,77.6713976308,No,NONE,No,0.02
TXN000351,31191,PAY,user038@okbank,2026,3,25/03/26,3:25:00,MER0116,COLLECT,13.0065078532,77.6663077267,No,NONE,No,0.11
TXN002481,28286,PAY,user027@okbank,2026,1,19/01/26,22:05:00,MER0141,MANDATE,12.9992817319,77.6428811633,No,NONE,No,0.14
TXN000100,80558,PAY,user018@okbank,2026,2,17/02/26,21:35:00,MER0095,IN_APP,12.9844143074,77.5535224495,No,TEST_THEN_DRAIN,Yes,0.78
TXN002705,35315,PAY,user033@okbank,2026,5,18/05/26,16:07:00,MER0198,MOBILE,13.0271919534,77.5762264709,No,NONE,No,0.36
TXN000444,13337,PAY,user039@okbank,2026,1,18/01/26,9:58:00,MER0052,ACCOUNT_IFSC,12.9874132314,77.5550976855,No,NONE,No,0.3
TXN004774,14006,PAY,user043@okbank,2026,4,14/04/26,5:43:00,MER0102,MANDATE,13.0149357718,77.5818567728,No,NONE,No,0.49
TXN004001,983,PAY,user043@okbank,2026,6,13/06/26,22:40:00,MER0016,MOBILE,12.878495381,77.5906654262,No,NONE,No,0.24
TXN002174,16349,PAY,user002@okbank,2026,4,20/04/26,1:27:00,MER0159,MOBILE,12.9640853821,77.4507665584,No,NONE,No,0.21
TXN004416,13360,PAY,user029@okbank,2026,5,19/05/26,2:29:00,MER0018,IN_APP,13.0053583486,77.6476543218,No,NONE,No,0.15
TXN001371,19807,PAY,user026@okbank,2026,3,03/03/26,12:20:00,MER0120,COLLECT,12.9582822532,77.5640799041,No,NONE,No,0.42
TXN000481,20001,PAY,user040@okbank,2026,1,15/01/26,5:55:00,MER0026,QR,12.8175453056,77.6456247343,No,NONE,No,0.41
TXN002560,11386,PAY,user030@okbank,2026,5,04/05/26,5:28:00,MER0192,ACCOUNT_IFSC,12.9674512426,77.5643108841,No,NONE,No,0.14
TXN001162,15731,PAY,user037@okbank,2026,1,27/01/26,2:40:00,MER0074,ACCOUNT_IFSC,12.9667467882,77.593112019,No,NONE,No,0.38
TXN004451,13851,PAY,user002@okbank,2026,4,17/04/26,9:55:00,MER0186,MOBILE,12.9484354314,77.6184948068,No,NONE,No,0.32
TXN003497,10474,PAY,user023@okbank,2026,1,10/01/26,12:50:00,MER0054,ACCOUNT_IFSC,12.9518262549,77.662063665,No,NONE,No,0.15
TXN003326,8922,PAY,user046@okbank,2026,5,22/05/26,3:54:00,MER0020,MOBILE,12.8946166629,77.6570766718,No,NONE,No,0.33
TXN002314,13754,PAY,user004@okbank,2026,1,26/01/26,17:27:00,MER0155,MOBILE,13.0586938753,77.5753719301,No,NONE,No,0.17
TXN001598,6625,PAY,user016@okbank,2026,1,03/01/26,21:20:00,MER0011,VPA,12.9717023989,77.6711299677,No,NONE,No,0.41
TXN000195,72641,PAY,user041@okbank,2026,4,24/04/26,15:54:00,MER0087,COLLECT,12.9882944882,77.7153696052,No,MANDATE_FRAUD,Yes,0.62
TXN004507,11653,PAY,user032@okbank,2026,1,17/01/26,16:10:00,MER0102,IN_APP,12.962007165,77.619538281,No,NONE,No,0.32
TXN001017,34307,PAY,user022@okbank,2026,5,15/05/26,14:00:00,MER0089,MANDATE,12.9199526085,77.4695551649,No,NONE,No,0.36
TXN002930,15092,PAY,user020@okbank,2026,2,26/02/26,23:05:00,MER0136,QR,12.9531977831,77.6334766906,No,NONE,No,0.38
TXN000204,69838,PAY,user023@okbank,2026,4,16/04/26,9:01:00,MER0088,MOBILE,12.9145419056,77.5727441572,No,MULE_ACCOUNT,Yes,0.92
TXN000033,54967,PAY,user031@okbank,2026,5,18/05/26,17:16:00,MER0089,ACCOUNT_IFSC,12.9606834563,77.6036592629,No,NONE,Yes,0.62
TXN001243,11362,PAY,user017@okbank,2026,5,24/05/26,17:20:00,MER0196,INTENT,12.9549367057,77.565789992,No,NONE,No,0.18
TXN003622,34938,PAY,user035@okbank,2026,4,15/04/26,10:48:00,MER0096,COLLECT,13.014995933,77.5216524611,No,NONE,No,0.2
TXN004483,25992,PAY,user011@okbank,2026,5,26/05/26,17:13:00,MER0122,INTENT,13.1110212792,77.6305168731,No,NONE,No,0.27
TXN004194,100,PAY,user023@okbank,2026,1,22/01/26,9:50:00,MER0036,MOBILE,12.9983303112,77.5657094299,No,NONE,No,0.16
TXN000944,15061,PAY,user015@okbank,2026,1,12/01/26,21:06:00,MER0183,INTENT,12.9236681453,77.6286706801,No,NONE,No,0.25
TXN001366,2951,PAY,user010@okbank,2026,4,19/04/26,23:05:00,MER0054,VPA,13.0318790299,77.5359573002,No,NONE,No,0.32
TXN003881,253,PAY,user036@okbank,2026,5,14/05/26,16:57:00,MER0141,IN_APP,13.0508869277,77.5832612874,No,NONE,No,0.36
TXN001600,14807,PAY,user001@okbank,2026,5,02/05/26,12:54:00,MER0094,INTENT,12.9718914154,77.6305856848,No,NONE,No,0.32
TXN003239,11223,PAY,user028@okbank,2026,3,20/03/26,21:39:00,MER0045,QR,12.9441982147,77.6124618296,No,NONE,No,0.07
TXN001301,14606,PAY,user013@okbank,2026,3,07/03/26,6:52:00,MER0022,INTENT,12.8562404707,77.6214687624,No,NONE,No,0.13
TXN004976,22002,PAY,user040@okbank,2026,4,02/04/26,11:14:00,MER0146,IN_APP,13.0081375182,77.6002359663,No,NONE,No,0.34
TXN004667,17167,PAY,user041@okbank,2026,4,28/04/26,0:54:00,MER0027,MOBILE,12.9877637871,77.6062935706,No,NONE,No,0.35
TXN001770,13240,PAY,user027@okbank,2026,2,10/02/26,17:16:00,MER0094,IN_APP,12.9650085862,77.6292295425,No,NONE,No,0.15
TXN002246,18513,PAY,user047@okbank,2026,1,18/01/26,23:03:00,MER0019,MOBILE,12.9135560653,77.6132694036,No,NONE,No,0.18
TXN002041,16161,PAY,user014@okbank,2026,5,20/05/26,0:52:00,MER0168,VPA,12.9117096368,77.6706089469,No,NONE,No,0.23
TXN000182,33459,PAY,user043@okbank,2026,5,18/05/26,17:40:00,MER0015,MANDATE,13.0411135069,77.5486834467,No,FAKE_CUSTOMER_CARE,Yes,0.66
TXN003895,1157,PAY,user020@okbank,2026,3,21/03/26,11:15:00,MER0103,ACCOUNT_IFSC,13.1013160668,77.5326735452,No,NONE,No,0.25
TXN001619,26707,PAY,user031@okbank,2026,3,18/03/26,2:51:00,MER0040,MANDATE,12.9841470678,77.6107061757,No,NONE,No,0.34
TXN000659,26017,PAY,user006@okbank,2026,2,06/02/26,12:07:00,MER0043,ACCOUNT_IFSC,12.9784672724,77.4998617056,No,NONE,No,0.48
TXN001051,28010,PAY,user045@okbank,2026,5,13/05/26,1:56:00,MER0191,ACCOUNT_IFSC,13.0401034401,77.7003575396,No,NONE,No,0.35
TXN001802,403,PAY,user024@okbank,2026,1,22/01/26,8:57:00,MER0151,MOBILE,12.9427494516,77.5109634205,No,NONE,No,0.32
TXN002753,18017,PAY,user022@okbank,2026,1,14/01/26,2:21:00,MER0031,IN_APP,13.0204290814,77.6606012772,No,NONE,No,0.58
TXN004242,12321,PAY,user045@okbank,2026,3,22/03/26,11:18:00,MER0192,VPA,12.9159016283,77.7346334301,No,NONE,No,0.2
TXN001858,2686,PAY,user033@okbank,2026,2,11/02/26,17:06:00,MER0159,VPA,13.0147901258,77.6272701588,No,NONE,No,0.3
TXN001018,20443,PAY,user014@okbank,2026,4,11/04/26,1:22:00,MER0004,COLLECT,12.9944639577,77.5157464109,No,NONE,No,0.29
TXN004788,3401,PAY,user047@okbank,2026,3,03/03/26,14:52:00,MER0170,VPA,13.0188777405,77.5857969058,No,NONE,No,0.2
TXN003474,1096,PAY,user032@okbank,2026,3,16/03/26,9:18:00,MER0012,IN_APP,13.0955405355,77.6258276091,No,NONE,No,0.34
TXN000510,4354,PAY,user029@okbank,2026,4,22/04/26,11:50:00,MER0066,IN_APP,13.0337904999,77.5478489578,No,NONE,No,0.28
TXN001672,7727,PAY,user009@okbank,2026,5,04/05/26,17:21:00,MER0158,ACCOUNT_IFSC,12.9236437251,77.5978877376,No,NONE,No,0.48
TXN004148,27913,PAY,user014@okbank,2026,2,10/02/26,16:06:00,MER0173,IN_APP,13.026998492,77.6093627845,No,NONE,No,0.39
TXN002006,100,PAY,user024@okbank,2026,3,19/03/26,1:59:00,MER0008,MANDATE,13.0247694087,77.5728590402,No,NONE,No,0.4
TXN004415,18401,PAY,user029@okbank,2026,3,05/03/26,21:58:00,MER0181,MANDATE,12.9318371623,77.5600224346,No,NONE,No,0.19
TXN002199,15942,PAY,user029@okbank,2026,6,15/06/26,5:22:00,MER0111,COLLECT,12.9657056407,77.5879079744,No,NONE,No,0.26
TXN004547,26114,PAY,user047@okbank,2026,2,26/02/26,9:10:00,MER0021,MOBILE,12.9389890023,77.6796940348,No,NONE,No,0.26
TXN003250,12441,PAY,user011@okbank,2026,1,03/01/26,22:38:00,MER0018,IN_APP,13.0554299226,77.5396480428,No,NONE,No,0.14
TXN003797,11714,PAY,user036@okbank,2026,3,21/03/26,10:42:00,MER0169,MOBILE,12.9577346349,77.6705828838,No,NONE,No,0.3
TXN000943,19954,PAY,user031@okbank,2026,6,05/06/26,0:14:00,MER0056,COLLECT,13.0414325045,77.6439000526,No,NONE,No,0.17
TXN002031,16174,PAY,user033@okbank,2026,1,17/01/26,3:31:00,MER0142,MANDATE,12.9705915049,77.6805697019,No,NONE,No,0.45
TXN003897,16351,PAY,user028@okbank,2026,5,25/05/26,16:23:00,MER0188,INTENT,13.0144469667,77.6425363306,No,NONE,No,0.18
TXN004338,100,PAY,user045@okbank,2026,2,14/02/26,10:52:00,MER0138,MOBILE,12.942086411,77.539710438,No,NONE,No,0.05
TXN001317,39721,PAY,user032@okbank,2026,2,06/02/26,0:22:00,MER0057,MANDATE,12.8662516455,77.683032802,No,NONE,No,0.34
TXN003263,100,PAY,user009@okbank,2026,6,26/06/26,3:31:00,MER0151,INTENT,12.9971161094,77.617767606,No,NONE,No,0.32
TXN003241,19920,PAY,user048@okbank,2026,6,07/06/26,2:18:00,MER0109,VPA,13.0191748987,77.5880535139,No,NONE,No,0.43
TXN000477,22862,PAY,user018@okbank,2026,1,19/01/26,6:11:00,MER0069,QR,12.9272021785,77.5399586323,No,NONE,No,0.1
TXN002846,11202,PAY,user018@okbank,2026,3,26/03/26,20:49:00,MER0087,ACCOUNT_IFSC,12.9473628539,77.5542002606,No,NONE,No,0.16
TXN004398,9110,PAY,user005@okbank,2026,6,07/06/26,19:09:00,MER0021,MANDATE,12.9647466549,77.5801304031,No,NONE,No,0.21
TXN004048,4393,PAY,user049@okbank,2026,6,16/06/26,20:53:00,MER0141,MANDATE,12.9533110025,77.6326059996,No,NONE,No,0.29
TXN002169,17666,PAY,user035@okbank,2026,2,10/02/26,22:45:00,MER0091,COLLECT,12.9682391225,77.5466416792,No,NONE,No,0.25
TXN004924,14496,PAY,user017@okbank,2026,4,09/04/26,5:56:00,MER0049,ACCOUNT_IFSC,13.0168979705,77.6236095967,No,NONE,No,0.19
TXN003248,10818,PAY,user001@okbank,2026,6,02/06/26,2:14:00,MER0037,ACCOUNT_IFSC,12.9630829381,77.6252361639,No,NONE,No,0.34
TXN004235,17607,PAY,user031@okbank,2026,1,25/01/26,22:33:00,MER0127,QR,12.9808298239,77.6187527241,No,NONE,No,0.11
TXN002108,21791,PAY,user010@okbank,2026,6,06/06/26,19:06:00,MER0128,COLLECT,12.9646734464,77.5176739971,No,NONE,No,0.13
TXN004577,4621,PAY,user009@okbank,2026,1,18/01/26,16:31:00,MER0120,MANDATE,12.8974087716,77.5842904601,No,NONE,No,0.17
TXN004689,11273,PAY,user009@okbank,2026,3,03/03/26,8:39:00,MER0071,COLLECT,12.9934912214,77.5297547457,No,NONE,No,0.61
TXN001038,21871,PAY,user020@okbank,2026,2,02/02/26,17:22:00,MER0065,QR,12.9590031621,77.5666327894,No,NONE,No,0.4
TXN003337,8036,PAY,user013@okbank,2026,3,07/03/26,22:24:00,MER0070,QR,13.0015868976,77.5795355596,No,NONE,No,0.47
TXN004442,7943,PAY,user032@okbank,2026,2,21/02/26,2:42:00,MER0154,QR,12.9468404523,77.605314089,No,NONE,No,0.3
TXN000213,8000,PAY,user002@okbank,2026,2,09/02/26,7:24:00,MER0199,COLLECT,13.0588750032,77.6369083517,Yes,FAKE_CUSTOMER_CARE,Yes,0.55
TXN001045,13579,PAY,user042@okbank,2026,6,12/06/26,3:33:00,MER0099,ACCOUNT_IFSC,12.9368992538,77.5384180936,No,NONE,No,0.25
TXN001227,18225,PAY,user024@okbank,2026,4,12/04/26,20:58:00,MER0113,IN_APP,13.0049653539,77.5942443191,No,NONE,No,0.27
TXN004886,21985,PAY,user033@okbank,2026,4,09/04/26,11:20:00,MER0053,INTENT,12.9031908854,77.6166664225,No,NONE,No,0.16
TXN002765,8250,PAY,user024@okbank,2026,4,16/04/26,16:08:00,MER0129,QR,13.0226133088,77.5401307779,No,NONE,No,0.27
TXN002371,32485,PAY,user025@okbank,2026,6,21/06/26,11:38:00,MER0183,INTENT,12.9162843049,77.5484450898,No,NONE,No,0.31
TXN000388,25015,PAY,user036@okbank,2026,4,11/04/26,10:42:00,MER0136,IN_APP,12.9515594088,77.6183538947,No,NONE,No,0.23
TXN000026,65508,PAY,user038@okbank,2026,6,26/06/26,12:43:00,MER0028,VPA,13.0149508307,77.5832283686,No,FAKE_CUSTOMER_CARE,Yes,0.68
TXN004664,13453,PAY,user039@okbank,2026,5,22/05/26,16:13:00,MER0017,INTENT,12.9781326411,77.5733002432,No,NONE,No,0.18
TXN001497,13992,PAY,user042@okbank,2026,1,14/01/26,9:16:00,MER0169,ACCOUNT_IFSC,13.1058843217,77.6258681031,No,NONE,No,0.06
TXN003986,27635,PAY,user009@okbank,2026,3,09/03/26,13:11:00,MER0119,MOBILE,13.0063558325,77.6368660227,No,NONE,No,0.23
TXN001806,11184,PAY,user013@okbank,2026,6,07/06/26,22:02:00,MER0046,IN_APP,12.9085194888,77.6830641447,No,NONE,No,0.05
TXN001184,17826,PAY,user039@okbank,2026,3,02/03/26,5:38:00,MER0134,MOBILE,13.0144982953,77.5722329918,No,NONE,No,0.14
TXN003319,21730,PAY,user044@okbank,2026,3,01/03/26,5:40:00,MER0116,VPA,12.9022153573,77.5964226348,No,NONE,No,0.39
TXN001408,11568,PAY,user010@okbank,2026,6,05/06/26,19:43:00,MER0019,MANDATE,12.9572512232,77.5188996243,No,NONE,No,0.36
TXN002694,14412,PAY,user001@okbank,2026,3,17/03/26,2:52:00,MER0037,QR,12.9919275126,77.5844161702,No,NONE,No,0.22
TXN004975,22753,PAY,user012@okbank,2026,1,01/01/26,13:42:00,MER0200,COLLECT,12.9753442114,77.4968867883,No,NONE,No,0.45
TXN002987,11504,PAY,user042@okbank,2026,5,01/05/26,12:20:00,MER0009,INTENT,12.9705307639,77.6068845319,No,NONE,No,0.09
TXN001177,38392,PAY,user021@okbank,2026,5,02/05/26,10:49:00,MER0136,VPA,12.9543606198,77.5910622649,No,NONE,No,0.36
TXN001746,19221,PAY,user024@okbank,2026,5,14/05/26,5:18:00,MER0129,QR,12.9253079881,77.6050365977,No,NONE,No,0.04
TXN001155,11617,PAY,user015@okbank,2026,2,25/02/26,21:43:00,MER0109,IN_APP,13.0034990945,77.5485831454,No,NONE,No,0.49
TXN001903,21822,PAY,user010@okbank,2026,3,14/03/26,14:46:00,MER0149,QR,12.9325641538,77.5909554767,No,NONE,No,0.35
TXN002680,100,PAY,user026@okbank,2026,5,20/05/26,23:46:00,MER0045,QR,12.9278992765,77.6024909567,No,NONE,No,0.26
TXN000229,83625,PAY,user020@okbank,2026,4,25/04/26,15:50:00,MER0107,IN_APP,13.0158788421,77.5457861288,No,REMOTE_ACCESS_FRAUD,Yes,0.97
TXN000297,18464,PAY,user034@okbank,2026,5,26/05/26,23:04:00,MER0103,MANDATE,12.9241075366,77.6662957087,No,NONE,No,0.49
TXN003699,10275,PAY,user048@okbank,2026,5,10/05/26,6:39:00,MER0103,VPA,12.9141601095,77.6085662669,No,NONE,No,0.02
TXN004387,10625,PAY,user030@okbank,2026,5,08/05/26,2:55:00,MER0064,QR,12.917085732,77.583139098,No,NONE,No,0.48
TXN004435,11826,PAY,user029@okbank,2026,3,27/03/26,12:01:00,MER0172,INTENT,12.9161671034,77.5411467763,No,NONE,No,0.15
TXN003599,20887,PAY,user021@okbank,2026,3,11/03/26,9:22:00,MER0099,ACCOUNT_IFSC,12.9163766527,77.5932391539,No,NONE,No,0.31
TXN004567,18334,PAY,user037@okbank,2026,2,18/02/26,9:10:00,MER0154,MANDATE,12.9797286975,77.6441003421,No,NONE,No,0.29
TXN001523,16214,PAY,user006@okbank,2026,1,06/01/26,5:00:00,MER0134,MANDATE,13.0401340942,77.6276155992,No,NONE,No,0.16
TXN001340,100,PAY,user009@okbank,2026,2,10/02/26,13:06:00,MER0099,COLLECT,12.9394360483,77.6182048099,No,NONE,No,0.43
TXN000387,10561,PAY,user013@okbank,2026,6,03/06/26,11:59:00,MER0140,QR,13.0092440384,77.6200349467,No,NONE,No,0.53
TXN001692,21308,PAY,user011@okbank,2026,5,27/05/26,3:25:00,MER0152,QR,13.0130016934,77.5855261835,No,NONE,No,0.25
TXN000983,5992,PAY,user010@okbank,2026,1,16/01/26,18:21:00,MER0183,COLLECT,13.012040606,77.5590621151,No,NONE,No,0.14
TXN001609,6110,PAY,user013@okbank,2026,4,11/04/26,8:46:00,MER0128,COLLECT,12.9780315798,77.6321353736,No,NONE,No,0.09
TXN002390,556,PAY,user033@okbank,2026,5,27/05/26,9:55:00,MER0022,QR,13.0324619204,77.559249011,No,NONE,No,0.34
TXN003310,28807,PAY,user037@okbank,2026,2,28/02/26,16:31:00,MER0057,QR,12.9860662838,77.5782516329,No,NONE,No,0.23
TXN002670,16964,PAY,user015@okbank,2026,6,04/06/26,18:02:00,MER0010,MOBILE,12.944466371,77.5763594453,No,NONE,No,0.38
TXN001007,19396,PAY,user012@okbank,2026,1,17/01/26,6:13:00,MER0154,INTENT,12.9623596477,77.6764687413,No,NONE,No,0.24
TXN001485,22964,PAY,user032@okbank,2026,5,27/05/26,20:37:00,MER0104,COLLECT,12.9702955258,77.5917597818,No,NONE,No,0.22
TXN000906,31695,PAY,user015@okbank,2026,3,10/03/26,1:21:00,MER0041,ACCOUNT_IFSC,13.0503618383,77.6243711867,No,NONE,No,0.19
TXN000076,96579,PAY,user016@okbank,2026,1,19/01/26,1:12:00,MER0152,COLLECT,12.9529809073,77.6865786904,No,MANDATE_FRAUD,Yes,0.87
TXN003291,13192,PAY,user046@okbank,2026,6,05/06/26,20:54:00,MER0007,MANDATE,12.9876994888,77.5832798354,No,NONE,No,0.37
TXN003637,10552,PAY,user045@okbank,2026,2,24/02/26,23:02:00,MER0137,MANDATE,13.0423670625,77.4622419291,No,NONE,No,0.5
TXN003222,11185,PAY,user021@okbank,2026,2,08/02/26,5:13:00,MER0129,ACCOUNT_IFSC,12.9323115423,77.5971719402,No,NONE,No,0.02
TXN003987,11619,PAY,user036@okbank,2026,5,20/05/26,19:07:00,MER0147,QR,12.9942866659,77.565489683,No,NONE,No,0.38
TXN001122,23469,PAY,user027@okbank,2026,2,14/02/26,18:38:00,MER0133,MOBILE,13.0297547876,77.5229254786,No,NONE,No,0.47
TXN003099,23859,PAY,user043@okbank,2026,6,09/06/26,11:29:00,MER0049,MANDATE,12.9788909503,77.5463568221,No,NONE,No,0.18
TXN001899,21766,PAY,user042@okbank,2026,1,07/01/26,1:35:00,MER0065,MOBILE,12.9496203459,77.637546624,No,NONE,No,0.1
TXN001374,14472,PAY,user030@okbank,2026,6,28/06/26,8:07:00,MER0149,VPA,12.9023372794,77.6114099959,No,NONE,No,0.26
TXN004860,13357,PAY,user040@okbank,2026,1,05/01/26,8:38:00,MER0095,COLLECT,12.9208401119,77.5584266013,No,NONE,No,0.4
TXN004420,2561,PAY,user040@okbank,2026,6,23/06/26,5:33:00,MER0050,INTENT,12.9140314873,77.5702875647,No,NONE,No,0.38
TXN002236,17888,PAY,user050@okbank,2026,1,08/01/26,7:18:00,MER0165,INTENT,12.9973691065,77.6465791326,No,NONE,No,0.24
TXN003663,108,PAY,user014@okbank,2026,3,03/03/26,17:45:00,MER0195,INTENT,12.8894275182,77.6536738224,No,NONE,No,0.16
TXN002145,23907,PAY,user016@okbank,2026,4,17/04/26,0:38:00,MER0123,MANDATE,12.9572506108,77.5482425584,No,NONE,No,0.17
TXN002366,2985,PAY,user002@okbank,2026,1,02/01/26,7:33:00,MER0033,MOBILE,13.009575237,77.7187749457,No,NONE,No,0.19
TXN000346,18151,PAY,user006@okbank,2026,4,27/04/26,8:31:00,MER0022,MANDATE,12.9381218158,77.6207803469,No,NONE,No,0.43
TXN000458,5820,PAY,user032@okbank,2026,4,16/04/26,2:04:00,MER0069,IN_APP,12.9295224491,77.5197475678,No,NONE,No,0.16
TXN004238,29410,PAY,user016@okbank,2026,5,14/05/26,16:44:00,MER0124,COLLECT,12.9722957775,77.5184134188,No,NONE,No,0.45
TXN000316,19865,PAY,user013@okbank,2026,6,18/06/26,10:11:00,MER0081,COLLECT,13.0488599408,77.612418894,No,NONE,No,0.27
TXN003056,6578,PAY,user012@okbank,2026,5,12/05/26,7:58:00,MER0164,MANDATE,13.0128252606,77.5573236298,No,NONE,No,0.06
TXN003533,19739,PAY,user024@okbank,2026,5,12/05/26,23:56:00,MER0178,COLLECT,13.0067795378,77.575480391,No,NONE,No,0.36
TXN003072,1178,PAY,user020@okbank,2026,3,13/03/26,22:21:00,MER0145,INTENT,12.9611903671,77.6419367065,No,NONE,No,0.11
TXN001838,7990,PAY,user047@okbank,2026,4,19/04/26,6:43:00,MER0111,IN_APP,13.0413434043,77.6296903186,No,NONE,No,0.36
TXN004805,21307,PAY,user006@okbank,2026,1,10/01/26,16:44:00,MER0041,MOBILE,13.0041496548,77.5709530917,No,NONE,No,0.42
TXN003267,13425,PAY,user042@okbank,2026,6,26/06/26,13:40:00,MER0193,MOBILE,13.0136346481,77.6242172822,No,NONE,No,0.24
TXN003473,28734,PAY,user025@okbank,2026,4,19/04/26,14:46:00,MER0110,COLLECT,12.9759003667,77.5501337574,No,NONE,No,0.54
TXN001577,10017,PAY,user016@okbank,2026,2,04/02/26,7:20:00,MER0110,MOBILE,12.9792398602,77.5275810843,No,NONE,No,0.28
TXN002319,15964,PAY,user032@okbank,2026,6,07/06/26,0:51:00,MER0004,INTENT,12.9884394204,77.7525234619,No,NONE,No,0.21
TXN003890,100,PAY,user015@okbank,2026,1,13/01/26,18:45:00,MER0005,INTENT,12.9340858011,77.5213708946,No,NONE,No,0.26
TXN002201,21274,PAY,user035@okbank,2026,2,27/02/26,22:59:00,MER0054,COLLECT,13.0288308752,77.5800407873,No,NONE,No,0.24
TXN000188,60808,PAY,user001@okbank,2026,1,16/01/26,21:52:00,MER0014,COLLECT,12.951387923,77.5682502906,No,QR_DECEPTION,Yes,0.64
TXN003842,16812,PAY,user027@okbank,2026,5,14/05/26,21:44:00,MER0174,ACCOUNT_IFSC,13.0016675989,77.589315603,No,NONE,No,0.35
TXN004635,15074,PAY,user045@okbank,2026,2,17/02/26,1:08:00,MER0083,COLLECT,12.9783739921,77.664281089,No,NONE,No,0.22
TXN004208,25012,PAY,user016@okbank,2026,6,14/06/26,1:41:00,MER0116,ACCOUNT_IFSC,12.989207367,77.5959665834,No,NONE,No,0.21
TXN001624,33989,PAY,user044@okbank,2026,6,15/06/26,18:00:00,MER0120,COLLECT,13.043382681,77.5707077396,No,NONE,No,0.07
TXN001811,25366,PAY,user015@okbank,2026,2,15/02/26,18:37:00,MER0095,QR,12.8833286304,77.5581703486,No,NONE,No,0.19
TXN001454,30170,PAY,user034@okbank,2026,4,22/04/26,13:04:00,MER0014,INTENT,12.9704858816,77.6061975243,No,NONE,No,0.35
TXN004264,7418,PAY,user018@okbank,2026,4,01/04/26,1:50:00,MER0077,MOBILE,12.9753301883,77.5460317308,No,NONE,No,0.22
TXN002764,34247,PAY,user034@okbank,2026,1,15/01/26,2:00:00,MER0108,ACCOUNT_IFSC,12.9161900671,77.4674696885,No,NONE,No,0.19
TXN004793,5186,PAY,user023@okbank,2026,2,17/02/26,16:56:00,MER0189,ACCOUNT_IFSC,13.1268392847,77.6073572996,No,NONE,No,0.35
TXN001466,15012,PAY,user002@okbank,2026,5,27/05/26,5:14:00,MER0028,IN_APP,12.9406141377,77.5750165038,No,NONE,No,0.45
TXN001471,11821,PAY,user026@okbank,2026,6,03/06/26,14:13:00,MER0182,VPA,12.999442669,77.5913951432,No,NONE,No,0.3
TXN003579,14486,PAY,user021@okbank,2026,5,15/05/26,20:03:00,MER0127,INTENT,12.9641370124,77.6892714011,No,NONE,No,0.27
TXN002807,23633,PAY,user043@okbank,2026,1,23/01/26,14:28:00,MER0035,IN_APP,13.0019382117,77.6624545269,No,NONE,No,0.13
TXN002114,14330,PAY,user025@okbank,2026,4,17/04/26,22:48:00,MER0051,MANDATE,13.0062313352,77.6774462628,No,NONE,No,0.26
TXN002746,6902,PAY,user018@okbank,2026,6,16/06/26,9:08:00,MER0107,MOBILE,12.8473028899,77.5906714721,No,NONE,No,0.46
TXN003210,27232,PAY,user025@okbank,2026,3,01/03/26,18:50:00,MER0108,IN_APP,13.019892277,77.628239201,No,NONE,No,0.25
TXN002139,10030,PAY,user014@okbank,2026,1,02/01/26,5:15:00,MER0179,VPA,12.9370197439,77.6216112701,No,NONE,No,0.52
TXN000849,21584,PAY,user036@okbank,2026,1,01/01/26,17:16:00,MER0158,MANDATE,12.934526232,77.4757709301,No,NONE,No,0.4
TXN003292,25069,PAY,user015@okbank,2026,1,28/01/26,7:50:00,MER0017,IN_APP,12.8828268234,77.5898152996,No,NONE,No,0.6
TXN002167,21572,PAY,user046@okbank,2026,6,26/06/26,5:36:00,MER0196,MOBILE,12.8561651929,77.6211198695,No,NONE,No,0.31
TXN000315,1048,PAY,user040@okbank,2026,1,14/01/26,8:07:00,MER0167,IN_APP,13.017140659,77.5214794932,No,NONE,No,0.19
TXN004827,100,PAY,user038@okbank,2026,4,05/04/26,23:03:00,MER0054,MANDATE,12.9455485338,77.6664377966,No,NONE,No,0.42
TXN004123,16540,PAY,user003@okbank,2026,3,04/03/26,7:50:00,MER0046,INTENT,13.0292320472,77.6607871327,No,NONE,No,0.32
TXN000471,23068,PAY,user040@okbank,2026,1,28/01/26,9:43:00,MER0137,COLLECT,12.9626493522,77.6254233732,No,NONE,No,0.13
TXN003735,18157,PAY,user016@okbank,2026,5,05/05/26,3:19:00,MER0175,IN_APP,12.9980103319,77.5417342413,No,NONE,No,0.03
TXN002067,4769,PAY,user047@okbank,2026,6,28/06/26,3:54:00,MER0061,MANDATE,12.9906212608,77.637408251,No,NONE,No,0.1
TXN002922,22959,PAY,user020@okbank,2026,1,11/01/26,19:16:00,MER0086,MOBILE,12.9659843153,77.5662502379,No,NONE,No,0.49
TXN003917,20904,PAY,user029@okbank,2026,2,25/02/26,8:39:00,MER0137,ACCOUNT_IFSC,12.9893122156,77.6554514347,No,NONE,No,0.22
TXN001214,33711,PAY,user037@okbank,2026,1,01/01/26,13:58:00,MER0045,IN_APP,13.0615606129,77.6234834482,No,NONE,No,0.16
TXN000247,77059,PAY,user043@okbank,2026,5,27/05/26,9:33:00,MER0029,QR,12.988443466,77.5681555348,No,SIM_SWAP_DRAIN,Yes,0.7
TXN001304,20904,PAY,user004@okbank,2026,2,03/02/26,1:53:00,MER0155,COLLECT,12.9856430998,77.5689307145,No,NONE,No,0.28
TXN000398,34264,PAY,user013@okbank,2026,2,01/02/26,9:59:00,MER0036,ACCOUNT_IFSC,13.0430819227,77.6059721116,No,NONE,No,0.36
TXN002958,815,PAY,user004@okbank,2026,1,14/01/26,20:08:00,MER0034,MOBILE,12.9550305858,77.5244650531,No,NONE,No,0.45
TXN004147,958,PAY,user047@okbank,2026,1,23/01/26,4:15:00,MER0130,ACCOUNT_IFSC,13.0499127696,77.5367873641,No,NONE,No,0.31
TXN003297,100,PAY,user042@okbank,2026,5,11/05/26,22:59:00,MER0018,INTENT,12.9556698684,77.6312239844,No,NONE,No,0.26
TXN003219,19111,PAY,user032@okbank,2026,3,18/03/26,4:36:00,MER0136,QR,13.0007560435,77.5562258384,No,NONE,No,0.29
TXN004582,15022,PAY,user038@okbank,2026,5,20/05/26,15:51:00,MER0158,MANDATE,12.9244325818,77.7376723123,No,NONE,No,0.25
TXN003090,3120,PAY,user001@okbank,2026,3,20/03/26,1:52:00,MER0065,MANDATE,12.9977316292,77.5811691326,No,NONE,No,0.19
TXN001072,100,PAY,user044@okbank,2026,3,04/03/26,10:33:00,MER0126,IN_APP,12.9500082476,77.5638863007,No,NONE,No,0.35
TXN004764,10707,PAY,user040@okbank,2026,2,15/02/26,18:46:00,MER0052,MOBILE,12.9634297394,77.5932074611,No,NONE,No,0.42
TXN000740,2761,PAY,user041@okbank,2026,6,27/06/26,5:27:00,MER0147,MANDATE,12.9446793164,77.6186550268,No,NONE,No,0.24
TXN004514,19481,PAY,user008@okbank,2026,4,13/04/26,4:32:00,MER0087,IN_APP,12.9773525569,77.601579078,No,NONE,No,0.15
TXN000541,21526,PAY,user018@okbank,2026,5,20/05/26,13:52:00,MER0057,MANDATE,12.9763326398,77.5570045399,No,NONE,No,0.38
TXN002502,19923,PAY,user016@okbank,2026,2,03/02/26,7:11:00,MER0075,COLLECT,12.9305530274,77.5592205578,No,NONE,No,0.24
TXN002463,8127,PAY,user021@okbank,2026,4,15/04/26,16:07:00,MER0001,IN_APP,12.922267863,77.5504611587,No,NONE,No,0.33
TXN001475,12955,PAY,user003@okbank,2026,5,20/05/26,0:35:00,MER0169,INTENT,12.9907738954,77.5737301823,No,NONE,No,0.36
TXN004305,20138,PAY,user035@okbank,2026,3,26/03/26,16:02:00,MER0151,COLLECT,12.9263197808,77.602766846,No,NONE,No,0.27
TXN003214,8665,PAY,user028@okbank,2026,5,01/05/26,1:41:00,MER0039,MOBILE,12.9828416127,77.5663261381,No,NONE,No,0.38
TXN000818,9824,PAY,user038@okbank,2026,3,05/03/26,0:35:00,MER0091,COLLECT,12.9459275393,77.6665231949,No,NONE,No,0.55
TXN001753,6547,PAY,user041@okbank,2026,4,23/04/26,19:34:00,MER0167,COLLECT,13.0048718742,77.5716967927,No,NONE,No,0.12
TXN003471,22125,PAY,user006@okbank,2026,1,10/01/26,21:21:00,MER0079,IN_APP,12.8839381914,77.6511052874,No,NONE,No,0.24
TXN004553,21042,PAY,user039@okbank,2026,5,18/05/26,23:30:00,MER0150,ACCOUNT_IFSC,13.0208670221,77.5342799278,No,NONE,No,0.26
TXN001739,11884,PAY,user040@okbank,2026,1,21/01/26,9:43:00,MER0129,IN_APP,12.9486122782,77.6178834662,No,NONE,No,0.13
TXN000759,24137,PAY,user044@okbank,2026,1,25/01/26,6:16:00,MER0035,MANDATE,12.967555559,77.6299627487,No,NONE,No,0.11
TXN003848,32286,PAY,user025@okbank,2026,3,22/03/26,19:11:00,MER0045,QR,12.9459922391,77.6086502586,No,NONE,No,0.27
TXN003084,17062,PAY,user032@okbank,2026,6,12/06/26,16:06:00,MER0010,INTENT,12.9986895888,77.4939995119,No,NONE,No,0.4
TXN001733,11085,PAY,user035@okbank,2026,1,07/01/26,9:19:00,MER0011,MOBILE,13.0331890399,77.5545157566,No,NONE,No,0.37
TXN001629,19904,PAY,user004@okbank,2026,3,19/03/26,10:54:00,MER0186,QR,12.9503117333,77.5591613771,No,NONE,No,0.17
TXN004097,14835,PAY,user036@okbank,2026,3,14/03/26,5:42:00,MER0193,QR,12.967286461,77.6205984128,No,NONE,No,0.44
TXN002394,22158,PAY,user033@okbank,2026,2,02/02/26,18:00:00,MER0098,QR,12.9908251411,77.5636285429,No,NONE,No,0.38
TXN002331,10406,PAY,user002@okbank,2026,6,22/06/26,3:04:00,MER0186,IN_APP,12.9322319042,77.5581980745,No,NONE,No,0.4
TXN001434,31932,PAY,user025@okbank,2026,1,07/01/26,18:38:00,MER0169,MOBILE,12.913561719,77.5239497628,No,NONE,No,0.26
TXN004799,100,PAY,user002@okbank,2026,6,13/06/26,4:54:00,MER0146,INTENT,12.9721440086,77.5460963326,No,NONE,No,0.24
TXN004908,2123,PAY,user023@okbank,2026,1,26/01/26,14:22:00,MER0109,INTENT,13.0095772177,77.5389434459,No,NONE,No,0.31
TXN003723,100,PAY,user036@okbank,2026,3,03/03/26,11:31:00,MER0167,VPA,12.932431149,77.6392389752,No,NONE,No,0.28
TXN000833,24491,PAY,user025@okbank,2026,6,24/06/26,20:25:00,MER0066,ACCOUNT_IFSC,12.8794724904,77.5932673483,No,NONE,No,0.12
TXN001657,18775,PAY,user016@okbank,2026,5,27/05/26,11:18:00,MER0005,IN_APP,13.0168148399,77.5301580593,No,NONE,No,0.3
TXN003470,31169,PAY,user011@okbank,2026,3,05/03/26,13:56:00,MER0016,COLLECT,13.0168428236,77.6004733112,No,NONE,No,0.2
TXN004350,20781,PAY,user021@okbank,2026,3,24/03/26,22:25:00,MER0055,IN_APP,13.0229199097,77.533155995,No,NONE,No,0.29
TXN000044,36043,PAY,user050@okbank,2026,6,23/06/26,4:15:00,MER0093,IN_APP,12.9684756395,77.5610065384,No,REMOTE_ACCESS_FRAUD,Yes,0.55
TXN002065,100,PAY,user010@okbank,2026,2,26/02/26,23:10:00,MER0140,VPA,12.9197905062,77.5654917787,No,NONE,No,0.27
TXN001653,17362,PAY,user049@okbank,2026,3,11/03/26,10:56:00,MER0135,COLLECT,12.9822127415,77.5704289996,No,NONE,No,0.36
TXN002617,30948,PAY,user005@okbank,2026,3,13/03/26,4:09:00,MER0075,IN_APP,12.9828284569,77.5901377929,No,NONE,No,0.51
TXN004867,29858,PAY,user029@okbank,2026,4,22/04/26,0:36:00,MER0163,MANDATE,12.9100877419,77.585302391,No,NONE,No,0.13
TXN002555,8256,PAY,user036@okbank,2026,4,18/04/26,13:42:00,MER0127,QR,12.91683695,77.638149451,No,NONE,No,0.18
TXN001735,100,PAY,user042@okbank,2026,3,12/03/26,21:53:00,MER0052,INTENT,12.9133912485,77.573609032,No,NONE,No,0.45
TXN001309,9380,PAY,user028@okbank,2026,2,15/02/26,6:34:00,MER0149,COLLECT,12.9228903945,77.6281822353,No,NONE,No,0.25
TXN000532,30264,PAY,user011@okbank,2026,2,28/02/26,22:49:00,MER0053,COLLECT,13.0016331428,77.5685636108,No,NONE,No,0.44
TXN002315,8324,PAY,user038@okbank,2026,5,02/05/26,4:03:00,MER0145,ACCOUNT_IFSC,13.0752101117,77.5522491086,No,NONE,No,0.32
TXN004283,5985,PAY,user044@okbank,2026,2,26/02/26,12:11:00,MER0109,IN_APP,12.9902490898,77.5302870782,No,NONE,No,0.29
TXN002440,21954,PAY,user003@okbank,2026,1,26/01/26,7:36:00,MER0044,QR,12.9332572087,77.6211537687,No,NONE,No,0.13
TXN000769,24376,PAY,user022@okbank,2026,6,13/06/26,3:17:00,MER0156,COLLECT,12.9102329879,77.4943229085,No,NONE,No,0.24
TXN003821,23211,PAY,user005@okbank,2026,6,27/06/26,14:17:00,MER0121,QR,13.0279499005,77.5532568731,No,NONE,No,0.17
TXN003052,6660,PAY,user018@okbank,2026,6,19/06/26,18:54:00,MER0156,ACCOUNT_IFSC,12.9103592207,77.6110775525,No,NONE,No,0.29
TXN002669,11954,PAY,user002@okbank,2026,1,27/01/26,2:25:00,MER0151,ACCOUNT_IFSC,12.9147827399,77.5905265444,No,NONE,No,0.23
TXN000612,27351,PAY,user007@okbank,2026,2,20/02/26,8:37:00,MER0013,ACCOUNT_IFSC,12.9645901802,77.6797211237,No,NONE,No,0.2
TXN004067,19258,PAY,user026@okbank,2026,5,12/05/26,16:01:00,MER0066,INTENT,12.8462847827,77.6022601191,No,NONE,No,0.19
TXN004710,17140,PAY,user034@okbank,2026,1,13/01/26,17:51:00,MER0108,IN_APP,13.0067528251,77.5138462405,No,NONE,No,0.4
TXN002250,100,PAY,user050@okbank,2026,6,03/06/26,20:51:00,MER0130,MOBILE,12.9296365926,77.5854016733,No,NONE,No,0.11
TXN003609,14593,PAY,user026@okbank,2026,4,15/04/26,23:56:00,MER0170,MOBILE,12.8975296204,77.5759361941,No,NONE,No,0.37
TXN001846,23242,PAY,user032@okbank,2026,2,09/02/26,4:12:00,MER0161,MOBILE,12.9808372296,77.5849541814,No,NONE,No,0.25
TXN000884,12261,PAY,user009@okbank,2026,6,22/06/26,0:35:00,MER0122,MOBILE,12.9429638736,77.5786625889,No,NONE,No,0.43
TXN002496,24398,PAY,user023@okbank,2026,1,10/01/26,21:33:00,MER0145,QR,12.9640500084,77.5364806836,No,NONE,No,0.44
TXN000641,15813,PAY,user003@okbank,2026,6,19/06/26,18:23:00,MER0049,MOBILE,12.9641983496,77.5933883256,No,NONE,No,0.1
TXN001311,23464,PAY,user027@okbank,2026,4,04/04/26,5:39:00,MER0174,QR,13.0131696018,77.6857485347,No,NONE,No,0.06
TXN003295,7247,PAY,user005@okbank,2026,5,07/05/26,2:53:00,MER0023,IN_APP,12.9528393159,77.6427550128,No,NONE,No,0.52
TXN001815,7970,PAY,user011@okbank,2026,4,16/04/26,2:16:00,MER0180,MANDATE,12.9377805166,77.6545966032,No,NONE,No,0.26
TXN003547,5098,PAY,user036@okbank,2026,3,04/03/26,22:22:00,MER0013,VPA,12.9845835516,77.5362901978,No,NONE,No,0.28
TXN000965,23466,PAY,user046@okbank,2026,1,14/01/26,3:31:00,MER0058,QR,13.0195899154,77.5027737548,No,NONE,No,0.12
TXN002895,23666,PAY,user024@okbank,2026,6,05/06/26,13:37:00,MER0088,INTENT,12.9071922959,77.621572115,No,NONE,No,0.28
TXN002183,13349,PAY,user035@okbank,2026,5,19/05/26,22:37:00,MER0134,MANDATE,12.993086187,77.5364453834,No,NONE,No,0.16
TXN004822,20794,PAY,user038@okbank,2026,3,14/03/26,10:06:00,MER0178,ACCOUNT_IFSC,12.9634319391,77.5864547319,No,NONE,No,0.02
TXN001213,16796,PAY,user015@okbank,2026,6,10/06/26,9:19:00,MER0193,ACCOUNT_IFSC,12.9067264977,77.5620720141,No,NONE,No,0.36
TXN003732,31586,PAY,user047@okbank,2026,5,03/05/26,15:21:00,MER0072,INTENT,13.0065912372,77.607675924,No,NONE,No,0.02
TXN000369,5444,PAY,user016@okbank,2026,6,26/06/26,11:49:00,MER0194,MANDATE,12.998785569,77.6129642212,No,NONE,No,0.41
TXN002771,875,PAY,user033@okbank,2026,5,24/05/26,15:33:00,MER0063,IN_APP,12.9619932232,77.540231231,No,NONE,No,0.03
TXN000570,1505,PAY,user043@okbank,2026,5,28/05/26,17:38:00,MER0190,VPA,13.0313311685,77.572954198,No,NONE,No,0.26
TXN001062,8493,PAY,user044@okbank,2026,4,08/04/26,10:19:00,MER0009,MOBILE,12.9521292125,77.6685665446,No,NONE,No,0.25
TXN001607,12747,PAY,user003@okbank,2026,5,12/05/26,19:28:00,MER0077,IN_APP,12.9469498811,77.5566665627,No,NONE,No,0.06
TXN003232,34553,PAY,user017@okbank,2026,6,07/06/26,16:38:00,MER0118,IN_APP,12.9508553264,77.5857213806,No,NONE,No,0.24
TXN000256,6274,PAY,user039@okbank,2026,4,12/04/26,0:31:00,MER0134,IN_APP,12.9696792361,77.6724391172,No,NONE,No,0.02
TXN002767,1711,PAY,user021@okbank,2026,5,23/05/26,7:44:00,MER0091,QR,12.9182789084,77.5393124319,No,NONE,No,0.2
TXN000467,16282,PAY,user012@okbank,2026,4,04/04/26,5:01:00,MER0147,INTENT,12.967626861,77.6286837695,No,NONE,No,0.35
TXN002717,20935,PAY,user011@okbank,2026,5,07/05/26,7:35:00,MER0140,IN_APP,12.9474749874,77.497169561,No,NONE,No,0.43
TXN000933,19336,PAY,user005@okbank,2026,2,16/02/26,14:21:00,MER0061,MOBILE,12.9330403623,77.5967488311,No,NONE,No,0.53
TXN001020,22214,PAY,user032@okbank,2026,4,09/04/26,2:22:00,MER0060,MOBILE,12.9649034383,77.5664082559,No,NONE,No,0.26
TXN003852,7396,PAY,user007@okbank,2026,6,05/06/26,23:43:00,MER0046,QR,13.0158417674,77.6637905458,No,NONE,No,0.25
TXN003198,13838,PAY,user003@okbank,2026,3,22/03/26,11:40:00,MER0164,INTENT,13.0013770031,77.5705270393,No,NONE,No,0.31
TXN000335,24078,PAY,user042@okbank,2026,3,11/03/26,18:55:00,MER0091,INTENT,12.9529087714,77.5054948137,No,NONE,No,0.51
TXN003519,1416,PAY,user013@okbank,2026,3,11/03/26,21:06:00,MER0175,ACCOUNT_IFSC,12.9553104599,77.579083558,No,NONE,No,0.11
TXN001169,28382,PAY,user044@okbank,2026,4,08/04/26,19:55:00,MER0176,VPA,12.9968159922,77.512527102,No,NONE,No,0.02
TXN003928,8397,PAY,user046@okbank,2026,5,23/05/26,14:17:00,MER0001,ACCOUNT_IFSC,13.0707574204,77.5241430237,No,NONE,No,0.4
TXN003479,11068,PAY,user009@okbank,2026,4,04/04/26,17:09:00,MER0172,ACCOUNT_IFSC,12.9421286975,77.6067011189,No,NONE,No,0.22
TXN003831,11072,PAY,user047@okbank,2026,1,02/01/26,11:28:00,MER0139,INTENT,12.9876431066,77.5908187834,No,NONE,No,0.21
TXN004512,32361,PAY,user046@okbank,2026,4,06/04/26,7:28:00,MER0179,MANDATE,13.0254069531,77.6849963559,No,NONE,No,0.3
TXN000245,8538,PAY,user016@okbank,2026,2,16/02/26,8:33:00,MER0037,QR,12.8736675041,77.5933095027,No,SIM_SWAP_DRAIN,Yes,0.6
TXN000953,23020,PAY,user010@okbank,2026,4,11/04/26,0:19:00,MER0006,QR,12.9593864205,77.5465696716,No,NONE,No,0.45
TXN003592,19000,PAY,user024@okbank,2026,6,16/06/26,21:13:00,MER0028,IN_APP,13.0369767052,77.6171588105,No,NONE,No,0.36
TXN002362,21760,PAY,user009@okbank,2026,6,16/06/26,2:14:00,MER0185,QR,12.9805476237,77.5706622032,No,NONE,No,0.28
TXN002404,11750,PAY,user044@okbank,2026,3,06/03/26,1:21:00,MER0080,QR,13.0390129073,77.6404503362,No,NONE,No,0.25
TXN001952,13323,PAY,user044@okbank,2026,3,03/03/26,18:11:00,MER0044,IN_APP,12.9638855189,77.5924856672,No,NONE,No,0.44
TXN002280,9478,PAY,user003@okbank,2026,6,04/06/26,20:07:00,MER0119,IN_APP,12.9549751669,77.6547533075,No,NONE,No,0.31
TXN003396,3079,PAY,user009@okbank,2026,1,10/01/26,21:36:00,MER0164,COLLECT,12.9821944753,77.6038511197,No,NONE,No,0.46
TXN001997,8890,PAY,user025@okbank,2026,1,13/01/26,23:20:00,MER0176,IN_APP,13.0754518472,77.6512334399,No,NONE,No,0.27
TXN002760,11255,PAY,user044@okbank,2026,1,27/01/26,3:27:00,MER0057,INTENT,13.0157656287,77.63613006,No,NONE,No,0.33
TXN000072,8000,PAY,user045@okbank,2026,1,16/01/26,13:12:00,MER0199,IN_APP,12.9752579966,77.6025469612,No,TASK_SCAM,Yes,0.83
TXN002009,26382,PAY,user019@okbank,2026,3,02/03/26,10:11:00,MER0157,IN_APP,13.02650412,77.6171502217,No,NONE,No,0.13
TXN004642,17789,PAY,user002@okbank,2026,3,27/03/26,21:12:00,MER0107,MOBILE,12.9172695309,77.6142912624,No,NONE,No,0.09
TXN001390,13652,PAY,user042@okbank,2026,2,09/02/26,10:28:00,MER0098,MANDATE,13.0538526647,77.6120372604,No,NONE,No,0.18
TXN003632,28872,PAY,user042@okbank,2026,1,15/01/26,20:12:00,MER0170,ACCOUNT_IFSC,12.9431648289,77.6579546565,No,NONE,No,0.05
TXN004366,100,PAY,user048@okbank,2026,5,01/05/26,19:17:00,MER0134,MOBILE,13.0244284042,77.5994980051,No,NONE,No,0.38
TXN001712,15127,PAY,user006@okbank,2026,4,05/04/26,20:57:00,MER0085,IN_APP,13.0011441407,77.649918564,No,NONE,No,0.33
TXN004078,4954,PAY,user021@okbank,2026,4,20/04/26,8:53:00,MER0078,IN_APP,12.9939042422,77.660389032,No,NONE,No,0.34
TXN001536,15425,PAY,user020@okbank,2026,6,14/06/26,11:42:00,MER0028,COLLECT,12.9830451124,77.5444258555,No,NONE,No,0.36
TXN001636,13555,PAY,user025@okbank,2026,4,01/04/26,4:24:00,MER0038,INTENT,13.0177376726,77.5138104297,No,NONE,No,0.13
TXN002588,14423,PAY,user018@okbank,2026,2,27/02/26,21:09:00,MER0170,VPA,12.9445380694,77.5886656009,No,NONE,No,0.29
TXN004482,3556,PAY,user035@okbank,2026,3,21/03/26,21:30:00,MER0167,COLLECT,13.0382324191,77.6421722224,No,NONE,No,0.24
TXN000082,76544,PAY,user005@okbank,2026,4,11/04/26,4:07:00,MER0078,COLLECT,13.0008964373,77.5694299217,No,TASK_SCAM,Yes,0.8
TXN000134,63595,PAY,user007@okbank,2026,6,21/06/26,8:07:00,MER0053,COLLECT,13.0199063363,77.6153452672,No,MULE_ACCOUNT,Yes,0.57
TXN002931,7307,PAY,user047@okbank,2026,5,05/05/26,12:09:00,MER0071,QR,12.9689018042,77.4943986184,No,NONE,No,0.25
TXN000244,21172,PAY,user011@okbank,2026,3,18/03/26,7:28:00,MER0127,VPA,13.0001619247,77.5171333854,No,MULE_ACCOUNT,Yes,0.63
TXN001446,100,PAY,user039@okbank,2026,5,18/05/26,7:55:00,MER0093,COLLECT,12.9795187293,77.6203178282,No,NONE,No,0.15
TXN003689,100,PAY,user042@okbank,2026,3,07/03/26,9:29:00,MER0093,MOBILE,12.9725403522,77.6539756405,No,NONE,No,0.14
TXN003730,100,PAY,user026@okbank,2026,2,25/02/26,6:10:00,MER0167,INTENT,12.9802259039,77.5931446338,No,NONE,No,0.22
TXN001995,19474,PAY,user045@okbank,2026,6,16/06/26,3:00:00,MER0174,MOBILE,12.9477732711,77.5554114427,No,NONE,No,0.29
TXN002182,100,PAY,user047@okbank,2026,4,28/04/26,5:15:00,MER0009,INTENT,12.9268844624,77.5967828312,No,NONE,No,0.34
TXN004517,7826,PAY,user011@okbank,2026,5,08/05/26,6:47:00,MER0114,MOBILE,12.9972126962,77.5934618708,No,NONE,No,0.16
TXN004715,14961,PAY,user016@okbank,2026,1,02/01/26,18:38:00,MER0016,MANDATE,12.9387838399,77.5405810061,No,NONE,No,0.05
TXN002697,5586,PAY,user022@okbank,2026,6,20/06/26,19:25:00,MER0182,MOBILE,12.9128634421,77.5604841392,No,NONE,No,0.29
TXN003905,12672,PAY,user036@okbank,2026,6,23/06/26,17:41:00,MER0173,QR,12.9521741714,77.6144840644,No,NONE,No,0.26
TXN004909,12632,PAY,user013@okbank,2026,1,05/01/26,12:53:00,MER0153,MANDATE,12.8843217577,77.6837581585,No,NONE,No,0.27
TXN001035,18736,PAY,user009@okbank,2026,1,03/01/26,21:33:00,MER0193,MANDATE,12.9828997325,77.5123104891,No,NONE,No,0.06
TXN000546,38949,PAY,user030@okbank,2026,6,22/06/26,15:01:00,MER0117,VPA,12.8653198349,77.6089695523,No,NONE,No,0.33
TXN003874,14944,PAY,user013@okbank,2026,3,05/03/26,5:59:00,MER0110,VPA,12.9300212005,77.5532402418,No,NONE,No,0.27
TXN003716,9111,PAY,user049@okbank,2026,5,14/05/26,12:55:00,MER0076,VPA,13.0144485991,77.5837085685,No,NONE,No,0.27
TXN002436,8705,PAY,user035@okbank,2026,2,07/02/26,2:05:00,MER0082,MOBILE,12.9686507972,77.5517741132,No,NONE,No,0.39
TXN000894,7527,PAY,user018@okbank,2026,5,27/05/26,0:19:00,MER0109,IN_APP,12.9975476041,77.5974561934,No,NONE,No,0.54
TXN001486,21144,PAY,user004@okbank,2026,3,03/03/26,6:30:00,MER0174,INTENT,13.0083778046,77.6314217686,No,NONE,No,0.37
TXN000291,20898,PAY,user047@okbank,2026,6,04/06/26,14:03:00,MER0063,MOBILE,13.0455884301,77.6121826266,No,NONE,No,0.39
TXN003466,16895,PAY,user020@okbank,2026,2,08/02/26,5:48:00,MER0135,MANDATE,12.9182033989,77.5909695925,No,NONE,No,0.02
TXN003160,7678,PAY,user041@okbank,2026,6,07/06/26,18:09:00,MER0072,MOBILE,12.9818789037,77.5723684717,No,NONE,No,0.38
TXN002262,16091,PAY,user008@okbank,2026,6,20/06/26,9:20:00,MER0046,MOBILE,13.0240758324,77.6138818491,No,NONE,No,0.57
TXN001455,25342,PAY,user021@okbank,2026,2,01/02/26,23:43:00,MER0195,IN_APP,12.9156663165,77.5842701329,No,NONE,No,0.37
TXN002607,19357,PAY,user019@okbank,2026,6,15/06/26,16:09:00,MER0060,QR,13.0633380952,77.6175023993,No,NONE,No,0.35
TXN001828,2865,PAY,user023@okbank,2026,4,19/04/26,15:23:00,MER0008,VPA,13.016302082,77.5806023787,No,NONE,No,0.02
TXN004999,27029,PAY,user038@okbank,2026,3,13/03/26,22:33:00,MER0084,MOBILE,13.0053285008,77.6277695221,No,NONE,No,0.14
TXN002446,14145,PAY,user013@okbank,2026,6,19/06/26,3:59:00,MER0089,ACCOUNT_IFSC,12.9466695281,77.5841329249,No,NONE,No,0.29
TXN002337,16541,PAY,user028@okbank,2026,5,18/05/26,6:41:00,MER0014,COLLECT,12.9002859639,77.6633944639,No,NONE,No,0.23
TXN004929,13150,PAY,user050@okbank,2026,2,09/02/26,6:08:00,MER0043,INTENT,12.9839409523,77.6183510213,No,NONE,No,0.33
TXN002290,100,PAY,user045@okbank,2026,1,27/01/26,4:34:00,MER0131,QR,12.9689100182,77.5441975807,No,NONE,No,0.14
TXN003483,8341,PAY,user038@okbank,2026,3,03/03/26,21:12:00,MER0182,COLLECT,12.9445710849,77.6192679956,No,NONE,No,0.26
TXN001616,13349,PAY,user043@okbank,2026,6,18/06/26,20:27:00,MER0045,QR,12.9133066784,77.5792844969,No,NONE,No,0.29
TXN003978,10000,PAY,user022@okbank,2026,4,12/04/26,16:03:00,MER0098,MOBILE,12.9379381903,77.5503421211,No,NONE,No,0.31
TXN001281,9935,PAY,user016@okbank,2026,6,12/06/26,18:58:00,MER0155,MOBILE,12.9597870846,77.6382750518,No,NONE,No,0.16
TXN002896,100,PAY,user004@okbank,2026,5,03/05/26,5:36:00,MER0083,ACCOUNT_IFSC,12.8995647415,77.5760008435,No,NONE,No,0.51
TXN002550,25649,PAY,user016@okbank,2026,3,01/03/26,10:11:00,MER0018,ACCOUNT_IFSC,13.0246648209,77.6034888812,No,NONE,No,0.24
TXN003434,15751,PAY,user033@okbank,2026,3,24/03/26,12:35:00,MER0056,MOBILE,12.943150295,77.6556103326,No,NONE,No,0.2
TXN001848,138,PAY,user032@okbank,2026,1,09/01/26,21:06:00,MER0159,COLLECT,13.0223801932,77.6595404433,No,NONE,No,0.32
TXN004284,25763,PAY,user007@okbank,2026,3,08/03/26,13:04:00,MER0077,IN_APP,13.009907496,77.6390074116,No,NONE,No,0.23
TXN001722,12791,PAY,user043@okbank,2026,2,11/02/26,0:43:00,MER0120,COLLECT,12.9308508234,77.6919047188,No,NONE,No,0.17
TXN004399,21923,PAY,user028@okbank,2026,6,22/06/26,13:53:00,MER0093,MOBILE,12.9059310064,77.5008126962,No,NONE,No,0.19
TXN000815,26873,PAY,user007@okbank,2026,6,11/06/26,4:26:00,MER0041,IN_APP,12.9751802882,77.6442616127,No,NONE,No,0.33
TXN000374,17091,PAY,user021@okbank,2026,3,07/03/26,14:04:00,MER0003,COLLECT,12.9938149053,77.546161217,No,NONE,No,0.22
TXN000118,97515,PAY,user015@okbank,2026,3,15/03/26,2:44:00,MER0081,IN_APP,12.9712611315,77.5575147812,No,COLLECT_REQUEST_FRAUD,Yes,0.83
TXN001707,15024,PAY,user021@okbank,2026,4,03/04/26,4:54:00,MER0031,MANDATE,12.9370824562,77.574033926,No,NONE,No,0.15
TXN002782,13139,PAY,user016@okbank,2026,1,06/01/26,0:44:00,MER0137,IN_APP,12.8856766341,77.5447550997,No,NONE,No,0.44
TXN003510,22573,PAY,user023@okbank,2026,5,04/05/26,13:55:00,MER0164,MOBILE,12.9399436915,77.591290838,No,NONE,No,0.24
TXN001405,24717,PAY,user004@okbank,2026,6,22/06/26,13:14:00,MER0057,QR,12.9910809613,77.493960334,No,NONE,No,0.17
TXN001890,12759,PAY,user049@okbank,2026,1,16/01/26,16:13:00,MER0162,IN_APP,13.0280802267,77.623735986,No,NONE,No,0.32
TXN002571,9856,PAY,user047@okbank,2026,6,11/06/26,3:54:00,MER0191,IN_APP,12.9261943837,77.6507646356,No,NONE,No,0.42
TXN003802,10408,PAY,user049@okbank,2026,2,28/02/26,19:53:00,MER0093,QR,13.0380745991,77.4586070013,No,NONE,No,0.02
TXN000534,23034,PAY,user010@okbank,2026,6,17/06/26,3:31:00,MER0023,IN_APP,12.9584668606,77.6376195201,No,NONE,No,0.15
TXN001261,13232,PAY,user013@okbank,2026,1,11/01/26,22:30:00,MER0199,MANDATE,12.9345210567,77.6523800925,No,NONE,No,0.07
TXN001688,21096,PAY,user009@okbank,2026,6,28/06/26,2:56:00,MER0147,INTENT,12.9697201626,77.5666889638,No,NONE,No,0.14
TXN002795,10168,PAY,user026@okbank,2026,4,11/04/26,4:28:00,MER0070,MOBILE,12.9726343135,77.621583173,No,NONE,No,0.46
TXN001412,3311,PAY,user001@okbank,2026,4,12/04/26,17:30:00,MER0134,COLLECT,12.9828095344,77.5783254619,No,NONE,No,0.31
TXN002681,5220,PAY,user034@okbank,2026,1,27/01/26,19:29:00,MER0015,ACCOUNT_IFSC,13.0071080733,77.4877290127,No,NONE,No,0.05
TXN000630,13942,PAY,user037@okbank,2026,1,18/01/26,13:04:00,MER0043,IN_APP,13.0234294947,77.6512444518,No,NONE,No,0.21
TXN003985,1534,PAY,user032@okbank,2026,6,01/06/26,5:00:00,MER0027,COLLECT,12.9815198185,77.5388960619,No,NONE,No,0.12
TXN001519,18025,PAY,user035@okbank,2026,5,02/05/26,17:23:00,MER0099,IN_APP,12.9904261036,77.4976343394,No,NONE,No,0.33
TXN002381,12896,PAY,user019@okbank,2026,5,03/05/26,5:12:00,MER0168,COLLECT,13.0403813876,77.6196976218,No,NONE,No,0.44
TXN001810,28481,PAY,user006@okbank,2026,4,24/04/26,8:30:00,MER0167,MANDATE,13.0361316609,77.5831724724,No,NONE,No,0.35
TXN004754,22650,PAY,user020@okbank,2026,2,24/02/26,19:25:00,MER0077,QR,12.9417182675,77.6330573127,No,NONE,No,0.2
TXN000400,17262,PAY,user026@okbank,2026,3,24/03/26,9:33:00,MER0196,COLLECT,12.9375021232,77.6119883196,No,NONE,No,0.27
TXN001167,17423,PAY,user025@okbank,2026,2,18/02/26,7:14:00,MER0136,ACCOUNT_IFSC,12.91454442,77.519404614,No,NONE,No,0.45
TXN000378,6705,PAY,user006@okbank,2026,6,10/06/26,17:54:00,MER0136,MANDATE,12.9491247808,77.5227517345,No,NONE,No,0.26
TXN000488,25030,PAY,user034@okbank,2026,6,15/06/26,1:54:00,MER0160,IN_APP,12.9777232173,77.5294595625,No,NONE,No,0.31
TXN000262,13352,PAY,user048@okbank,2026,5,11/05/26,16:04:00,MER0128,VPA,12.9863475496,77.5145285634,No,NONE,No,0.19
TXN000658,6509,PAY,user004@okbank,2026,4,04/04/26,4:18:00,MER0078,VPA,13.0118133792,77.6060474513,No,NONE,No,0.61
TXN001911,31384,PAY,user047@okbank,2026,6,17/06/26,11:15:00,MER0114,QR,13.0227012278,77.527274373,No,NONE,No,0.32
TXN002798,7005,PAY,user021@okbank,2026,1,05/01/26,4:14:00,MER0160,IN_APP,12.8608171149,77.5012953168,No,NONE,No,0.19
TXN004191,22021,PAY,user013@okbank,2026,6,22/06/26,4:23:00,MER0015,MOBILE,12.9969742548,77.6030919186,No,NONE,No,0.27
TXN002773,8003,PAY,user044@okbank,2026,3,11/03/26,21:43:00,MER0196,QR,12.9258465216,77.5452697654,No,NONE,No,0.27
TXN002955,11387,PAY,user043@okbank,2026,4,21/04/26,12:59:00,MER0050,INTENT,12.9329438586,77.624196947,No,NONE,No,0.4
TXN000371,21955,PAY,user017@okbank,2026,3,09/03/26,3:35:00,MER0179,IN_APP,13.0427788454,77.5594123989,No,NONE,No,0.1
TXN001376,9587,PAY,user018@okbank,2026,6,02/06/26,1:19:00,MER0050,MOBILE,13.0030628614,77.4833415029,No,NONE,No,0.27
TXN002372,871,PAY,user021@okbank,2026,4,16/04/26,19:23:00,MER0011,QR,12.9465719099,77.5093325591,No,NONE,No,0.57
TXN003703,28036,PAY,user030@okbank,2026,4,25/04/26,15:45:00,MER0142,IN_APP,13.0156699,77.5591718761,No,NONE,No,0.47
TXN002102,15542,PAY,user035@okbank,2026,5,07/05/26,14:45:00,MER0171,INTENT,12.9556018459,77.5817392708,No,NONE,No,0.07
TXN003391,3259,PAY,user032@okbank,2026,5,03/05/26,10:52:00,MER0002,MOBILE,13.0144749397,77.6716761301,No,NONE,No,0.17
TXN003666,21510,PAY,user007@okbank,2026,2,15/02/26,2:32:00,MER0074,MANDATE,13.0029637265,77.6626106849,No,NONE,No,0.11
TXN000321,16224,PAY,user024@okbank,2026,6,17/06/26,11:40:00,MER0099,MANDATE,13.003505147,77.6594730121,No,NONE,No,0.24
TXN001856,16971,PAY,user035@okbank,2026,6,08/06/26,8:57:00,MER0063,COLLECT,13.0565305557,77.5478519473,No,NONE,No,0.15
TXN000494,32374,PAY,user041@okbank,2026,4,09/04/26,21:05:00,MER0046,COLLECT,12.9819265139,77.6991048142,No,NONE,No,0.1
TXN000764,4378,PAY,user013@okbank,2026,6,26/06/26,23:53:00,MER0162,COLLECT,12.9685218241,77.5274246298,No,NONE,No,0.24
TXN004977,3870,PAY,user040@okbank,2026,2,16/02/26,23:45:00,MER0184,COLLECT,12.9994720509,77.6222416331,No,NONE,No,0.2
TXN000931,10947,PAY,user010@okbank,2026,1,16/01/26,20:40:00,MER0165,ACCOUNT_IFSC,13.080639768,77.6197645432,No,NONE,No,0.36
TXN003300,28685,PAY,user016@okbank,2026,4,08/04/26,14:46:00,MER0007,IN_APP,12.8167500721,77.6454917679,No,NONE,No,0.17
TXN001166,12916,PAY,user018@okbank,2026,5,12/05/26,2:06:00,MER0041,MANDATE,12.9176478099,77.6658961489,No,NONE,No,0.19
TXN002634,10387,PAY,user028@okbank,2026,6,25/06/26,19:52:00,MER0082,MANDATE,12.8988473671,77.6272795199,No,NONE,No,0.28
TXN002226,23846,PAY,user042@okbank,2026,1,02/01/26,20:54:00,MER0105,INTENT,12.9845393363,77.5730271732,No,NONE,No,0.21
TXN000651,14981,PAY,user041@okbank,2026,1,16/01/26,11:56:00,MER0060,QR,12.8967704392,77.5951221374,No,NONE,No,0.17
TXN004320,11815,PAY,user021@okbank,2026,2,17/02/26,19:19:00,MER0033,MANDATE,13.0284008543,77.5988338222,No,NONE,No,0.18
TXN000422,8382,PAY,user036@okbank,2026,4,13/04/26,12:02:00,MER0107,QR,13.0440792717,77.6805645625,No,NONE,No,0.38
TXN004894,16639,PAY,user030@okbank,2026,6,04/06/26,20:08:00,MER0136,COLLECT,13.0263983297,77.6953498919,No,NONE,No,0.31
TXN004231,13707,PAY,user048@okbank,2026,6,18/06/26,21:03:00,MER0077,QR,13.0179581327,77.5997770936,No,NONE,No,0.37
TXN000156,64441,PAY,user039@okbank,2026,1,27/01/26,15:05:00,MER0153,QR,12.9434963951,77.5911661236,Yes,SIM_SWAP_DRAIN,Yes,0.84
TXN000890,4591,PAY,user034@okbank,2026,6,21/06/26,23:20:00,MER0119,INTENT,12.9807995686,77.6843634085,No,NONE,No,0.02
TXN002202,9069,PAY,user003@okbank,2026,1,01/01/26,12:11:00,MER0149,COLLECT,13.0360645396,77.5738882781,No,NONE,No,0.45
TXN001959,11793,PAY,user012@okbank,2026,2,15/02/26,19:39:00,MER0121,MOBILE,13.001954351,77.572792431,No,NONE,No,0.3
TXN003794,8903,PAY,user046@okbank,2026,2,17/02/26,14:53:00,MER0082,MOBILE,12.9775056601,77.6420885506,No,NONE,No,0.37
TXN000897,21033,PAY,user036@okbank,2026,5,21/05/26,5:51:00,MER0127,COLLECT,13.0395307536,77.6424205614,No,NONE,No,0.39
TXN001295,25341,PAY,user037@okbank,2026,4,20/04/26,0:45:00,MER0073,QR,12.9971516347,77.5722566163,No,NONE,No,0.36
TXN003877,13398,PAY,user012@okbank,2026,5,08/05/26,16:56:00,MER0127,VPA,13.0390886943,77.6695802405,No,NONE,No,0.23
TXN003676,24207,PAY,user038@okbank,2026,4,11/04/26,3:35:00,MER0119,MOBILE,12.9528059201,77.5938933111,No,NONE,No,0.23
TXN004085,5757,PAY,user009@okbank,2026,5,06/05/26,2:09:00,MER0057,VPA,12.9623360302,77.5099723982,No,NONE,No,0.21
TXN002974,22124,PAY,user008@okbank,2026,5,20/05/26,5:17:00,MER0072,COLLECT,12.9763836546,77.6197009747,No,NONE,No,0.21
TXN002984,27843,PAY,user024@okbank,2026,1,21/01/26,13:30:00,MER0022,ACCOUNT_IFSC,12.9845467005,77.6072499893,No,NONE,No,0.15
TXN003279,21447,PAY,user028@okbank,2026,5,14/05/26,8:53:00,MER0175,MOBILE,12.9633526252,77.601071816,No,NONE,No,0.32
TXN002568,100,PAY,user027@okbank,2026,4,04/04/26,17:43:00,MER0111,QR,12.9989425337,77.5938090842,No,NONE,No,0.32
TXN002663,33479,PAY,user047@okbank,2026,3,23/03/26,9:02:00,MER0055,QR,12.9228422792,77.6209508194,No,NONE,No,0.31
TXN002713,24613,PAY,user045@okbank,2026,1,25/01/26,11:54:00,MER0017,MOBILE,13.0044470123,77.5368052201,No,NONE,No,0.12
TXN003455,29132,PAY,user020@okbank,2026,5,26/05/26,13:00:00,MER0040,ACCOUNT_IFSC,13.0104144674,77.5908569453,No,NONE,No,0.02
TXN001905,8004,PAY,user021@okbank,2026,2,12/02/26,3:03:00,MER0020,IN_APP,12.9755419189,77.5109281535,No,NONE,No,0.4
TXN001640,22787,PAY,user041@okbank,2026,6,21/06/26,17:53:00,MER0123,COLLECT,12.875777526,77.5898002319,No,NONE,No,0.09
TXN002026,7260,PAY,user013@okbank,2026,2,24/02/26,22:42:00,MER0190,MOBILE,13.0141185268,77.5718259982,No,NONE,No,0.02
TXN002414,12075,PAY,user046@okbank,2026,2,19/02/26,17:09:00,MER0172,IN_APP,13.0402860676,77.6362913193,No,NONE,No,0.33
TXN000045,31149,PAY,user002@okbank,2026,6,14/06/26,12:53:00,MER0175,QR,12.9966285669,77.6306619216,No,TEST_THEN_DRAIN,Yes,0.35
TXN001241,17999,PAY,user019@okbank,2026,3,04/03/26,15:52:00,MER0030,ACCOUNT_IFSC,12.9142493317,77.6216319696,No,NONE,No,0.23
TXN001646,14025,PAY,user020@okbank,2026,3,28/03/26,7:43:00,MER0109,COLLECT,12.9434277983,77.5951500881,No,NONE,No,0.36
TXN001335,31636,PAY,user022@okbank,2026,5,27/05/26,21:29:00,MER0079,IN_APP,12.96696204,77.5522476539,No,NONE,No,0.51
TXN000411,18654,PAY,user001@okbank,2026,2,23/02/26,10:52:00,MER0127,MOBILE,12.961572105,77.5406015196,No,NONE,No,0.14
TXN003981,11001,PAY,user046@okbank,2026,1,12/01/26,11:43:00,MER0062,ACCOUNT_IFSC,12.9086213353,77.6238974306,No,NONE,No,0.27
TXN004203,13340,PAY,user047@okbank,2026,6,16/06/26,0:40:00,MER0051,INTENT,12.9922942595,77.516541802,No,NONE,No,0.12
TXN001921,27183,PAY,user006@okbank,2026,6,06/06/26,15:41:00,MER0184,ACCOUNT_IFSC,12.9871119915,77.6479340698,No,NONE,No,0.4
TXN001413,19425,PAY,user007@okbank,2026,4,05/04/26,4:33:00,MER0025,MOBILE,12.95769023,77.5271779241,No,NONE,No,0.33
TXN000366,8438,PAY,user036@okbank,2026,3,22/03/26,16:15:00,MER0082,MANDATE,12.9815277067,77.6143008209,No,NONE,No,0.53
TXN004396,13535,PAY,user031@okbank,2026,1,16/01/26,3:39:00,MER0131,IN_APP,13.0599685321,77.5382198143,No,NONE,No,0.43
TXN004175,21821,PAY,user045@okbank,2026,6,26/06/26,19:38:00,MER0163,MOBILE,12.9370035491,77.5653054771,No,NONE,No,0.13
TXN000701,13411,PAY,user025@okbank,2026,1,02/01/26,22:20:00,MER0073,ACCOUNT_IFSC,12.9983669965,77.5487151377,No,NONE,No,0.23
TXN004452,34750,PAY,user032@okbank,2026,4,10/04/26,1:58:00,MER0182,IN_APP,12.9843565953,77.5994475084,No,NONE,No,0.03
TXN004604,13465,PAY,user009@okbank,2026,5,27/05/26,16:32:00,MER0120,ACCOUNT_IFSC,12.9190482739,77.4670190951,No,NONE,No,0.19
TXN001095,14585,PAY,user047@okbank,2026,6,14/06/26,10:49:00,MER0122,INTENT,12.995176285,77.5299010038,No,NONE,No,0.27
TXN001250,18009,PAY,user021@okbank,2026,5,18/05/26,21:34:00,MER0037,IN_APP,12.9879717246,77.6101292422,No,NONE,No,0.24
TXN002021,100,PAY,user034@okbank,2026,5,04/05/26,9:38:00,MER0062,MOBILE,12.9886795489,77.6412404034,No,NONE,No,0.35
TXN003567,27025,PAY,user040@okbank,2026,4,22/04/26,0:30:00,MER0109,VPA,13.0153868655,77.6475219654,No,NONE,No,0.2
TXN004797,3682,PAY,user010@okbank,2026,5,08/05/26,3:24:00,MER0145,MOBILE,13.0117351229,77.5913606938,No,NONE,No,0.43
TXN004232,8440,PAY,user017@okbank,2026,5,17/05/26,9:08:00,MER0007,QR,13.0187812834,77.5403242144,No,NONE,No,0.26
TXN002534,18675,PAY,user007@okbank,2026,3,08/03/26,20:53:00,MER0001,VPA,12.9821351069,77.6223492828,No,NONE,No,0.16
TXN002821,15110,PAY,user026@okbank,2026,2,15/02/26,3:59:00,MER0178,MANDATE,13.072283963,77.6567491628,No,NONE,No,0.49
TXN002488,5700,PAY,user044@okbank,2026,4,17/04/26,22:26:00,MER0091,VPA,13.0051325208,77.6447484821,No,NONE,No,0.05
TXN004972,16851,PAY,user038@okbank,2026,6,07/06/26,0:34:00,MER0119,INTENT,12.945157832,77.4984392062,No,NONE,No,0.42
TXN004151,14679,PAY,user012@okbank,2026,2,25/02/26,10:39:00,MER0114,MANDATE,12.9101224069,77.6528869004,No,NONE,No,0.29
TXN000007,114541,PAY,user044@okbank,2026,3,08/03/26,2:12:00,MER0073,MOBILE,12.9737406537,77.64547732,No,TEST_THEN_DRAIN,Yes,0.85
TXN000074,49387,PAY,user049@okbank,2026,3,25/03/26,21:29:00,MER0089,QR,12.9523851881,77.6018452511,No,QR_DECEPTION,Yes,0.87
TXN003899,3915,PAY,user020@okbank,2026,4,14/04/26,18:12:00,MER0087,IN_APP,12.948116382,77.599119472,Yes,NONE,No,0.26
TXN000203,17833,PAY,user011@okbank,2026,4,25/04/26,21:51:00,MER0084,MOBILE,12.9558234007,77.4837704067,No,SIM_SWAP_DRAIN,Yes,0.73
TXN004804,2116,PAY,user008@okbank,2026,2,21/02/26,16:47:00,MER0090,INTENT,12.9315475938,77.6724097449,No,NONE,No,0.4
TXN004262,22955,PAY,user002@okbank,2026,6,04/06/26,19:02:00,MER0055,ACCOUNT_IFSC,12.9569529487,77.5933173646,No,NONE,No,0.34
TXN000407,13542,PAY,user041@okbank,2026,5,27/05/26,18:47:00,MER0027,MOBILE,12.9197275555,77.5925447358,No,NONE,No,0.35
TXN001930,25751,PAY,user033@okbank,2026,2,18/02/26,1:44:00,MER0093,INTENT,12.8479707948,77.5257725323,No,NONE,No,0.21
TXN002608,3686,PAY,user015@okbank,2026,5,04/05/26,7:57:00,MER0131,COLLECT,13.0342964861,77.5345139974,No,NONE,No,0.11
TXN004182,117,PAY,user023@okbank,2026,5,20/05/26,22:43:00,MER0137,MOBILE,13.0167564966,77.5834652013,No,NONE,No,0.21
TXN000077,58149,PAY,user001@okbank,2026,3,24/03/26,11:15:00,MER0119,COLLECT,13.0279687682,77.54155528,No,INVESTMENT_SCAM,Yes,0.58
TXN004851,15180,PAY,user037@okbank,2026,2,09/02/26,23:40:00,MER0131,INTENT,12.9399808182,77.6030006167,No,NONE,No,0.38
TXN002551,5778,PAY,user026@okbank,2026,2,23/02/26,19:24:00,MER0046,MANDATE,12.9634507003,77.5559889829,No,NONE,No,0.35
TXN004273,24117,PAY,user028@okbank,2026,3,15/03/26,16:48:00,MER0050,QR,12.9370876386,77.663090092,No,NONE,No,0.37
TXN004072,28026,PAY,user002@okbank,2026,6,06/06/26,12:06:00,MER0074,IN_APP,13.012247957,77.5684306015,No,NONE,No,0.22
TXN002087,12484,PAY,user022@okbank,2026,2,10/02/26,22:11:00,MER0114,MOBILE,12.9871952086,77.5056996451,No,NONE,No,0.23
TXN004458,26290,PAY,user043@okbank,2026,5,04/05/26,10:33:00,MER0180,MOBILE,12.9842895108,77.4849370486,No,NONE,No,0.28
TXN001139,20809,PAY,user032@okbank,2026,4,01/04/26,7:37:00,MER0156,IN_APP,13.0394177484,77.6015908682,No,NONE,No,0.25
TXN001039,10578,PAY,user050@okbank,2026,5,06/05/26,20:54:00,MER0137,IN_APP,13.084313049,77.5260976787,No,NONE,No,0.44
TXN004296,16475,PAY,user026@okbank,2026,1,25/01/26,21:24:00,MER0160,VPA,12.9378368668,77.6264444342,No,NONE,No,0.38
TXN002507,4256,PAY,user041@okbank,2026,5,15/05/26,8:02:00,MER0137,MANDATE,13.0566223029,77.5923225995,No,NONE,No,0.13
TXN002392,14999,PAY,user039@okbank,2026,5,18/05/26,23:53:00,MER0124,COLLECT,12.9692391229,77.6036535199,No,NONE,No,0.25
TXN003340,33145,PAY,user019@okbank,2026,3,03/03/26,19:43:00,MER0091,COLLECT,12.96951044,77.5257724622,No,NONE,No,0.34
TXN004778,17609,PAY,user009@okbank,2026,6,28/06/26,5:14:00,MER0020,QR,12.9418199044,77.6225194781,No,NONE,No,0.12
TXN002888,15800,PAY,user050@okbank,2026,2,20/02/26,13:48:00,MER0053,QR,12.9618572211,77.5372013646,No,NONE,No,0.15
TXN003494,26603,PAY,user018@okbank,2026,3,02/03/26,11:08:00,MER0001,MANDATE,12.9925180293,77.6910407354,No,NONE,No,0.41
TXN000066,91068,PAY,user033@okbank,2026,1,11/01/26,2:06:00,MER0009,COLLECT,12.891999056,77.6286960697,No,COLLECT_REQUEST_FRAUD,Yes,0.72
TXN000212,43764,PAY,user014@okbank,2026,3,19/03/26,1:49:00,MER0187,VPA,13.0027608002,77.5646991493,No,INVESTMENT_SCAM,Yes,0.73
TXN003021,17416,PAY,user046@okbank,2026,1,22/01/26,2:23:00,MER0032,INTENT,13.0049978235,77.6138981393,No,NONE,No,0.16
TXN002416,16768,PAY,user003@okbank,2026,1,05/01/26,8:08:00,MER0002,IN_APP,12.9268300937,77.6052485211,No,NONE,No,0.19
TXN003358,100,PAY,user001@okbank,2026,2,10/02/26,23:03:00,MER0079,INTENT,12.9581758513,77.5841631541,No,NONE,No,0.19
TXN003135,24498,PAY,user003@okbank,2026,2,24/02/26,9:41:00,MER0147,MANDATE,12.9734882174,77.5701743957,No,NONE,No,0.36
TXN004431,3354,PAY,user009@okbank,2026,2,17/02/26,22:05:00,MER0069,IN_APP,12.9586263892,77.5216524537,No,NONE,No,0.1
TXN001931,22594,PAY,user029@okbank,2026,5,26/05/26,5:07:00,MER0179,COLLECT,12.9689315475,77.6201684588,No,NONE,No,0.2
TXN004619,12191,PAY,user048@okbank,2026,2,16/02/26,21:06:00,MER0191,IN_APP,12.9733317964,77.6190661444,No,NONE,No,0.49
TXN000598,11946,PAY,user012@okbank,2026,6,28/06/26,10:35:00,MER0024,MOBILE,13.0552878582,77.5614816872,No,NONE,No,0.31
TXN004786,9554,PAY,user040@okbank,2026,6,08/06/26,14:45:00,MER0012,INTENT,12.9856779862,77.5819315309,No,NONE,No,0.33
TXN003112,100,PAY,user047@okbank,2026,5,18/05/26,21:20:00,MER0186,COLLECT,13.0085787907,77.6762192259,No,NONE,No,0.33
TXN002240,16438,PAY,user017@okbank,2026,2,05/02/26,23:11:00,MER0125,COLLECT,12.8967592336,77.6804688292,No,NONE,No,0.35
TXN000545,12476,PAY,user005@okbank,2026,2,24/02/26,21:07:00,MER0146,MOBILE,12.9794184251,77.6297235038,No,NONE,No,0.02
TXN003790,23637,PAY,user046@okbank,2026,6,09/06/26,17:30:00,MER0090,IN_APP,13.0135742174,77.6289703591,No,NONE,No,0.15
TXN003822,14276,PAY,user013@okbank,2026,4,18/04/26,23:37:00,MER0004,MOBILE,12.889442999,77.5956134681,No,NONE,No,0.31
TXN004543,14086,PAY,user032@okbank,2026,2,17/02/26,15:40:00,MER0033,IN_APP,12.9353285359,77.6282511857,No,NONE,No,0.11
TXN002164,17714,PAY,user039@okbank,2026,1,05/01/26,5:53:00,MER0150,INTENT,12.9246473299,77.596135772,No,NONE,No,0.38
TXN004912,2364,PAY,user012@okbank,2026,4,03/04/26,19:01:00,MER0021,IN_APP,12.9544164869,77.6329114074,No,NONE,No,0.23
TXN000293,12917,PAY,user018@okbank,2026,5,22/05/26,16:08:00,MER0069,INTENT,13.0010818806,77.5215159535,No,NONE,No,0.38
TXN003055,9577,PAY,user048@okbank,2026,2,22/02/26,10:53:00,MER0170,IN_APP,13.0030554374,77.6225174148,No,NONE,No,0.15
TXN002968,28032,PAY,user027@okbank,2026,3,14/03/26,20:39:00,MER0032,INTENT,13.0409561083,77.583711331,No,NONE,No,0.11
TXN001283,20849,PAY,user011@okbank,2026,1,19/01/26,11:11:00,MER0034,QR,12.9375453108,77.5785739511,No,NONE,No,0.33
TXN000839,10732,PAY,user014@okbank,2026,2,16/02/26,16:38:00,MER0083,QR,12.9570548885,77.5900346355,No,NONE,No,0.37
TXN001983,12481,PAY,user036@okbank,2026,4,19/04/26,20:54:00,MER0179,MOBILE,13.0024199666,77.5801196704,No,NONE,No,0.39
TXN002192,100,PAY,user045@okbank,2026,1,18/01/26,20:54:00,MER0056,MOBILE,13.0099383832,77.5639108634,No,NONE,No,0.17
TXN003472,20441,PAY,user008@okbank,2026,6,04/06/26,16:17:00,MER0023,MOBILE,12.9368543205,77.6293508801,No,NONE,No,0.12
TXN001262,9250,PAY,user038@okbank,2026,5,20/05/26,21:01:00,MER0069,COLLECT,12.9708632406,77.6450844314,No,NONE,No,0.13
TXN002708,8875,PAY,user031@okbank,2026,4,01/04/26,21:55:00,MER0038,MOBILE,12.983375012,77.5981091263,No,NONE,No,0.3
TXN002190,100,PAY,user034@okbank,2026,4,22/04/26,22:17:00,MER0099,IN_APP,13.0118161506,77.6055659349,No,NONE,No,0.52
TXN003162,100,PAY,user017@okbank,2026,6,16/06/26,4:01:00,MER0160,QR,12.9118100816,77.5679046188,No,NONE,No,0.36
TXN000252,16323,PAY,user009@okbank,2026,2,04/02/26,6:09:00,MER0170,QR,12.9558857121,77.4994665826,No,NONE,No,0.3
TXN003371,31614,PAY,user039@okbank,2026,5,20/05/26,19:06:00,MER0075,MANDATE,12.9164175849,77.5312420958,No,NONE,No,0.19
TXN001499,16940,PAY,user035@okbank,2026,5,09/05/26,18:12:00,MER0167,INTENT,12.9881698704,77.6544842274,No,NONE,No,0.41
TXN000985,18546,PAY,user032@okbank,2026,2,16/02/26,22:21:00,MER0044,IN_APP,12.9849521073,77.6504890939,No,NONE,No,0.25
TXN001896,4690,PAY,user016@okbank,2026,4,06/04/26,10:12:00,MER0170,QR,12.954279713,77.6252684485,No,NONE,No,0.39
TXN000396,13446,PAY,user027@okbank,2026,3,19/03/26,0:45:00,MER0015,COLLECT,12.9885969776,77.5979007194,No,NONE,No,0.47
TXN002904,100,PAY,user006@okbank,2026,6,19/06/26,16:10:00,MER0022,MANDATE,12.9745092567,77.5177046601,No,NONE,No,0.13
TXN002205,12095,PAY,user001@okbank,2026,1,27/01/26,11:32:00,MER0185,ACCOUNT_IFSC,12.8873318711,77.4815156142,No,NONE,No,0.33
TXN004634,6588,PAY,user022@okbank,2026,1,19/01/26,21:47:00,MER0045,MANDATE,12.9909224152,77.6792931239,No,NONE,No,0.35
TXN004895,1661,PAY,user026@okbank,2026,2,13/02/26,18:03:00,MER0129,VPA,12.9019677705,77.604258387,No,NONE,No,0.13
TXN003048,9160,PAY,user033@okbank,2026,1,02/01/26,17:59:00,MER0013,INTENT,12.9578111762,77.6169979403,No,NONE,No,0.29
TXN001827,4686,PAY,user009@okbank,2026,6,23/06/26,15:10:00,MER0060,MANDATE,13.0564561657,77.6254866865,No,NONE,No,0.36
TXN000365,4113,PAY,user015@okbank,2026,5,04/05/26,7:26:00,MER0189,VPA,13.0052544427,77.5728162315,No,NONE,No,0.12
TXN002640,9001,PAY,user005@okbank,2026,4,11/04/26,5:52:00,MER0021,VPA,13.003270194,77.6350078334,No,NONE,No,0.42
TXN001464,21910,PAY,user029@okbank,2026,6,14/06/26,9:39:00,MER0061,VPA,13.0811060311,77.5334540963,No,NONE,No,0.21
TXN003969,17931,PAY,user018@okbank,2026,4,18/04/26,1:11:00,MER0016,MOBILE,12.9141377923,77.5082495589,Yes,NONE,No,0.26
TXN003122,18342,PAY,user006@okbank,2026,1,27/01/26,22:53:00,MER0052,ACCOUNT_IFSC,12.9238543209,77.6369404864,No,NONE,No,0.38
TXN000903,31437,PAY,user036@okbank,2026,1,09/01/26,12:18:00,MER0010,INTENT,12.9697607105,77.6042914264,No,NONE,No,0.24
TXN002265,19278,PAY,user008@okbank,2026,6,27/06/26,2:41:00,MER0087,MOBILE,12.9231263211,77.5224303686,No,NONE,No,0.2
TXN001274,16882,PAY,user036@okbank,2026,6,04/06/26,7:27:00,MER0062,INTENT,12.9906315473,77.6032796979,No,NONE,No,0.23
TXN001569,19826,PAY,user039@okbank,2026,2,25/02/26,17:28:00,MER0066,QR,13.0784909021,77.5514529907,No,NONE,No,0.08
TXN004813,12048,PAY,user008@okbank,2026,3,24/03/26,0:38:00,MER0059,QR,12.9324762178,77.5597240452,No,NONE,No,0.41
TXN001339,22343,PAY,user026@okbank,2026,1,02/01/26,5:08:00,MER0136,COLLECT,12.9482933226,77.5265166368,No,NONE,No,0.17
TXN002790,6164,PAY,user038@okbank,2026,6,09/06/26,17:08:00,MER0044,QR,12.900985434,77.5340881903,No,NONE,No,0.2
TXN002298,7531,PAY,user025@okbank,2026,5,07/05/26,21:28:00,MER0147,INTENT,12.9631790755,77.5649623652,No,NONE,No,0.48
TXN000298,22269,PAY,user004@okbank,2026,1,06/01/26,9:20:00,MER0151,MANDATE,12.9884372596,77.5657762679,No,NONE,No,0.18
TXN002252,35110,PAY,user021@okbank,2026,4,13/04/26,18:38:00,MER0062,INTENT,13.066701391,77.5971949641,No,NONE,No,0.3
TXN000089,97021,PAY,user020@okbank,2026,5,03/05/26,18:42:00,MER0087,MANDATE,12.9550129154,77.5489217591,No,TASK_SCAM,Yes,0.98
TXN001067,2028,PAY,user046@okbank,2026,2,19/02/26,14:14:00,MER0069,MANDATE,12.9080504795,77.6363862532,No,NONE,No,0.12
TXN002642,18477,PAY,user031@okbank,2026,3,24/03/26,11:21:00,MER0086,MOBILE,12.9939537077,77.5548978794,No,NONE,No,0.02
TXN000177,72914,PAY,user004@okbank,2026,6,05/06/26,11:21:00,MER0084,VPA,13.0046608304,77.5769281783,No,COLLECT_REQUEST_FRAUD,Yes,0.64
TXN002086,1070,PAY,user013@okbank,2026,1,10/01/26,7:46:00,MER0141,MOBILE,12.9369144088,77.6294802038,No,NONE,No,0.27
TXN004941,100,PAY,user042@okbank,2026,1,25/01/26,11:40:00,MER0196,QR,12.9985407665,77.7081763246,No,NONE,No,0.28
TXN001057,11827,PAY,user002@okbank,2026,4,07/04/26,12:02:00,MER0135,IN_APP,12.9078582035,77.5018987411,No,NONE,No,0.17
TXN004750,2989,PAY,user007@okbank,2026,2,23/02/26,9:03:00,MER0053,MOBILE,12.9083230315,77.4915934896,No,NONE,No,0.39
TXN000987,17576,PAY,user043@okbank,2026,5,12/05/26,16:56:00,MER0093,IN_APP,12.9443959234,77.5744894292,No,NONE,No,0.21
TXN004170,17497,PAY,user020@okbank,2026,3,24/03/26,2:27:00,MER0146,INTENT,13.010867861,77.6098951075,No,NONE,No,0.11
TXN003428,4583,PAY,user017@okbank,2026,3,07/03/26,7:53:00,MER0038,MOBILE,13.0281070258,77.5668095876,No,NONE,No,0.28
TXN001178,30067,PAY,user014@okbank,2026,5,16/05/26,16:30:00,MER0024,IN_APP,13.0473835532,77.5998763797,No,NONE,No,0.06
TXN003572,7003,PAY,user024@okbank,2026,1,02/01/26,6:03:00,MER0052,VPA,13.0086185668,77.6838220809,No,NONE,No,0.35
TXN000938,8784,PAY,user035@okbank,2026,3,03/03/26,22:00:00,MER0179,ACCOUNT_IFSC,12.9525612135,77.6733438874,No,NONE,No,0.25
TXN004154,22384,PAY,user050@okbank,2026,1,06/01/26,1:13:00,MER0105,VPA,13.0637933631,77.5462867186,No,NONE,No,0.27
TXN004020,30684,PAY,user045@okbank,2026,3,21/03/26,19:56:00,MER0069,ACCOUNT_IFSC,13.0575554494,77.6262584255,No,NONE,No,0.47
TXN004279,14725,PAY,user013@okbank,2026,4,08/04/26,11:33:00,MER0007,ACCOUNT_IFSC,13.0008109025,77.6626111563,No,NONE,No,0.32
TXN004922,19764,PAY,user020@okbank,2026,5,13/05/26,4:01:00,MER0122,QR,13.0308382614,77.5314210331,No,NONE,No,0.41
TXN000728,17898,PAY,user003@okbank,2026,2,15/02/26,22:37:00,MER0150,MOBILE,12.8871685586,77.6252458984,No,NONE,No,0.16
TXN002972,13206,PAY,user043@okbank,2026,3,26/03/26,1:41:00,MER0151,MANDATE,12.9967520075,77.6728853153,No,NONE,No,0.35
TXN003366,4347,PAY,user016@okbank,2026,4,11/04/26,19:52:00,MER0077,VPA,12.9137520467,77.6208247119,No,NONE,No,0.23
TXN003350,12647,PAY,user038@okbank,2026,6,25/06/26,15:46:00,MER0024,MANDATE,13.0289821857,77.5272706793,No,NONE,No,0.14
TXN004212,14367,PAY,user020@okbank,2026,6,04/06/26,4:44:00,MER0082,QR,12.933321498,77.6225108665,No,NONE,No,0.19
TXN002961,1340,PAY,user028@okbank,2026,1,23/01/26,10:22:00,MER0040,VPA,12.9715830262,77.6059350842,No,NONE,No,0.31
TXN001159,17336,PAY,user021@okbank,2026,3,27/03/26,9:52:00,MER0067,ACCOUNT_IFSC,12.9682882521,77.6294358726,No,NONE,No,0.04
TXN000497,2305,PAY,user042@okbank,2026,6,15/06/26,5:32:00,MER0146,VPA,12.9245567279,77.6319493782,No,NONE,No,0.41
TXN002586,15285,PAY,user009@okbank,2026,4,06/04/26,1:06:00,MER0080,MOBILE,12.8815843459,77.615432887,No,NONE,No,0.52
TXN000456,7444,PAY,user009@okbank,2026,1,12/01/26,14:48:00,MER0173,COLLECT,12.9499358641,77.6378107593,No,NONE,No,0.1
TXN000645,2406,PAY,user010@okbank,2026,5,01/05/26,22:06:00,MER0001,IN_APP,13.009142362,77.5592317814,No,NONE,No,0.28
TXN001179,1898,PAY,user020@okbank,2026,5,21/05/26,0:14:00,MER0162,ACCOUNT_IFSC,12.9537062723,77.5542233647,No,NONE,No,0.33
TXN004474,21833,PAY,user045@okbank,2026,1,08/01/26,16:57:00,MER0051,VPA,12.9940819273,77.5426511101,No,NONE,No,0.32
TXN000179,73130,PAY,user005@okbank,2026,5,05/05/26,4:03:00,MER0088,MOBILE,13.0803206624,77.5478660473,No,FAKE_CUSTOMER_CARE,Yes,0.8
TXN004317,7943,PAY,user003@okbank,2026,6,13/06/26,0:47:00,MER0051,INTENT,13.0435751486,77.5698305783,No,NONE,No,0.41
TXN001098,2946,PAY,user001@okbank,2026,1,12/01/26,17:24:00,MER0096,IN_APP,12.9464547452,77.5870390597,No,NONE,No,0.35
TXN000725,2291,PAY,user005@okbank,2026,2,05/02/26,1:31:00,MER0130,MANDATE,12.9691968625,77.562911482,No,NONE,No,0.41
TXN001698,18511,PAY,user007@okbank,2026,6,27/06/26,11:04:00,MER0186,IN_APP,12.9428090015,77.5365789147,No,NONE,No,0.41
TXN003053,21527,PAY,user034@okbank,2026,1,19/01/26,16:44:00,MER0091,ACCOUNT_IFSC,13.0244970619,77.5266525237,No,NONE,No,0.61
TXN003096,21603,PAY,user015@okbank,2026,3,16/03/26,12:07:00,MER0049,IN_APP,12.9253291394,77.6802008858,No,NONE,No,0.33
TXN003033,20837,PAY,user042@okbank,2026,1,20/01/26,15:55:00,MER0112,QR,12.9933818444,77.6208549156,No,NONE,No,0.49
TXN003447,100,PAY,user010@okbank,2026,4,23/04/26,10:32:00,MER0066,VPA,12.9289355711,77.5678086947,No,NONE,No,0.38
TXN001970,6280,PAY,user003@okbank,2026,3,23/03/26,14:31:00,MER0018,MOBILE,12.9799889356,77.6276493772,No,NONE,No,0.37
TXN000877,100,PAY,user016@okbank,2026,5,20/05/26,11:10:00,MER0003,COLLECT,13.0377807962,77.6680452227,No,NONE,No,0.17
TXN000655,8347,PAY,user039@okbank,2026,3,10/03/26,18:47:00,MER0062,IN_APP,12.973167361,77.6457560584,No,NONE,No,0.12
TXN002156,33015,PAY,user003@okbank,2026,5,09/05/26,2:46:00,MER0161,MOBILE,12.8683629342,77.5313438899,No,NONE,No,0.17
TXN002303,5601,PAY,user006@okbank,2026,6,22/06/26,19:01:00,MER0127,MOBILE,12.9915577017,77.6036692431,No,NONE,No,0.61
TXN001345,20304,PAY,user045@okbank,2026,6,19/06/26,7:31:00,MER0025,IN_APP,12.9368937365,77.6494076148,No,NONE,No,0.28
TXN000257,21056,PAY,user044@okbank,2026,6,08/06/26,12:19:00,MER0103,COLLECT,12.9769037044,77.6346556906,No,NONE,No,0.38
TXN000103,89869,PAY,user031@okbank,2026,3,09/03/26,1:40:00,MER0128,COLLECT,12.9657452386,77.6320847918,No,TEST_THEN_DRAIN,Yes,0.93
TXN004395,26260,PAY,user005@okbank,2026,6,17/06/26,21:22:00,MER0033,VPA,12.9812857365,77.5049715975,No,NONE,No,0.36
TXN000469,24263,PAY,user045@okbank,2026,5,14/05/26,1:05:00,MER0200,IN_APP,13.0782948361,77.5121346673,No,NONE,No,0.2
TXN003338,16041,PAY,user040@okbank,2026,2,21/02/26,10:23:00,MER0125,VPA,12.9531665442,77.5793971201,No,NONE,No,0.14
TXN000013,56090,PAY,user021@okbank,2026,5,28/05/26,14:55:00,MER0108,COLLECT,12.9477787598,77.5750240616,No,SIM_SWAP_DRAIN,Yes,0.87
TXN000648,19822,PAY,user002@okbank,2026,2,03/02/26,18:39:00,MER0101,INTENT,13.0281111788,77.6070162604,No,NONE,No,0.04
TXN001776,23238,PAY,user043@okbank,2026,4,18/04/26,0:10:00,MER0086,VPA,13.0676237254,77.5875775358,No,NONE,No,0.15
TXN000918,475,PAY,user049@okbank,2026,4,22/04/26,10:53:00,MER0149,MOBILE,12.8966414728,77.615514336,No,NONE,No,0.4
TXN000200,90964,PAY,user023@okbank,2026,1,08/01/26,20:36:00,MER0079,VPA,12.953371268,77.6782615026,No,INVESTMENT_SCAM,Yes,0.77
TXN002241,100,PAY,user040@okbank,2026,3,13/03/26,7:11:00,MER0124,IN_APP,12.924834674,77.665466082,No,NONE,No,0.08
TXN001481,20063,PAY,user026@okbank,2026,1,09/01/26,7:56:00,MER0199,QR,12.9630393327,77.5907602699,No,NONE,No,0.2
TXN000261,12518,PAY,user021@okbank,2026,2,25/02/26,5:39:00,MER0072,IN_APP,12.8738001854,77.5152903576,No,NONE,No,0.43
TXN003749,22104,PAY,user024@okbank,2026,2,20/02/26,2:38:00,MER0111,ACCOUNT_IFSC,12.9306899652,77.5591940609,No,NONE,No,0.49
TXN003931,100,PAY,user003@okbank,2026,1,17/01/26,10:57:00,MER0015,INTENT,13.0055410747,77.6163580323,No,NONE,No,0.38
TXN003482,8766,PAY,user038@okbank,2026,6,27/06/26,1:40:00,MER0090,INTENT,12.9818634822,77.6380838654,No,NONE,No,0.44
TXN002776,15389,PAY,user015@okbank,2026,3,21/03/26,6:56:00,MER0007,MOBILE,12.9757768555,77.5243442161,No,NONE,No,0.33
TXN003910,2763,PAY,user008@okbank,2026,2,16/02/26,6:36:00,MER0133,INTENT,12.9359767808,77.6469708275,No,NONE,No,0.23
TXN002785,16811,PAY,user040@okbank,2026,4,06/04/26,15:50:00,MER0050,VPA,13.0414574095,77.595188016,No,NONE,No,0.23
TXN001843,19888,PAY,user035@okbank,2026,1,27/01/26,16:45:00,MER0108,MOBILE,12.9470907848,77.6197289716,No,NONE,No,0.45
TXN004609,29637,PAY,user034@okbank,2026,2,15/02/26,10:18:00,MER0023,COLLECT,12.9889955707,77.6077448793,No,NONE,No,0.17
TXN003834,17607,PAY,user033@okbank,2026,4,11/04/26,4:43:00,MER0043,ACCOUNT_IFSC,12.9876862491,77.5410844204,No,NONE,No,0.24
TXN000739,7495,PAY,user048@okbank,2026,2,23/02/26,4:45:00,MER0111,IN_APP,12.9491827265,77.5188160826,No,NONE,No,0.24
TXN000660,11325,PAY,user026@okbank,2026,4,12/04/26,9:16:00,MER0179,INTENT,12.8854841424,77.4607226967,No,NONE,No,0.26
TXN003373,100,PAY,user032@okbank,2026,3,25/03/26,7:02:00,MER0155,COLLECT,12.9770762724,77.5759877585,No,NONE,No,0.42
TXN003671,7322,PAY,user040@okbank,2026,5,20/05/26,10:10:00,MER0049,MANDATE,12.9575724251,77.5167106469,No,NONE,No,0.27
TXN000752,16493,PAY,user031@okbank,2026,2,07/02/26,7:38:00,MER0075,QR,12.9586101097,77.6454167043,No,NONE,No,0.46
TXN003379,9508,PAY,user030@okbank,2026,4,02/04/26,2:33:00,MER0106,ACCOUNT_IFSC,12.9277949708,77.5161155876,No,NONE,No,0.39
TXN004702,100,PAY,user018@okbank,2026,5,16/05/26,0:25:00,MER0073,VPA,12.9456754889,77.6112408571,No,NONE,No,0.42
TXN003591,36686,PAY,user043@okbank,2026,3,19/03/26,23:38:00,MER0110,VPA,13.0082310034,77.5217376603,No,NONE,No,0.5
TXN004035,15548,PAY,user013@okbank,2026,2,14/02/26,21:31:00,MER0182,QR,13.0026929742,77.5411511766,No,NONE,No,0.25
TXN003824,14050,PAY,user016@okbank,2026,1,14/01/26,4:00:00,MER0112,MOBILE,12.9450405225,77.5923791562,No,NONE,No,0.27
TXN003355,21572,PAY,user015@okbank,2026,1,13/01/26,17:49:00,MER0069,ACCOUNT_IFSC,12.9608096369,77.4856282672,No,NONE,No,0.19
TXN000742,4421,PAY,user037@okbank,2026,5,04/05/26,22:02:00,MER0184,VPA,12.9097154187,77.5845727086,No,NONE,No,0.39
TXN004951,16962,PAY,user027@okbank,2026,5,03/05/26,10:20:00,MER0157,VPA,12.8548585906,77.5733545788,No,NONE,No,0.32
TXN003342,20324,PAY,user003@okbank,2026,6,11/06/26,10:27:00,MER0101,IN_APP,12.9800779736,77.6264632689,No,NONE,No,0.44
TXN000149,63052,PAY,user026@okbank,2026,3,03/03/26,4:02:00,MER0167,COLLECT,12.9950253241,77.5666429669,No,MULE_ACCOUNT,Yes,0.9
TXN004555,20632,PAY,user019@okbank,2026,6,17/06/26,21:38:00,MER0078,VPA,12.9534473567,77.5843493332,No,NONE,No,0.2
TXN003943,17982,PAY,user026@okbank,2026,2,11/02/26,23:23:00,MER0049,VPA,12.9842221032,77.5845701039,No,NONE,No,0.53
TXN002244,8323,PAY,user049@okbank,2026,6,11/06/26,10:45:00,MER0099,MANDATE,12.8836576754,77.506659114,No,NONE,No,0.22
TXN000682,14232,PAY,user029@okbank,2026,6,06/06/26,23:16:00,MER0077,VPA,13.0112968265,77.6296018947,No,NONE,No,0.24
TXN004658,19146,PAY,user029@okbank,2026,2,19/02/26,12:06:00,MER0078,COLLECT,12.9056983521,77.5756288793,No,NONE,No,0.27
TXN001011,7373,PAY,user029@okbank,2026,2,11/02/26,1:39:00,MER0038,IN_APP,12.8943334626,77.656630542,No,NONE,No,0.35
TXN001190,17607,PAY,user009@okbank,2026,2,19/02/26,21:10:00,MER0168,INTENT,12.9167878141,77.5357389401,No,NONE,No,0.39
TXN003157,10867,PAY,user029@okbank,2026,5,12/05/26,1:14:00,MER0115,ACCOUNT_IFSC,12.9785868834,77.604321325,No,NONE,No,0.31
TXN004480,14371,PAY,user008@okbank,2026,4,02/04/26,0:40:00,MER0175,IN_APP,13.0412392578,77.6054937795,No,NONE,No,0.14
TXN003659,25090,PAY,user008@okbank,2026,1,24/01/26,8:12:00,MER0013,VPA,12.987309938,77.6214148061,No,NONE,No,0.33
TXN001156,14487,PAY,user036@okbank,2026,4,16/04/26,10:43:00,MER0073,IN_APP,12.994949858,77.5195939292,No,NONE,No,0.41
TXN004004,1403,PAY,user035@okbank,2026,3,24/03/26,15:58:00,MER0086,QR,12.9764794896,77.5369572555,No,NONE,No,0.36
TXN004647,11744,PAY,user020@okbank,2026,1,19/01/26,3:06:00,MER0182,ACCOUNT_IFSC,13.017166838,77.5299223613,No,NONE,No,0.24
TXN003349,47010,PAY,user027@okbank,2026,6,10/06/26,3:33:00,MER0073,MANDATE,13.0036016783,77.602136702,No,NONE,No,0.22
TXN002747,29026,PAY,user025@okbank,2026,1,24/01/26,20:28:00,MER0134,INTENT,12.9549084162,77.5666627719,No,NONE,No,0.25
TXN000773,6925,PAY,user035@okbank,2026,2,16/02/26,11:08:00,MER0122,ACCOUNT_IFSC,12.9872540524,77.6775495143,No,NONE,No,0.29
TXN003406,28185,PAY,user037@okbank,2026,6,25/06/26,5:50:00,MER0162,VPA,13.0660970568,77.5892252046,No,NONE,No,0.15
TXN001342,10877,PAY,user023@okbank,2026,3,17/03/26,23:06:00,MER0166,IN_APP,12.8961828643,77.6909286497,No,NONE,No,0.15
TXN001602,3793,PAY,user006@okbank,2026,5,26/05/26,22:02:00,MER0160,VPA,12.9668382123,77.5733048783,No,NONE,No,0.49
TXN004987,17701,PAY,user032@okbank,2026,2,06/02/26,21:51:00,MER0148,MANDATE,12.9835850697,77.5895746293,No,NONE,No,0.31
TXN003559,22641,PAY,user040@okbank,2026,6,08/06/26,3:19:00,MER0200,QR,12.9694576675,77.6368605154,No,NONE,No,0.06
TXN002217,787,PAY,user044@okbank,2026,1,01/01/26,7:23:00,MER0110,VPA,13.0181076507,77.6166251199,No,NONE,No,0.29
TXN002230,4396,PAY,user045@okbank,2026,6,19/06/26,23:27:00,MER0082,COLLECT,13.0696916924,77.6029373763,No,NONE,No,0.37
TXN001699,19010,PAY,user036@okbank,2026,2,27/02/26,1:18:00,MER0018,ACCOUNT_IFSC,12.9575664852,77.6749068105,No,NONE,No,0.35
TXN004556,10180,PAY,user041@okbank,2026,6,09/06/26,0:02:00,MER0070,QR,12.8900278444,77.674858453,No,NONE,No,0.28
TXN004118,15853,PAY,user028@okbank,2026,3,11/03/26,7:36:00,MER0138,VPA,12.98058052,77.6406802105,No,NONE,No,0.19
TXN000277,100,PAY,user037@okbank,2026,5,06/05/26,1:00:00,MER0055,VPA,12.9648840595,77.6547904266,No,NONE,No,0.25
TXN000253,14940,PAY,user009@okbank,2026,5,12/05/26,8:54:00,MER0063,ACCOUNT_IFSC,13.0616739719,77.4737869512,No,NONE,No,0.32
TXN000499,100,PAY,user027@okbank,2026,4,25/04/26,2:45:00,MER0117,VPA,12.9816083886,77.6298272786,No,NONE,No,0.29
TXN002741,25743,PAY,user041@okbank,2026,4,23/04/26,4:39:00,MER0017,VPA,13.0137344545,77.5857338478,No,NONE,No,0.4
TXN000016,105925,PAY,user039@okbank,2026,1,28/01/26,10:19:00,MER0065,VPA,12.9225456697,77.5914880151,No,FAKE_CUSTOMER_CARE,Yes,0.68
TXN002786,10060,PAY,user014@okbank,2026,5,10/05/26,19:04:00,MER0062,MOBILE,12.8474679665,77.5540959323,No,NONE,No,0.42
TXN004580,20343,PAY,user004@okbank,2026,6,26/06/26,23:00:00,MER0073,QR,12.9951140634,77.5831970751,No,NONE,No,0.08
TXN001331,33949,PAY,user024@okbank,2026,6,13/06/26,11:36:00,MER0126,QR,12.9684964888,77.6285553589,No,NONE,No,0.36
TXN001599,12157,PAY,user036@okbank,2026,2,11/02/26,1:17:00,MER0001,MANDATE,13.0699413322,77.5161683754,No,NONE,No,0.33
TXN002135,22940,PAY,user005@okbank,2026,4,06/04/26,2:32:00,MER0163,INTENT,13.0109092059,77.6211330572,No,NONE,No,0.28
TXN000085,25168,PAY,user048@okbank,2026,6,24/06/26,22:00:00,MER0119,VPA,12.9716231863,77.5966863848,No,FAKE_CUSTOMER_CARE,Yes,0.62
TXN004880,100,PAY,user019@okbank,2026,6,14/06/26,18:56:00,MER0057,INTENT,12.9576579388,77.609711459,No,NONE,No,0.02
TXN004706,20462,PAY,user048@okbank,2026,3,06/03/26,1:36:00,MER0154,IN_APP,12.9830631348,77.6376088045,No,NONE,No,0.3
TXN003804,22119,PAY,user047@okbank,2026,3,26/03/26,7:22:00,MER0095,COLLECT,13.0664979522,77.6342451434,No,NONE,No,0.37
TXN000364,7399,PAY,user049@okbank,2026,1,03/01/26,19:02:00,MER0120,MANDATE,12.9506759903,77.6257918508,No,NONE,No,0.48
TXN000058,63015,PAY,user016@okbank,2026,4,11/04/26,21:43:00,MER0108,COLLECT,12.9829426939,77.5806757224,No,TEST_THEN_DRAIN,Yes,0.7
TXN003332,10945,PAY,user026@okbank,2026,5,12/05/26,17:41:00,MER0030,ACCOUNT_IFSC,12.9658682357,77.5558792495,No,NONE,No,0.08
TXN004605,470,PAY,user016@okbank,2026,2,09/02/26,17:10:00,MER0071,MANDATE,12.9083501416,77.6070716136,No,NONE,No,0.48
TXN003025,6949,PAY,user037@okbank,2026,2,14/02/26,19:35:00,MER0007,VPA,12.9604179857,77.5744568013,No,NONE,No,0.02
TXN002274,100,PAY,user029@okbank,2026,3,21/03/26,21:01:00,MER0081,MANDATE,13.017259799,77.5080389865,No,NONE,No,0.17
TXN000690,16161,PAY,user006@okbank,2026,5,06/05/26,12:47:00,MER0100,QR,12.9728772106,77.5688521351,No,NONE,No,0.26
TXN001645,31657,PAY,user013@okbank,2026,4,27/04/26,19:10:00,MER0006,COLLECT,12.960259285,77.588357935,No,NONE,No,0.45
TXN004931,26743,PAY,user026@okbank,2026,2,08/02/26,21:29:00,MER0174,IN_APP,12.8479830122,77.5942787086,No,NONE,No,0.29
TXN003965,391,PAY,user044@okbank,2026,5,13/05/26,7:43:00,MER0188,QR,12.9747769463,77.7082556336,No,NONE,No,0.45
TXN000250,40726,PAY,user026@okbank,2026,5,14/05/26,0:19:00,MER0086,QR,12.9342438678,77.6178831451,No,SIM_SWAP_DRAIN,Yes,0.78
TXN003356,13882,PAY,user036@okbank,2026,2,26/02/26,5:29:00,MER0174,IN_APP,12.9221410816,77.6326291051,No,NONE,No,0.35
TXN004342,1564,PAY,user021@okbank,2026,2,09/02/26,12:34:00,MER0042,ACCOUNT_IFSC,12.9522383619,77.6132503464,No,NONE,No,0.43
TXN000733,11570,PAY,user043@okbank,2026,5,26/05/26,15:33:00,MER0180,ACCOUNT_IFSC,13.0229970795,77.6055159475,No,NONE,No,0.25
TXN004243,19878,PAY,user003@okbank,2026,2,07/02/26,8:48:00,MER0198,INTENT,12.9791871436,77.6025868508,No,NONE,No,0.19
TXN004339,40643,PAY,user050@okbank,2026,2,27/02/26,18:16:00,MER0100,MOBILE,12.962730665,77.5932434876,No,NONE,No,0.3
TXN003540,12869,PAY,user035@okbank,2026,2,04/02/26,0:34:00,MER0117,COLLECT,12.906763534,77.5658894274,No,NONE,No,0.07
TXN003475,100,PAY,user004@okbank,2026,3,14/03/26,9:48:00,MER0121,ACCOUNT_IFSC,12.9996160157,77.6005251276,No,NONE,No,0.45
TXN002740,18149,PAY,user044@okbank,2026,6,12/06/26,19:16:00,MER0094,VPA,12.9788176474,77.5664929824,No,NONE,No,0.46
TXN002228,4495,PAY,user039@okbank,2026,3,11/03/26,21:17:00,MER0187,COLLECT,12.9623842633,77.5647787986,No,NONE,No,0.16
TXN004138,15203,PAY,user042@okbank,2026,1,27/01/26,20:54:00,MER0016,MANDATE,12.9231238261,77.6204405722,No,NONE,No,0.47
TXN002148,20660,PAY,user022@okbank,2026,2,01/02/26,19:50:00,MER0070,COLLECT,13.0052960266,77.5315359248,No,NONE,No,0.08
TXN003440,18475,PAY,user024@okbank,2026,4,20/04/26,0:24:00,MER0106,COLLECT,12.9380533284,77.5622005673,No,NONE,No,0.17
TXN000504,18009,PAY,user021@okbank,2026,1,11/01/26,19:37:00,MER0165,QR,13.0199912586,77.6277048898,No,NONE,No,0.24
TXN003415,14463,PAY,user050@okbank,2026,3,12/03/26,13:50:00,MER0141,ACCOUNT_IFSC,12.8929999739,77.6494596408,No,NONE,No,0.19
TXN001432,25714,PAY,user025@okbank,2026,4,22/04/26,17:05:00,MER0045,ACCOUNT_IFSC,12.9777600923,77.5451746467,No,NONE,No,0.31
TXN003838,16426,PAY,user050@okbank,2026,3,10/03/26,3:08:00,MER0128,ACCOUNT_IFSC,12.9445173134,77.5431262687,No,NONE,No,0.35
TXN001534,25497,PAY,user050@okbank,2026,6,22/06/26,16:17:00,MER0061,COLLECT,12.9072460213,77.6672280039,No,NONE,No,0.17
TXN004683,9958,PAY,user005@okbank,2026,4,13/04/26,21:25:00,MER0016,COLLECT,13.0116816516,77.5789479199,No,NONE,No,0.3
TXN003803,17143,PAY,user050@okbank,2026,6,28/06/26,3:23:00,MER0001,QR,12.9787479863,77.6216896581,No,NONE,No,0.09
TXN004520,27700,PAY,user029@okbank,2026,2,09/02/26,1:46:00,MER0168,ACCOUNT_IFSC,12.9675420302,77.5461320635,No,NONE,No,0.02
TXN000199,25414,PAY,user021@okbank,2026,4,11/04/26,9:58:00,MER0171,COLLECT,12.9654879667,77.5716713684,No,MANDATE_FRAUD,Yes,0.98
TXN003061,4659,PAY,user015@okbank,2026,1,19/01/26,14:09:00,MER0048,INTENT,12.9558804467,77.5989645,No,NONE,No,0.3
TXN001549,7281,PAY,user041@okbank,2026,6,07/06/26,18:11:00,MER0120,MANDATE,13.0441372848,77.614714211,No,NONE,No,0.08
TXN000939,16106,PAY,user038@okbank,2026,6,07/06/26,15:05:00,MER0144,MANDATE,12.9897728261,77.5782506963,No,NONE,No,0.43
TXN000577,5130,PAY,user031@okbank,2026,6,08/06/26,11:33:00,MER0086,QR,12.9273366736,77.5836842759,No,NONE,No,0.26
TXN000183,81807,PAY,user046@okbank,2026,4,22/04/26,12:48:00,MER0061,MOBILE,12.9608612594,77.5822235342,No,TASK_SCAM,Yes,0.72
TXN000301,15091,PAY,user003@okbank,2026,6,15/06/26,14:56:00,MER0104,MANDATE,13.0224170991,77.5086965102,No,NONE,No,0.32
TXN001960,32804,PAY,user022@okbank,2026,6,01/06/26,5:19:00,MER0106,QR,12.9441018387,77.5028375586,No,NONE,No,0.38
TXN004189,29715,PAY,user035@okbank,2026,3,09/03/26,18:18:00,MER0039,VPA,12.9847824117,77.5735600576,No,NONE,No,0.09
TXN000122,49857,PAY,user036@okbank,2026,2,24/02/26,9:50:00,MER0128,IN_APP,12.9427779322,77.6038538141,No,REMOTE_ACCESS_FRAUD,Yes,0.69
TXN003203,100,PAY,user005@okbank,2026,1,21/01/26,15:18:00,MER0193,MANDATE,12.955771524,77.5673364986,No,NONE,No,0.25
TXN000131,57769,PAY,user049@okbank,2026,6,08/06/26,2:49:00,MER0121,VPA,12.9271321971,77.5794585968,No,FAKE_CUSTOMER_CARE,Yes,0.72
TXN003259,12948,PAY,user010@okbank,2026,1,17/01/26,23:58:00,MER0200,MANDATE,12.9379869029,77.5815787208,No,NONE,No,0.2
TXN004772,12845,PAY,user021@okbank,2026,1,26/01/26,17:54:00,MER0138,QR,13.0628915678,77.5878377567,No,NONE,No,0.27
TXN003145,10452,PAY,user030@okbank,2026,6,25/06/26,6:20:00,MER0168,ACCOUNT_IFSC,12.9708251275,77.6418252808,No,NONE,No,0.24
TXN003563,21460,PAY,user011@okbank,2026,1,21/01/26,7:18:00,MER0169,INTENT,12.9498302287,77.6324431269,No,NONE,No,0.3
TXN002973,15188,PAY,user030@okbank,2026,1,03/01/26,10:44:00,MER0165,QR,12.9553233261,77.505017683,No,NONE,No,0.23
TXN001329,14886,PAY,user049@okbank,2026,5,15/05/26,22:42:00,MER0096,MOBILE,13.0186511718,77.622689146,No,NONE,No,0.35
TXN004844,15270,PAY,user005@okbank,2026,3,02/03/26,14:46:00,MER0144,IN_APP,13.0445778005,77.5389255962,No,NONE,No,0.25
TXN003131,33622,PAY,user050@okbank,2026,6,03/06/26,1:58:00,MER0123,IN_APP,12.9596699679,77.5787484013,No,NONE,No,0.33
TXN002936,100,PAY,user026@okbank,2026,1,27/01/26,4:01:00,MER0007,VPA,12.9827695935,77.5333259895,No,NONE,No,0.23
TXN001669,25331,PAY,user003@okbank,2026,5,06/05/26,20:23:00,MER0134,VPA,12.9565125377,77.6216539449,No,NONE,No,0.27
TXN003557,100,PAY,user020@okbank,2026,6,15/06/26,17:01:00,MER0118,VPA,12.9450826977,77.608168918,No,NONE,No,0.12
TXN000684,22761,PAY,user046@okbank,2026,1,16/01/26,18:48:00,MER0010,INTENT,13.0469143332,77.6425485215,No,NONE,No,0.21
TXN004513,16495,PAY,user027@okbank,2026,6,27/06/26,6:37:00,MER0082,COLLECT,12.9834990801,77.6401845238,No,NONE,No,0.05
TXN004538,12142,PAY,user011@okbank,2026,2,24/02/26,10:55:00,MER0163,MOBILE,12.9089008715,77.5609508144,No,NONE,No,0.25
TXN002977,15205,PAY,user003@okbank,2026,5,21/05/26,8:10:00,MER0199,QR,13.0066608524,77.5276135039,No,NONE,No,0.46
TXN004694,11978,PAY,user004@okbank,2026,5,11/05/26,11:28:00,MER0019,ACCOUNT_IFSC,12.9479831797,77.5361727736,No,NONE,No,0.39
TXN004060,11114,PAY,user022@okbank,2026,5,15/05/26,1:00:00,MER0160,MANDATE,12.997932874,77.5770860423,No,NONE,No,0.19
TXN003512,17661,PAY,user031@okbank,2026,6,20/06/26,9:40:00,MER0117,VPA,12.9338474298,77.6072059535,No,NONE,No,0.53
TXN004405,18337,PAY,user002@okbank,2026,2,06/02/26,14:44:00,MER0090,COLLECT,13.0248445339,77.5842510583,No,NONE,No,0.58
TXN004157,100,PAY,user008@okbank,2026,6,07/06/26,5:26:00,MER0137,COLLECT,12.9531748609,77.6356437401,No,NONE,No,0.29
TXN003092,7201,PAY,user020@okbank,2026,2,18/02/26,15:52:00,MER0138,IN_APP,12.9580228283,77.6006076371,No,NONE,No,0.12
TXN004790,100,PAY,user046@okbank,2026,3,08/03/26,11:46:00,MER0160,IN_APP,12.9972835192,77.5325897113,Yes,NONE,No,0.34
TXN000952,12517,PAY,user025@okbank,2026,3,21/03/26,15:57:00,MER0092,MOBILE,12.9949479706,77.5447601561,No,NONE,No,0.23
TXN001849,15106,PAY,user049@okbank,2026,3,21/03/26,21:34:00,MER0176,IN_APP,12.9376275648,77.6365608799,No,NONE,No,0.5
TXN003194,25377,PAY,user044@okbank,2026,6,26/06/26,7:52:00,MER0030,IN_APP,12.9915706839,77.552400499,No,NONE,No,0.25
TXN003753,9256,PAY,user006@okbank,2026,1,27/01/26,4:55:00,MER0182,QR,13.0009982153,77.514717242,No,NONE,No,0.15
TXN000921,19362,PAY,user050@okbank,2026,4,20/04/26,5:28:00,MER0039,INTENT,12.9548903088,77.607373335,No,NONE,No,0.58
TXN003634,18771,PAY,user044@okbank,2026,2,18/02/26,15:50:00,MER0038,VPA,13.0805040547,77.5717749038,No,NONE,No,0.2
TXN004962,143,PAY,user014@okbank,2026,4,02/04/26,14:37:00,MER0034,QR,12.9432512659,77.5796957367,No,NONE,No,0.16
TXN003893,12494,PAY,user018@okbank,2026,2,19/02/26,7:16:00,MER0012,VPA,12.9474288047,77.6238769951,No,NONE,No,0.27
TXN003756,43392,PAY,user036@okbank,2026,6,22/06/26,3:20:00,MER0188,VPA,13.0135652037,77.5719626591,No,NONE,No,0.24
TXN003658,100,PAY,user010@okbank,2026,5,05/05/26,11:34:00,MER0190,QR,12.890212813,77.561724889,No,NONE,No,0.57
TXN001202,15187,PAY,user011@okbank,2026,4,06/04/26,10:41:00,MER0089,MANDATE,13.1201500845,77.5942960253,No,NONE,No,0.17
TXN004324,28664,PAY,user036@okbank,2026,6,15/06/26,16:17:00,MER0098,QR,12.9325965181,77.619393346,No,NONE,No,0.16
TXN004251,13935,PAY,user049@okbank,2026,3,08/03/26,6:32:00,MER0176,QR,13.0285893449,77.5898603613,No,NONE,No,0.4
TXN002020,100,PAY,user033@okbank,2026,4,19/04/26,9:49:00,MER0074,IN_APP,13.0050983054,77.5671983408,No,NONE,No,0.36
TXN002370,3669,PAY,user019@okbank,2026,1,24/01/26,0:00:00,MER0028,ACCOUNT_IFSC,12.9433354028,77.6531956685,No,NONE,No,0.38
TXN001631,26982,PAY,user024@okbank,2026,5,27/05/26,7:09:00,MER0025,COLLECT,13.0436229325,77.6209798459,No,NONE,No,0.04
TXN003544,27618,PAY,user013@okbank,2026,5,24/05/26,2:17:00,MER0149,ACCOUNT_IFSC,12.9647499901,77.6285987965,No,NONE,No,0.33
TXN004074,22250,PAY,user041@okbank,2026,6,19/06/26,8:06:00,MER0021,ACCOUNT_IFSC,13.0193264113,77.5992419255,No,NONE,No,0.14
TXN003889,1237,PAY,user017@okbank,2026,4,06/04/26,9:22:00,MER0087,COLLECT,12.9627476682,77.5702820095,No,NONE,No,0.09
TXN000672,12303,PAY,user012@okbank,2026,2,12/02/26,9:25:00,MER0021,VPA,12.9316574458,77.5561758025,No,NONE,No,0.23
TXN004026,25695,PAY,user021@okbank,2026,3,01/03/26,5:41:00,MER0188,INTENT,13.0310899709,77.6589050416,No,NONE,No,0.51
TXN003743,15907,PAY,user001@okbank,2026,4,13/04/26,7:24:00,MER0147,IN_APP,12.9173023698,77.6066800124,No,NONE,No,0.18
TXN004506,26802,PAY,user048@okbank,2026,5,03/05/26,12:57:00,MER0167,INTENT,13.0127200038,77.6341706369,No,NONE,No,0.32
TXN003742,32528,PAY,user024@okbank,2026,5,02/05/26,20:29:00,MER0098,COLLECT,13.0952818827,77.5700183857,No,NONE,No,0.18
TXN002426,6126,PAY,user024@okbank,2026,3,11/03/26,2:30:00,MER0011,COLLECT,13.0197436766,77.5815713548,Yes,NONE,No,0.2
TXN001441,3538,PAY,user013@okbank,2026,6,16/06/26,8:54:00,MER0049,COLLECT,12.962308694,77.6346346854,No,NONE,No,0.36
TXN000053,86347,PAY,user032@okbank,2026,1,14/01/26,9:10:00,MER0176,IN_APP,12.974360653,77.6046091036,No,COLLECT_REQUEST_FRAUD,Yes,0.7
TXN003270,8665,PAY,user043@okbank,2026,3,10/03/26,3:19:00,MER0046,VPA,12.9104255554,77.6313814078,No,NONE,No,0.15
TXN001267,16522,PAY,user034@okbank,2026,3,16/03/26,15:08:00,MER0016,IN_APP,13.004962635,77.6052953501,No,NONE,No,0.12
TXN003329,16951,PAY,user009@okbank,2026,6,17/06/26,7:56:00,MER0136,COLLECT,12.9858645087,77.6028044453,No,NONE,No,0.22
TXN000893,23285,PAY,user033@okbank,2026,2,01/02/26,10:34:00,MER0046,COLLECT,12.9464444935,77.5649713732,No,NONE,No,0.08
TXN003717,8149,PAY,user029@okbank,2026,3,10/03/26,1:13:00,MER0151,MANDATE,12.9296132931,77.5471321065,No,NONE,No,0.23
TXN000254,8676,PAY,user020@okbank,2026,2,06/02/26,10:18:00,MER0142,VPA,13.0364306479,77.6038640799,No,NONE,No,0.44
TXN000801,23751,PAY,user008@okbank,2026,3,01/03/26,2:18:00,MER0017,ACCOUNT_IFSC,12.9675998356,77.6296710352,No,NONE,No,0.22
TXN001501,100,PAY,user046@okbank,2026,3,03/03/26,7:04:00,MER0094,INTENT,12.9916876217,77.53541729,No,NONE,No,0.21
TXN004141,27396,PAY,user038@okbank,2026,4,19/04/26,6:05:00,MER0105,VPA,12.9366382273,77.6704414402,No,NONE,No,0.33
TXN004640,9779,PAY,user037@okbank,2026,2,08/02/26,15:01:00,MER0064,COLLECT,12.9446836263,77.5769615427,No,NONE,No,0.23
TXN000909,17770,PAY,user021@okbank,2026,1,17/01/26,6:31:00,MER0026,INTENT,13.0238222346,77.5623909901,No,NONE,No,0.4
TXN004269,3889,PAY,user028@okbank,2026,5,13/05/26,17:27:00,MER0083,ACCOUNT_IFSC,12.8791358909,77.6128059886,No,NONE,No,0.16
TXN001840,40034,PAY,user039@okbank,2026,1,12/01/26,15:18:00,MER0121,COLLECT,12.9147619308,77.611115163,No,NONE,No,0.24
TXN003849,24022,PAY,user032@okbank,2026,4,06/04/26,21:19:00,MER0184,ACCOUNT_IFSC,12.9519706812,77.6313368444,No,NONE,No,0.22
TXN003235,19275,PAY,user034@okbank,2026,2,05/02/26,20:37:00,MER0133,COLLECT,13.0544606571,77.6885237975,No,NONE,No,0.47
TXN004215,25863,PAY,user017@okbank,2026,1,24/01/26,6:40:00,MER0193,VPA,12.9745295415,77.5368177994,No,NONE,No,0.02
TXN002919,26858,PAY,user031@okbank,2026,4,20/04/26,22:05:00,MER0083,INTENT,13.0074729973,77.5496541835,No,NONE,No,0.41
TXN002210,100,PAY,user026@okbank,2026,2,16/02/26,18:10:00,MER0008,QR,12.9762837571,77.6023575508,No,NONE,No,0.25
TXN000891,5892,PAY,user019@okbank,2026,1,16/01/26,5:36:00,MER0152,MANDATE,12.9349134381,77.7201514441,No,NONE,No,0.02
TXN003457,5492,PAY,user022@okbank,2026,5,15/05/26,14:02:00,MER0154,INTENT,13.0569458332,77.542479404,No,NONE,No,0.38
TXN002583,10324,PAY,user008@okbank,2026,5,22/05/26,8:21:00,MER0110,MANDATE,13.009882454,77.6115046889,No,NONE,No,0.28
TXN004206,9187,PAY,user035@okbank,2026,4,06/04/26,16:11:00,MER0196,COLLECT,12.9638091048,77.6252953442,No,NONE,No,0.38
TXN004900,19596,PAY,user044@okbank,2026,3,03/03/26,15:19:00,MER0032,MANDATE,12.9279678103,77.5921598698,No,NONE,No,0.14
TXN001153,29549,PAY,user006@okbank,2026,2,23/02/26,4:28:00,MER0143,VPA,12.9421064067,77.6413624243,No,NONE,No,0.12
TXN004500,3113,PAY,user031@okbank,2026,3,12/03/26,1:06:00,MER0114,INTENT,13.0397468393,77.549033481,No,NONE,No,0.16
TXN002927,19233,PAY,user006@okbank,2026,4,01/04/26,3:50:00,MER0111,QR,12.9411650571,77.5659380467,No,NONE,No,0.34
TXN002010,16913,PAY,user001@okbank,2026,2,14/02/26,8:17:00,MER0095,INTENT,12.8924936384,77.5985073075,No,NONE,No,0.34
TXN002510,20195,PAY,user039@okbank,2026,5,19/05/26,2:27:00,MER0081,VPA,12.9723972333,77.4558497758,No,NONE,No,0.16
TXN000069,56233,PAY,user029@okbank,2026,3,11/03/26,4:23:00,MER0056,IN_APP,12.9459837562,77.5998143471,No,COLLECT_REQUEST_FRAUD,Yes,0.75
TXN003117,25683,PAY,user003@okbank,2026,2,19/02/26,1:17:00,MER0063,ACCOUNT_IFSC,12.9755458138,77.5698058747,No,NONE,No,0.25
TXN000956,6656,PAY,user050@okbank,2026,3,17/03/26,22:14:00,MER0157,COLLECT,12.9159376022,77.6030838364,Yes,NONE,No,0.19
TXN003087,3987,PAY,user020@okbank,2026,1,11/01/26,6:24:00,MER0188,VPA,12.9699512759,77.5688641173,No,NONE,No,0.02
TXN004293,20405,PAY,user037@okbank,2026,6,03/06/26,15:50:00,MER0041,QR,12.9679618592,77.6676256593,No,NONE,No,0.17
TXN002153,30352,PAY,user044@okbank,2026,3,26/03/26,8:34:00,MER0198,QR,12.9754839817,77.6104443166,No,NONE,No,0.23
TXN004943,37990,PAY,user028@okbank,2026,2,15/02/26,3:14:00,MER0143,QR,13.0143839189,77.6733837332,No,NONE,No,0.34
TXN004557,18728,PAY,user021@okbank,2026,3,01/03/26,3:50:00,MER0166,IN_APP,12.9708298111,77.6476200158,No,NONE,No,0.28
TXN002677,27647,PAY,user010@okbank,2026,3,26/03/26,16:12:00,MER0167,ACCOUNT_IFSC,12.873928823,77.5348768726,No,NONE,No,0.18
TXN003504,22335,PAY,user018@okbank,2026,4,27/04/26,1:09:00,MER0132,VPA,13.0678325449,77.526207159,No,NONE,No,0.02
TXN001581,35765,PAY,user048@okbank,2026,2,11/02/26,15:23:00,MER0166,MANDATE,12.9810253039,77.6078451703,No,NONE,No,0.45
TXN001638,100,PAY,user005@okbank,2026,3,03/03/26,11:36:00,MER0045,IN_APP,12.9557627481,77.6490549689,No,NONE,No,0.38
TXN003060,29116,PAY,user031@okbank,2026,5,18/05/26,15:36:00,MER0155,IN_APP,13.0244370992,77.608291889,No,NONE,No,0.26
TXN001898,1272,PAY,user032@okbank,2026,5,07/05/26,14:03:00,MER0110,MANDATE,12.9731008907,77.6940752739,No,NONE,No,0.24
TXN000506,29871,PAY,user037@okbank,2026,4,05/04/26,16:31:00,MER0084,ACCOUNT_IFSC,12.9250541905,77.5539510163,No,NONE,No,0.26
TXN000373,21133,PAY,user005@okbank,2026,1,08/01/26,0:39:00,MER0103,QR,12.8960585752,77.6531463421,No,NONE,No,0.52
TXN002159,26104,PAY,user046@okbank,2026,5,16/05/26,5:10:00,MER0033,COLLECT,13.0312002303,77.6397987336,No,NONE,No,0.14
TXN004487,15414,PAY,user049@okbank,2026,1,05/01/26,11:35:00,MER0081,MOBILE,13.0346319007,77.6372184142,No,NONE,No,0.27
TXN000406,29632,PAY,user026@okbank,2026,2,10/02/26,6:34:00,MER0140,INTENT,12.9874371157,77.5361984024,No,NONE,No,0.43
TXN001971,10498,PAY,user035@okbank,2026,2,23/02/26,13:28:00,MER0162,INTENT,12.9590188088,77.6073046036,No,NONE,No,0.21
TXN003942,21708,PAY,user010@okbank,2026,2,26/02/26,20:20:00,MER0124,COLLECT,12.9255258788,77.5285736767,No,NONE,No,0.26
TXN001947,2023,PAY,user003@okbank,2026,3,03/03/26,12:06:00,MER0144,INTENT,12.9458498198,77.6142790447,No,NONE,No,0.35
TXN004831,24545,PAY,user017@okbank,2026,2,10/02/26,12:21:00,MER0092,MOBILE,12.9716111341,77.6431114653,No,NONE,No,0.26
TXN003775,12366,PAY,user006@okbank,2026,2,26/02/26,2:54:00,MER0002,VPA,13.0230948154,77.6362302741,No,NONE,No,0.24
TXN003806,31121,PAY,user019@okbank,2026,3,26/03/26,8:27:00,MER0045,COLLECT,12.9898061297,77.5041048304,No,NONE,No,0.23
TXN003525,28363,PAY,user018@okbank,2026,3,05/03/26,0:57:00,MER0014,QR,12.9515268378,77.6088725104,No,NONE,No,0.4
TXN002602,33972,PAY,user007@okbank,2026,3,12/03/26,19:34:00,MER0191,QR,12.9946155756,77.6026938353,No,NONE,No,0.45
TXN004877,20435,PAY,user035@okbank,2026,2,09/02/26,13:30:00,MER0135,IN_APP,13.0007026254,77.5558019415,No,NONE,No,0.39
TXN004388,17917,PAY,user045@okbank,2026,5,04/05/26,0:13:00,MER0004,VPA,12.9407684188,77.5686311274,No,NONE,No,0.26
TXN003392,22845,PAY,user029@okbank,2026,2,12/02/26,20:05:00,MER0134,INTENT,12.9557562252,77.5301498411,No,NONE,No,0.26
TXN000883,9312,PAY,user001@okbank,2026,6,04/06/26,5:10:00,MER0135,IN_APP,13.0127214849,77.597429608,No,NONE,No,0.35
TXN001538,19011,PAY,user019@okbank,2026,3,18/03/26,9:14:00,MER0163,MOBILE,12.8512290995,77.6179220278,No,NONE,No,0.34
TXN000845,45363,PAY,user038@okbank,2026,2,17/02/26,11:42:00,MER0140,QR,12.9799719522,77.629170165,No,NONE,No,0.2
TXN002950,25606,PAY,user024@okbank,2026,6,16/06/26,16:48:00,MER0046,MANDATE,13.0247207691,77.5994697019,No,NONE,No,0.31
TXN004695,100,PAY,user050@okbank,2026,3,03/03/26,4:52:00,MER0005,IN_APP,13.0009129804,77.5158659026,No,NONE,No,0.08
TXN002721,34383,PAY,user048@okbank,2026,1,14/01/26,5:25:00,MER0190,VPA,12.9149198163,77.5338267609,No,NONE,No,0.02
TXN001140,14993,PAY,user014@okbank,2026,5,01/05/26,6:52:00,MER0132,VPA,13.0675200732,77.521939429,No,NONE,No,0.15
TXN003527,17167,PAY,user014@okbank,2026,1,25/01/26,1:38:00,MER0075,ACCOUNT_IFSC,12.9756134365,77.550605516,No,NONE,No,0.52
TXN000704,20779,PAY,user026@okbank,2026,1,11/01/26,16:49:00,MER0024,ACCOUNT_IFSC,12.9436750119,77.5271331962,No,NONE,No,0.16
TXN003324,15984,PAY,user020@okbank,2026,2,15/02/26,1:20:00,MER0165,COLLECT,12.9883953947,77.5933760072,No,NONE,No,0.13
TXN002305,38014,PAY,user026@okbank,2026,4,28/04/26,7:56:00,MER0039,MOBILE,12.9572904987,77.5921264596,No,NONE,No,0.22
TXN000528,100,PAY,user027@okbank,2026,4,19/04/26,22:23:00,MER0032,MOBILE,12.9443462616,77.5721592803,No,NONE,No,0.38
TXN000056,60675,PAY,user045@okbank,2026,1,10/01/26,23:53:00,MER0170,IN_APP,12.9911391109,77.6111212956,No,FAKE_CUSTOMER_CARE,Yes,0.6
TXN000326,16869,PAY,user035@okbank,2026,6,23/06/26,4:07:00,MER0190,MANDATE,13.0443100044,77.6739131257,No,NONE,No,0.41
TXN000476,26324,PAY,user049@okbank,2026,2,23/02/26,0:06:00,MER0159,ACCOUNT_IFSC,13.0601122327,77.516722875,No,NONE,No,0.33
TXN003280,22296,PAY,user047@okbank,2026,6,12/06/26,6:19:00,MER0052,INTENT,13.001784636,77.6391098471,No,NONE,No,0.26
TXN002035,100,PAY,user026@okbank,2026,4,06/04/26,16:48:00,MER0080,QR,12.9031064811,77.7153643521,No,NONE,No,0.36
TXN000709,24152,PAY,user041@okbank,2026,5,21/05/26,21:48:00,MER0137,IN_APP,12.9541173794,77.5582734858,No,NONE,No,0.24
TXN001305,19115,PAY,user013@okbank,2026,2,21/02/26,9:45:00,MER0143,ACCOUNT_IFSC,13.0043947024,77.5823367181,No,NONE,No,0.33
TXN003013,16763,PAY,user002@okbank,2026,4,20/04/26,0:30:00,MER0130,IN_APP,13.0215346809,77.6078990025,No,NONE,No,0.26
TXN004425,23642,PAY,user036@okbank,2026,3,04/03/26,4:29:00,MER0051,MOBILE,12.9285361139,77.6352946118,No,NONE,No,0.33
TXN000492,8190,PAY,user022@okbank,2026,6,17/06/26,6:59:00,MER0072,QR,12.9790731001,77.50866309,No,NONE,No,0.47
TXN003073,4648,PAY,user033@okbank,2026,5,25/05/26,6:33:00,MER0140,COLLECT,12.8963532479,77.6085699207,No,NONE,No,0.28
TXN001106,26419,PAY,user011@okbank,2026,5,22/05/26,23:41:00,MER0060,MOBILE,12.9893612666,77.6397761091,No,NONE,No,0.32
TXN002772,34685,PAY,user011@okbank,2026,3,19/03/26,2:02:00,MER0187,INTENT,12.9518728507,77.559606485,No,NONE,No,0.4
TXN000034,29794,PAY,user001@okbank,2026,1,06/01/26,3:50:00,MER0124,MOBILE,12.9377781649,77.5517840481,No,ACCOUNT_TAKEOVER,Yes,0.58
TXN003011,32859,PAY,user016@okbank,2026,4,01/04/26,8:02:00,MER0083,MANDATE,12.9976223658,77.5838549999,No,NONE,No,0.23
TXN002655,26479,PAY,user037@okbank,2026,3,11/03/26,17:01:00,MER0142,VPA,12.9633805884,77.6540468806,No,NONE,No,0.41
TXN001367,26124,PAY,user016@okbank,2026,3,07/03/26,15:45:00,MER0143,COLLECT,12.9873420434,77.6695548589,No,NONE,No,0.22
TXN003543,3353,PAY,user021@okbank,2026,6,17/06/26,1:35:00,MER0126,INTENT,13.0022082132,77.5766939384,No,NONE,No,0.42
TXN002660,18153,PAY,user050@okbank,2026,6,17/06/26,12:20:00,MER0036,MANDATE,13.0683024938,77.589700779,No,NONE,No,0.02
TXN004179,100,PAY,user005@okbank,2026,3,02/03/26,6:16:00,MER0123,COLLECT,12.9736322573,77.6258667569,No,NONE,No,0.3
TXN003761,8155,PAY,user001@okbank,2026,4,01/04/26,21:39:00,MER0008,INTENT,12.8870303587,77.5785902798,No,NONE,No,0.15
TXN001490,100,PAY,user002@okbank,2026,4,27/04/26,22:09:00,MER0147,IN_APP,12.9288096578,77.5852211026,No,NONE,No,0.5
TXN001528,30500,PAY,user050@okbank,2026,1,07/01/26,5:43:00,MER0061,MANDATE,12.9236225523,77.5943434614,No,NONE,No,0.33
TXN002462,30907,PAY,user018@okbank,2026,2,07/02/26,20:18:00,MER0181,VPA,12.9861483025,77.5168126925,No,NONE,No,0.27
TXN004382,17282,PAY,user038@okbank,2026,2,24/02/26,19:15:00,MER0083,MANDATE,12.9442765419,77.5464862571,No,NONE,No,0.44
TXN002154,100,PAY,user025@okbank,2026,6,08/06/26,10:47:00,MER0160,ACCOUNT_IFSC,12.9789227765,77.5698071371,No,NONE,No,0.15
TXN000968,7643,PAY,user007@okbank,2026,6,06/06/26,13:45:00,MER0157,ACCOUNT_IFSC,12.8918641077,77.5786751506,No,NONE,No,0.4
TXN003421,26409,PAY,user040@okbank,2026,2,12/02/26,12:29:00,MER0076,QR,13.0214813663,77.6245089357,Yes,NONE,No,0.19
TXN003444,30379,PAY,user040@okbank,2026,1,01/01/26,21:45:00,MER0068,IN_APP,12.9248025601,77.5938860623,No,NONE,No,0.3
TXN004682,13490,PAY,user021@okbank,2026,3,12/03/26,15:32:00,MER0143,VPA,12.9736783386,77.5767917893,No,NONE,No,0.48
TXN004539,12601,PAY,user033@okbank,2026,1,24/01/26,5:41:00,MER0170,COLLECT,12.948388082,77.5108013532,No,NONE,No,0.2
TXN002653,13758,PAY,user027@okbank,2026,1,26/01/26,22:32:00,MER0136,COLLECT,12.9402082452,77.6324836029,No,NONE,No,0.27
TXN002249,11317,PAY,user020@okbank,2026,6,28/06/26,15:16:00,MER0106,IN_APP,12.8141440828,77.5763245146,No,NONE,No,0.13
TXN003812,17982,PAY,user032@okbank,2026,1,19/01/26,17:44:00,MER0034,COLLECT,13.0082045086,77.6272614641,No,NONE,No,0.39
TXN003823,25037,PAY,user002@okbank,2026,5,25/05/26,22:51:00,MER0134,COLLECT,13.0491151263,77.5718804859,No,NONE,No,0.29
TXN002270,933,PAY,user028@okbank,2026,6,03/06/26,14:35:00,MER0126,INTENT,12.9722711587,77.639106016,No,NONE,No,0.3
TXN004540,11153,PAY,user050@okbank,2026,6,08/06/26,5:54:00,MER0078,INTENT,12.9260427315,77.5799002859,No,NONE,No,0.38
TXN000930,27592,PAY,user009@okbank,2026,1,12/01/26,18:11:00,MER0034,MOBILE,13.0542050988,77.6174466194,No,NONE,No,0.16
TXN000866,3913,PAY,user030@okbank,2026,3,10/03/26,3:33:00,MER0178,ACCOUNT_IFSC,12.9746309967,77.5351927042,No,NONE,No,0.2
TXN004471,11233,PAY,user035@okbank,2026,1,08/01/26,16:19:00,MER0024,IN_APP,12.9744902312,77.6675502536,No,NONE,No,0.11
TXN002703,4681,PAY,user007@okbank,2026,4,01/04/26,0:41:00,MER0075,QR,13.0166305233,77.6425461379,No,NONE,No,0.32
TXN003983,21611,PAY,user003@okbank,2026,4,13/04/26,0:52:00,MER0044,QR,13.0231390392,77.6012432954,No,NONE,No,0.33
TXN001782,10444,PAY,user020@okbank,2026,1,05/01/26,6:32:00,MER0122,COLLECT,12.8910337669,77.6102244331,No,NONE,No,0.44
TXN003869,100,PAY,user025@okbank,2026,2,10/02/26,2:08:00,MER0116,IN_APP,13.0120349804,77.6286139409,No,NONE,No,0.09
TXN004217,15982,PAY,user032@okbank,2026,3,03/03/26,18:39:00,MER0112,COLLECT,12.9453207379,77.5369405268,No,NONE,No,0.48
TXN004865,5234,PAY,user048@okbank,2026,6,05/06/26,18:50:00,MER0077,ACCOUNT_IFSC,12.9467322515,77.5708630089,No,NONE,No,0.29
TXN000844,100,PAY,user035@okbank,2026,6,28/06/26,13:16:00,MER0075,MOBILE,12.9837275747,77.5662480254,No,NONE,No,0.39
TXN001663,28040,PAY,user013@okbank,2026,3,16/03/26,19:49:00,MER0038,VPA,12.9875451873,77.5507199765,No,NONE,No,0.02
TXN000436,25958,PAY,user022@okbank,2026,4,15/04/26,9:04:00,MER0004,MOBILE,12.8957362591,77.6014701825,No,NONE,No,0.03
TXN004597,32848,PAY,user030@okbank,2026,2,08/02/26,9:17:00,MER0148,MOBILE,13.0549891723,77.6583433793,No,NONE,No,0.09
TXN001855,18563,PAY,user019@okbank,2026,3,27/03/26,6:30:00,MER0124,MOBILE,12.9791854617,77.6059342137,No,NONE,No,0.33
TXN004421,4881,PAY,user005@okbank,2026,3,17/03/26,0:07:00,MER0190,QR,12.9447450158,77.5134598447,No,NONE,No,0.45
TXN003449,24495,PAY,user011@okbank,2026,6,20/06/26,6:09:00,MER0124,INTENT,13.0166507745,77.4717019178,No,NONE,No,0.31
TXN000790,7092,PAY,user044@okbank,2026,5,16/05/26,21:34:00,MER0156,MOBILE,12.9732391361,77.613313499,No,NONE,No,0.08
TXN003872,28149,PAY,user001@okbank,2026,4,26/04/26,1:56:00,MER0123,QR,13.0078706502,77.5590169163,No,NONE,No,0.41
TXN004155,7081,PAY,user040@okbank,2026,1,27/01/26,17:44:00,MER0162,QR,13.0060339826,77.6567410381,No,NONE,No,0.5
TXN000343,7891,PAY,user035@okbank,2026,6,16/06/26,10:07:00,MER0085,IN_APP,12.8679146706,77.5906653329,No,NONE,No,0.11
TXN003432,15982,PAY,user009@okbank,2026,5,08/05/26,13:22:00,MER0180,QR,12.9633842721,77.6185693383,No,NONE,No,0.39
TXN003041,8017,PAY,user005@okbank,2026,1,15/01/26,22:15:00,MER0072,IN_APP,12.9686010948,77.4831883629,No,NONE,No,0.5
TXN004981,19596,PAY,user018@okbank,2026,6,21/06/26,11:33:00,MER0120,ACCOUNT_IFSC,13.0454616025,77.5614842873,No,NONE,No,0.22
TXN001987,7057,PAY,user025@okbank,2026,6,05/06/26,20:39:00,MER0094,VPA,12.9406826856,77.5817274686,No,NONE,No,0.29
TXN000047,77636,PAY,user034@okbank,2026,5,14/05/26,23:28:00,MER0125,QR,12.9412965829,77.6486077573,No,TASK_SCAM,Yes,0.84
TXN002309,17742,PAY,user030@okbank,2026,3,16/03/26,8:11:00,MER0171,VPA,13.1065870045,77.5590747547,No,NONE,No,0.38
TXN002766,22977,PAY,user037@okbank,2026,3,25/03/26,6:26:00,MER0032,IN_APP,12.9053344114,77.6243442759,No,NONE,No,0.24
TXN001358,25192,PAY,user008@okbank,2026,6,14/06/26,17:32:00,MER0174,IN_APP,12.931840022,77.6072009728,No,NONE,No,0.23
TXN000669,25138,PAY,user042@okbank,2026,5,05/05/26,4:43:00,MER0176,INTENT,13.0181355659,77.601234103,No,NONE,No,0.19
TXN002572,19183,PAY,user015@okbank,2026,3,18/03/26,21:28:00,MER0103,VPA,12.8954786266,77.5941888394,No,NONE,No,0.27
TXN003678,17964,PAY,user028@okbank,2026,6,03/06/26,0:11:00,MER0115,QR,13.01349445,77.5391030557,No,NONE,No,0.38
TXN001444,27705,PAY,user045@okbank,2026,1,14/01/26,4:55:00,MER0132,IN_APP,12.971404677,77.5372903398,No,NONE,No,0.3
TXN004010,26395,PAY,user024@okbank,2026,2,03/02/26,3:59:00,MER0010,MANDATE,12.9656110536,77.538822386,No,NONE,No,0.28
TXN004358,100,PAY,user021@okbank,2026,6,19/06/26,15:59:00,MER0027,VPA,13.031198906,77.6318348062,No,NONE,No,0.36
TXN004608,19114,PAY,user037@okbank,2026,4,08/04/26,14:54:00,MER0117,ACCOUNT_IFSC,12.9648489651,77.6687395693,No,NONE,No,0.17
TXN002723,10977,PAY,user039@okbank,2026,2,13/02/26,14:46:00,MER0074,INTENT,13.0857850345,77.5593031239,No,NONE,No,0.1
TXN002355,20874,PAY,user040@okbank,2026,1,03/01/26,22:06:00,MER0157,ACCOUNT_IFSC,12.9188371179,77.6212642228,No,NONE,No,0.13
TXN004113,13276,PAY,user034@okbank,2026,1,05/01/26,6:42:00,MER0061,QR,12.9922956241,77.565085372,No,NONE,No,0.24
TXN000820,27268,PAY,user012@okbank,2026,6,05/06/26,20:30:00,MER0107,COLLECT,12.969618896,77.6141959859,No,NONE,No,0.37
TXN001882,17570,PAY,user021@okbank,2026,4,19/04/26,16:30:00,MER0015,IN_APP,12.9110789931,77.6181408619,No,NONE,No,0.11
TXN000803,22462,PAY,user027@okbank,2026,6,25/06/26,4:13:00,MER0115,MANDATE,13.0151176092,77.6108939285,No,NONE,No,0.12
TXN003898,10888,PAY,user019@okbank,2026,6,12/06/26,15:09:00,MER0127,VPA,12.9861902622,77.6250295893,No,NONE,No,0.38
TXN003150,27909,PAY,user049@okbank,2026,5,09/05/26,2:32:00,MER0054,MOBILE,12.9530460524,77.5908764283,No,NONE,No,0.04
TXN001915,17879,PAY,user036@okbank,2026,5,09/05/26,13:43:00,MER0169,INTENT,12.9644637628,77.5702980966,No,NONE,No,0.29
TXN003604,4576,PAY,user033@okbank,2026,3,03/03/26,20:13:00,MER0064,INTENT,12.9565039134,77.5279859956,No,NONE,No,0.37
TXN003959,9837,PAY,user012@okbank,2026,2,10/02/26,15:40:00,MER0166,INTENT,12.9349512242,77.6081956811,No,NONE,No,0.1
TXN002105,12484,PAY,user027@okbank,2026,6,19/06/26,9:55:00,MER0032,ACCOUNT_IFSC,12.9382832133,77.5648852802,No,NONE,No,0.31
TXN003234,24732,PAY,user035@okbank,2026,2,18/02/26,7:51:00,MER0162,IN_APP,12.9771539742,77.5636272513,No,NONE,No,0.3
TXN002476,16589,PAY,user045@okbank,2026,1,08/01/26,5:42:00,MER0013,IN_APP,12.911050832,77.5452288998,No,NONE,No,0.31
TXN001070,3487,PAY,user019@okbank,2026,2,14/02/26,7:10:00,MER0185,MOBILE,12.9958307516,77.5833125499,No,NONE,No,0.18
TXN003341,9477,PAY,user031@okbank,2026,3,22/03/26,5:43:00,MER0179,ACCOUNT_IFSC,12.9637086572,77.5952093006,No,NONE,No,0.11
TXN004906,10903,PAY,user039@okbank,2026,2,24/02/26,12:17:00,MER0121,IN_APP,12.9258325448,77.6238354846,No,NONE,No,0.43
TXN001839,10174,PAY,user023@okbank,2026,2,10/02/26,1:45:00,MER0106,COLLECT,12.9792551604,77.6657018605,No,NONE,No,0.29
TXN002312,4291,PAY,user043@okbank,2026,5,14/05/26,8:11:00,MER0102,VPA,12.9591151583,77.5729473858,No,NONE,No,0.21
TXN004633,17720,PAY,user026@okbank,2026,4,27/04/26,16:39:00,MER0180,MANDATE,12.9891053224,77.6691362849,No,NONE,No,0.19
TXN003201,5662,PAY,user020@okbank,2026,2,04/02/26,6:19:00,MER0043,ACCOUNT_IFSC,13.0841787599,77.6101038248,No,NONE,No,0.45
TXN003077,14457,PAY,user032@okbank,2026,4,08/04/26,9:42:00,MER0074,INTENT,12.8923233894,77.5445555139,No,NONE,No,0.18
TXN000888,16626,PAY,user046@okbank,2026,1,23/01/26,13:14:00,MER0189,IN_APP,12.95628234,77.6142117542,No,NONE,No,0.23
TXN004333,4791,PAY,user008@okbank,2026,1,27/01/26,6:13:00,MER0062,ACCOUNT_IFSC,12.9759401987,77.5585619081,No,NONE,No,0.29
TXN004648,20670,PAY,user024@okbank,2026,1,19/01/26,12:55:00,MER0156,ACCOUNT_IFSC,12.950792928,77.5820039436,No,NONE,No,0.57
TXN002538,17061,PAY,user039@okbank,2026,4,27/04/26,21:30:00,MER0040,COLLECT,12.9162359414,77.5692141807,No,NONE,No,0.38
TXN002441,618,PAY,user032@okbank,2026,6,19/06/26,4:27:00,MER0021,COLLECT,13.0209007286,77.5789253846,No,NONE,No,0.35
TXN003245,14669,PAY,user029@okbank,2026,2,10/02/26,12:13:00,MER0191,INTENT,12.9352887738,77.4726742216,No,NONE,No,0.27
TXN001504,26593,PAY,user036@okbank,2026,3,10/03/26,20:10:00,MER0002,INTENT,12.9470520278,77.5664594915,No,NONE,No,0.27
TXN001675,18818,PAY,user019@okbank,2026,6,13/06/26,20:16:00,MER0123,ACCOUNT_IFSC,12.9000075092,77.5316831402,No,NONE,No,0.18
TXN002306,6517,PAY,user012@okbank,2026,4,14/04/26,9:59:00,MER0018,MANDATE,13.0025368663,77.5745428678,No,NONE,No,0.26
TXN001988,11502,PAY,user034@okbank,2026,1,22/01/26,2:14:00,MER0018,ACCOUNT_IFSC,12.9142290757,77.584847807,No,NONE,No,0.21
TXN004313,18901,PAY,user013@okbank,2026,2,16/02/26,16:47:00,MER0095,VPA,12.9936454613,77.6413531763,No,NONE,No,0.18
TXN002515,25472,PAY,user039@okbank,2026,4,10/04/26,7:22:00,MER0177,INTENT,12.9527724992,77.6418342005,No,NONE,No,0.29
TXN002604,24532,PAY,user036@okbank,2026,3,06/03/26,3:40:00,MER0152,ACCOUNT_IFSC,12.9083652644,77.5046673134,No,NONE,No,0.33
TXN002029,17550,PAY,user042@okbank,2026,2,23/02/26,5:14:00,MER0021,INTENT,12.924669255,77.5906221729,No,NONE,No,0.57
TXN002417,100,PAY,user048@okbank,2026,2,05/02/26,7:29:00,MER0056,INTENT,12.9816732385,77.6023562033,No,NONE,No,0.47
TXN004887,16660,PAY,user006@okbank,2026,2,22/02/26,10:08:00,MER0039,INTENT,12.9159249726,77.6023867337,No,NONE,No,0.22
TXN001804,16556,PAY,user010@okbank,2026,2,21/02/26,21:47:00,MER0188,VPA,13.0269886187,77.5496796859,No,NONE,No,0.26
TXN003106,23373,PAY,user005@okbank,2026,4,08/04/26,11:04:00,MER0132,ACCOUNT_IFSC,12.8927661087,77.6312548615,No,NONE,No,0.2
TXN004176,7722,PAY,user041@okbank,2026,2,22/02/26,6:18:00,MER0054,IN_APP,12.9703083449,77.6016440813,No,NONE,No,0.02
TXN004834,13674,PAY,user039@okbank,2026,3,11/03/26,2:41:00,MER0171,VPA,12.9305823251,77.6013534275,No,NONE,No,0.42
TXN003896,30057,PAY,user033@okbank,2026,4,03/04/26,23:09:00,MER0163,MOBILE,13.0849757515,77.6185925329,No,NONE,No,0.41
TXN000543,17118,PAY,user033@okbank,2026,5,08/05/26,7:39:00,MER0188,QR,12.9946805096,77.6010559903,No,NONE,No,0.21
TXN003377,21172,PAY,user024@okbank,2026,5,08/05/26,13:46:00,MER0068,VPA,13.0245434583,77.5182087342,No,NONE,No,0.18
TXN002464,1736,PAY,user017@okbank,2026,6,15/06/26,12:18:00,MER0150,QR,12.914485922,77.6242048338,No,NONE,No,0.37
TXN003028,14405,PAY,user040@okbank,2026,6,02/06/26,19:39:00,MER0145,ACCOUNT_IFSC,12.9339853137,77.6269577177,No,NONE,No,0.17
TXN001529,5058,PAY,user012@okbank,2026,2,12/02/26,8:53:00,MER0001,IN_APP,13.0211320814,77.6172976796,No,NONE,No,0.29
TXN002002,32210,PAY,user048@okbank,2026,2,09/02/26,15:41:00,MER0116,IN_APP,12.9817621491,77.6361511542,No,NONE,No,0.34
TXN003596,5995,PAY,user047@okbank,2026,4,14/04/26,2:04:00,MER0191,MANDATE,12.9803026987,77.5847062853,No,NONE,No,0.17
TXN003422,7704,PAY,user017@okbank,2026,4,15/04/26,12:43:00,MER0196,MOBILE,12.9016941782,77.5018375244,No,NONE,No,0.57
TXN001886,16752,PAY,user006@okbank,2026,3,28/03/26,23:23:00,MER0034,ACCOUNT_IFSC,13.024405176,77.6660734361,No,NONE,No,0.32
TXN001994,100,PAY,user017@okbank,2026,1,23/01/26,1:29:00,MER0119,VPA,12.9358524851,77.6400883357,No,NONE,No,0.25
TXN000248,43118,PAY,user030@okbank,2026,2,13/02/26,12:15:00,MER0188,COLLECT,12.8996401831,77.627321454,No,INVESTMENT_SCAM,Yes,0.79
TXN000022,83083,PAY,user035@okbank,2026,3,10/03/26,22:34:00,MER0035,ACCOUNT_IFSC,12.9752823548,77.5309212416,No,REMOTE_ACCESS_FRAUD,Yes,0.77
TXN002300,11134,PAY,user016@okbank,2026,4,20/04/26,10:28:00,MER0165,MOBILE,12.9108457418,77.5664134655,No,NONE,No,0.35
TXN000051,44903,PAY,user031@okbank,2026,2,03/02/26,17:40:00,MER0141,COLLECT,13.0442040329,77.6051581266,No,FAKE_CUSTOMER_CARE,Yes,0.62
TXN000578,20274,PAY,user045@okbank,2026,1,17/01/26,20:55:00,MER0062,INTENT,12.9315759392,77.6631827785,No,NONE,No,0.46
TXN003446,29708,PAY,user021@okbank,2026,5,23/05/26,19:21:00,MER0075,ACCOUNT_IFSC,12.9701272869,77.5628598936,No,NONE,No,0.2
TXN004505,7534,PAY,user047@okbank,2026,1,10/01/26,3:02:00,MER0104,COLLECT,13.025787797,77.6015947576,No,NONE,No,0.13
TXN003745,17742,PAY,user007@okbank,2026,6,17/06/26,15:49:00,MER0066,INTENT,13.0482789367,77.5238125034,No,NONE,No,0.12
TXN003906,22213,PAY,user003@okbank,2026,6,27/06/26,14:22:00,MER0110,MANDATE,13.010018593,77.6303735984,No,NONE,No,0.27
TXN001740,7453,PAY,user014@okbank,2026,1,22/01/26,5:12:00,MER0171,INTENT,12.9476228054,77.6192666135,No,NONE,No,0.35
TXN003218,13802,PAY,user044@okbank,2026,4,23/04/26,23:07:00,MER0026,MOBILE,12.9755287783,77.6147782728,No,NONE,No,0.23
TXN002410,3554,PAY,user019@okbank,2026,6,13/06/26,21:35:00,MER0086,VPA,13.0883729643,77.5474176161,No,NONE,No,0.13
TXN002080,11307,PAY,user048@okbank,2026,6,27/06/26,13:54:00,MER0200,ACCOUNT_IFSC,12.9619018595,77.5560298782,No,NONE,No,0.09
TXN000302,23730,PAY,user008@okbank,2026,6,18/06/26,17:15:00,MER0091,ACCOUNT_IFSC,12.9686737436,77.6279641998,No,NONE,No,0.27
TXN002138,31754,PAY,user046@okbank,2026,3,15/03/26,2:26:00,MER0151,MOBILE,12.9469514848,77.5658158639,No,NONE,No,0.11
TXN002106,32724,PAY,user023@okbank,2026,4,06/04/26,13:14:00,MER0172,MOBILE,13.0245946323,77.6806372054,No,NONE,No,0.3
TXN000152,48754,PAY,user023@okbank,2026,1,27/01/26,21:29:00,MER0108,VPA,12.9670330229,77.569599299,No,FAKE_CUSTOMER_CARE,Yes,0.47
TXN001938,30974,PAY,user037@okbank,2026,2,14/02/26,14:10:00,MER0137,ACCOUNT_IFSC,12.8437723333,77.5930718869,No,NONE,No,0.35
TXN004479,10070,PAY,user033@okbank,2026,2,27/02/26,5:40:00,MER0052,MANDATE,12.9190167056,77.6332559604,No,NONE,No,0.21
TXN001551,3591,PAY,user030@okbank,2026,5,07/05/26,15:45:00,MER0120,VPA,13.0231378601,77.5782406558,No,NONE,No,0.39
TXN003841,14151,PAY,user003@okbank,2026,6,06/06/26,19:16:00,MER0008,IN_APP,12.9276485097,77.5253248766,No,NONE,No,0.42
TXN004282,5533,PAY,user034@okbank,2026,4,11/04/26,21:32:00,MER0028,IN_APP,13.0435363874,77.5342951413,No,NONE,No,0.23
TXN001052,9611,PAY,user047@okbank,2026,5,16/05/26,23:32:00,MER0006,COLLECT,13.0055424564,77.6462507857,Yes,NONE,No,0.3
TXN001312,908,PAY,user022@okbank,2026,1,12/01/26,21:36:00,MER0081,MANDATE,12.9734269331,77.5873564877,No,NONE,No,0.07
TXN001950,21435,PAY,user047@okbank,2026,4,15/04/26,17:51:00,MER0074,COLLECT,12.9652670485,77.5513088339,No,NONE,No,0.59
TXN004722,7826,PAY,user019@okbank,2026,3,04/03/26,21:05:00,MER0186,ACCOUNT_IFSC,12.9745871918,77.6769914166,No,NONE,No,0.09
TXN003722,22330,PAY,user017@okbank,2026,3,14/03/26,0:32:00,MER0197,ACCOUNT_IFSC,12.9673954664,77.5011147941,No,NONE,No,0.18
TXN000389,19453,PAY,user049@okbank,2026,4,20/04/26,9:38:00,MER0071,IN_APP,13.0168984387,77.5767102327,No,NONE,No,0.23
TXN003046,29702,PAY,user041@okbank,2026,2,14/02/26,17:49:00,MER0079,MANDATE,12.9132433608,77.6243519619,No,NONE,No,0.32
TXN003813,15952,PAY,user034@okbank,2026,4,10/04/26,0:12:00,MER0119,MOBILE,13.0161285546,77.6825592546,No,NONE,No,0.27
TXN003274,26535,PAY,user028@okbank,2026,5,11/05/26,3:12:00,MER0023,ACCOUNT_IFSC,12.9142012821,77.5642517974,No,NONE,No,0.29
TXN004486,16809,PAY,user050@okbank,2026,1,19/01/26,18:41:00,MER0178,INTENT,12.9887998851,77.6037539164,No,NONE,No,0.14
TXN000860,28193,PAY,user017@okbank,2026,2,15/02/26,23:12:00,MER0155,COLLECT,12.939867069,77.5421861432,No,NONE,No,0.25
TXN002150,26256,PAY,user021@okbank,2026,2,15/02/26,20:53:00,MER0085,ACCOUNT_IFSC,12.9765029922,77.5754889046,No,NONE,No,0.05
TXN004913,5851,PAY,user034@okbank,2026,6,03/06/26,8:40:00,MER0197,COLLECT,13.0228423402,77.5793917529,No,NONE,No,0.27
TXN004991,13548,PAY,user047@okbank,2026,6,07/06/26,16:58:00,MER0020,VPA,12.8886509704,77.63972048,No,NONE,No,0.3
TXN004088,23929,PAY,user036@okbank,2026,4,08/04/26,23:08:00,MER0075,ACCOUNT_IFSC,12.9966510369,77.5888195012,No,NONE,No,0.23
TXN000234,32239,PAY,user025@okbank,2026,4,05/04/26,15:05:00,MER0056,VPA,12.9629976231,77.5670475832,No,ACCOUNT_TAKEOVER,Yes,0.56
TXN002960,13414,PAY,user047@okbank,2026,6,11/06/26,5:10:00,MER0195,COLLECT,12.9965802191,77.4645333197,No,NONE,No,0.02
TXN000428,7966,PAY,user019@okbank,2026,5,05/05/26,21:54:00,MER0078,VPA,12.9693368234,77.4782133147,No,NONE,No,0.34
TXN004587,3920,PAY,user023@okbank,2026,4,21/04/26,7:49:00,MER0194,IN_APP,12.9595743794,77.6148595014,No,NONE,No,0.21
TXN004753,14757,PAY,user003@okbank,2026,3,20/03/26,18:36:00,MER0180,MANDATE,12.9313142847,77.5126508709,No,NONE,No,0.02
TXN002575,21149,PAY,user049@okbank,2026,6,20/06/26,12:36:00,MER0111,VPA,12.9410660431,77.5976545389,No,NONE,No,0.02
TXN001105,10058,PAY,user029@okbank,2026,4,01/04/26,14:23:00,MER0077,INTENT,13.0542477679,77.5817372633,No,NONE,No,0.15
TXN002504,20368,PAY,user017@okbank,2026,6,16/06/26,23:21:00,MER0019,IN_APP,12.9686550025,77.5944610859,No,NONE,No,0.13
TXN004993,10930,PAY,user050@okbank,2026,2,26/02/26,11:56:00,MER0047,IN_APP,12.9474480122,77.6495692791,No,NONE,No,0.26
TXN001928,14772,PAY,user019@okbank,2026,5,27/05/26,19:10:00,MER0082,MANDATE,13.0175728155,77.5231728708,No,NONE,No,0.44
TXN003196,18552,PAY,user028@okbank,2026,2,17/02/26,8:09:00,MER0123,MANDATE,12.87578141,77.6090880936,No,NONE,No,0.5
TXN001108,1848,PAY,user047@okbank,2026,5,04/05/26,21:56:00,MER0084,VPA,12.9746533167,77.5732132258,No,NONE,No,0.26
TXN004092,16999,PAY,user023@okbank,2026,5,02/05/26,22:03:00,MER0145,COLLECT,12.9020172291,77.6044244189,No,NONE,No,0.37
TXN004276,15300,PAY,user035@okbank,2026,1,20/01/26,16:29:00,MER0086,INTENT,12.9652472702,77.6185292053,No,NONE,No,0.23
TXN000146,31878,PAY,user047@okbank,2026,1,21/01/26,7:14:00,MER0028,COLLECT,12.8875691102,77.6616756258,No,QR_DECEPTION,Yes,0.62
TXN003265,31971,PAY,user037@okbank,2026,6,11/06/26,7:32:00,MER0200,QR,12.8939728178,77.5180635836,No,NONE,No,0.47
TXN000539,14425,PAY,user042@okbank,2026,6,08/06/26,11:15:00,MER0139,MOBILE,12.9285287983,77.5252531204,No,NONE,No,0.24
TXN004896,8836,PAY,user028@okbank,2026,4,08/04/26,12:46:00,MER0180,MOBILE,12.94369581,77.5978650483,No,NONE,No,0.14
TXN002286,14462,PAY,user023@okbank,2026,4,09/04/26,21:05:00,MER0093,VPA,12.9846332998,77.5024909455,No,NONE,No,0.21
TXN004124,16259,PAY,user003@okbank,2026,4,03/04/26,13:46:00,MER0112,QR,13.0017906565,77.6026281549,No,NONE,No,0.27
TXN002458,11800,PAY,user015@okbank,2026,6,17/06/26,6:14:00,MER0105,COLLECT,12.910736689,77.576860002,No,NONE,No,0.44
TXN000822,27926,PAY,user023@okbank,2026,2,07/02/26,20:13:00,MER0040,ACCOUNT_IFSC,13.0365758425,77.6198417997,No,NONE,No,0.27
TXN003322,100,PAY,user014@okbank,2026,4,05/04/26,15:29:00,MER0041,IN_APP,12.9681575707,77.4963876658,No,NONE,No,0.55
TXN002577,21109,PAY,user042@okbank,2026,1,02/01/26,23:09:00,MER0028,COLLECT,12.9523326421,77.6621889274,No,NONE,No,0.18
TXN000686,22907,PAY,user004@okbank,2026,1,23/01/26,18:32:00,MER0043,VPA,13.0058929376,77.612560787,No,NONE,No,0.17
TXN001951,20838,PAY,user032@okbank,2026,3,23/03/26,11:39:00,MER0052,IN_APP,13.0226015096,77.616489117,No,NONE,No,0.02
TXN001013,16600,PAY,user040@okbank,2026,2,20/02/26,3:32:00,MER0091,VPA,12.9176706086,77.5830319228,No,NONE,No,0.1
TXN001173,100,PAY,user020@okbank,2026,1,16/01/26,13:02:00,MER0191,COLLECT,12.9688176401,77.5049424342,No,NONE,No,0.43
TXN002647,23263,PAY,user002@okbank,2026,4,11/04/26,15:47:00,MER0151,VPA,13.0538496655,77.5015787097,No,NONE,No,0.29
TXN000900,9141,PAY,user040@okbank,2026,4,05/04/26,22:20:00,MER0133,VPA,12.9516844032,77.5607430729,No,NONE,No,0.15
TXN002142,14689,PAY,user007@okbank,2026,4,10/04/26,11:10:00,MER0140,ACCOUNT_IFSC,13.0071638543,77.5701226945,No,NONE,No,0.51
TXN000706,8691,PAY,user029@okbank,2026,1,07/01/26,16:58:00,MER0029,INTENT,12.915495406,77.5871839897,No,NONE,No,0.12
TXN004426,31106,PAY,user015@okbank,2026,4,05/04/26,18:16:00,MER0025,MOBILE,12.9707614314,77.6187952169,No,NONE,No,0.4
TXN002170,14473,PAY,user033@okbank,2026,4,15/04/26,8:26:00,MER0088,ACCOUNT_IFSC,12.9032313323,77.6136172587,No,NONE,No,0.31
TXN000872,2200,PAY,user032@okbank,2026,5,28/05/26,8:08:00,MER0106,ACCOUNT_IFSC,12.8919782068,77.6214003592,No,NONE,No,0.09
TXN001137,11622,PAY,user008@okbank,2026,4,20/04/26,17:48:00,MER0108,COLLECT,12.8944585503,77.6100805513,No,NONE,No,0.23
TXN003402,19081,PAY,user003@okbank,2026,4,12/04/26,11:13:00,MER0074,MOBILE,12.970967783,77.5605074962,No,NONE,No,0.51
TXN004861,16959,PAY,user028@okbank,2026,6,20/06/26,11:22:00,MER0008,MOBILE,13.0007193594,77.6546762777,No,NONE,No,0.16
TXN002163,28162,PAY,user009@okbank,2026,5,22/05/26,5:41:00,MER0020,ACCOUNT_IFSC,12.9147975853,77.5123006062,No,NONE,No,0.28
TXN001223,16516,PAY,user030@okbank,2026,6,14/06/26,20:54:00,MER0068,IN_APP,12.9337153049,77.4918439088,No,NONE,No,0.44
TXN000588,3733,PAY,user026@okbank,2026,2,28/02/26,13:09:00,MER0167,QR,12.9436346258,77.5958379449,No,NONE,No,0.21
TXN000889,2982,PAY,user005@okbank,2026,1,09/01/26,4:55:00,MER0097,QR,12.9167418115,77.686414599,No,NONE,No,0.18
TXN000530,21681,PAY,user016@okbank,2026,3,03/03/26,6:36:00,MER0136,MANDATE,12.9569128995,77.5264618013,No,NONE,No,0.23
TXN004121,18346,PAY,user026@okbank,2026,2,16/02/26,18:06:00,MER0168,QR,12.9501244777,77.5519137985,No,NONE,No,0.2
TXN001531,23823,PAY,user002@okbank,2026,2,04/02/26,13:57:00,MER0070,QR,12.8732648614,77.6700667953,No,NONE,No,0.15
TXN003951,28293,PAY,user047@okbank,2026,6,15/06/26,21:47:00,MER0169,MANDATE,12.8837410134,77.558957644,No,NONE,No,0.27
TXN004353,3882,PAY,user014@okbank,2026,3,25/03/26,12:44:00,MER0060,QR,12.9006241293,77.7074909284,No,NONE,No,0.31
TXN003202,100,PAY,user042@okbank,2026,3,15/03/26,13:11:00,MER0022,COLLECT,12.9048131482,77.5383664911,No,NONE,No,0.52
TXN000193,65498,PAY,user042@okbank,2026,6,14/06/26,19:30:00,MER0087,COLLECT,13.0081440341,77.5848665524,No,REMOTE_ACCESS_FRAUD,Yes,0.61
TXN001324,3970,PAY,user025@okbank,2026,5,01/05/26,16:44:00,MER0007,IN_APP,12.901637095,77.4486341379,No,NONE,No,0.32
TXN004475,12829,PAY,user001@okbank,2026,4,21/04/26,8:06:00,MER0115,INTENT,13.0034232708,77.6516258124,No,NONE,No,0.39
TXN003088,26828,PAY,user015@okbank,2026,6,17/06/26,1:41:00,MER0190,INTENT,13.0076451653,77.5723684927,No,NONE,No,0.27
TXN004826,31894,PAY,user045@okbank,2026,5,01/05/26,20:54:00,MER0021,INTENT,13.024642211,77.5985876527,No,NONE,No,0.25
TXN000307,5805,PAY,user028@okbank,2026,6,28/06/26,20:26:00,MER0140,INTENT,12.88526797,77.5447330609,No,NONE,No,0.31
TXN002186,22343,PAY,user037@okbank,2026,1,15/01/26,0:46:00,MER0065,VPA,12.9449783054,77.6616384348,No,NONE,No,0.29
TXN002728,7522,PAY,user021@okbank,2026,4,20/04/26,9:31:00,MER0160,COLLECT,12.997069811,77.5800083122,No,NONE,No,0.24
TXN001280,28104,PAY,user010@okbank,2026,4,23/04/26,2:42:00,MER0048,MANDATE,13.0823181169,77.5117390458,No,NONE,No,0.46
TXN003140,25770,PAY,user027@okbank,2026,3,28/03/26,12:26:00,MER0003,ACCOUNT_IFSC,13.0438024086,77.5358758157,No,NONE,No,0.35
TXN001016,15671,PAY,user013@okbank,2026,1,12/01/26,14:27:00,MER0173,VPA,13.085690919,77.4885454558,No,NONE,No,0.58
TXN002136,15544,PAY,user046@okbank,2026,4,11/04/26,20:26:00,MER0057,ACCOUNT_IFSC,12.9588420879,77.5481087645,No,NONE,No,0.6
TXN000230,34881,PAY,user027@okbank,2026,3,26/03/26,10:08:00,MER0028,MOBILE,12.9894534709,77.6107701343,No,MULE_ACCOUNT,Yes,0.7
TXN000339,7418,PAY,user045@okbank,2026,1,18/01/26,9:55:00,MER0075,VPA,12.9258724511,77.51830186,No,NONE,No,0.15
TXN003529,5376,PAY,user043@okbank,2026,3,26/03/26,0:12:00,MER0101,MOBILE,13.0754647942,77.6054585339,No,NONE,No,0.27
TXN003524,8729,PAY,user049@okbank,2026,1,09/01/26,21:51:00,MER0008,ACCOUNT_IFSC,12.9599278339,77.5538238588,No,NONE,No,0.13
TXN001365,22363,PAY,user004@okbank,2026,3,24/03/26,1:46:00,MER0081,COLLECT,12.9881490943,77.5831865834,No,NONE,No,0.43
TXN000243,33236,PAY,user018@okbank,2026,3,19/03/26,7:27:00,MER0100,MOBILE,12.9121564322,77.57089907,Yes,FAKE_CUSTOMER_CARE,Yes,0.61
TXN004897,18808,PAY,user035@okbank,2026,6,26/06/26,8:08:00,MER0104,VPA,12.9977726386,77.6658907293,No,NONE,No,0.29
TXN003328,10655,PAY,user005@okbank,2026,1,27/01/26,3:29:00,MER0010,VPA,13.0257514435,77.5929340673,No,NONE,No,0.38
TXN000270,33415,PAY,user024@okbank,2026,3,22/03/26,1:35:00,MER0086,MOBILE,12.886950003,77.6744019891,No,NONE,No,0.24
TXN002584,35059,PAY,user009@okbank,2026,4,07/04/26,5:28:00,MER0180,IN_APP,12.9115616246,77.5536716612,No,NONE,No,0.36
TXN003938,13630,PAY,user039@okbank,2026,2,28/02/26,9:50:00,MER0032,MANDATE,13.0000115939,77.5781258894,No,NONE,No,0.23
TXN000697,11912,PAY,user047@okbank,2026,4,19/04/26,11:19:00,MER0152,ACCOUNT_IFSC,13.0164123601,77.6714702535,No,NONE,No,0.3
TXN002130,17743,PAY,user029@okbank,2026,1,05/01/26,18:16:00,MER0113,IN_APP,13.0464472697,77.5840137334,No,NONE,No,0.3
TXN001641,18449,PAY,user021@okbank,2026,4,22/04/26,21:44:00,MER0168,VPA,12.9728235035,77.5732590397,No,NONE,No,0.12
TXN001716,10545,PAY,user004@okbank,2026,2,11/02/26,13:15:00,MER0059,QR,12.9705327209,77.6097859087,No,NONE,No,0.22
TXN004495,11058,PAY,user017@okbank,2026,1,04/01/26,18:03:00,MER0122,IN_APP,12.9723634216,77.5283497094,No,NONE,No,0.14
TXN001086,22165,PAY,user045@okbank,2026,5,26/05/26,0:59:00,MER0090,QR,12.9853938775,77.5041717132,No,NONE,No,0.08
TXN003875,7069,PAY,user017@okbank,2026,6,24/06/26,0:51:00,MER0072,IN_APP,12.9737680522,77.6287108094,No,NONE,No,0.32
TXN000603,14981,PAY,user027@okbank,2026,1,02/01/26,10:29:00,MER0073,INTENT,12.9191267437,77.5740797409,No,NONE,No,0.26
TXN002235,9888,PAY,user028@okbank,2026,4,01/04/26,16:50:00,MER0148,MANDATE,13.0427442733,77.5878906878,No,NONE,No,0.17
TXN000946,20721,PAY,user037@okbank,2026,5,11/05/26,22:32:00,MER0062,ACCOUNT_IFSC,12.9318141083,77.6235028274,No,NONE,No,0.27
TXN004588,2839,PAY,user039@okbank,2026,6,28/06/26,1:47:00,MER0113,QR,12.8832291249,77.6878484086,No,NONE,No,0.23
TXN001076,17914,PAY,user029@okbank,2026,4,10/04/26,1:13:00,MER0076,INTENT,12.9717527103,77.5683303725,No,NONE,No,0.18
TXN000911,23950,PAY,user006@okbank,2026,1,20/01/26,5:40:00,MER0114,ACCOUNT_IFSC,12.9522298227,77.6182593945,No,NONE,No,0.32
TXN001310,36562,PAY,user035@okbank,2026,1,15/01/26,2:58:00,MER0062,QR,12.9983640959,77.5583186907,No,NONE,No,0.29
TXN000067,35997,PAY,user006@okbank,2026,1,16/01/26,15:29:00,MER0029,COLLECT,12.9256192299,77.6308542254,No,TASK_SCAM,Yes,0.53
TXN002718,8794,PAY,user008@okbank,2026,4,12/04/26,5:51:00,MER0170,INTENT,12.9001577136,77.6071399072,No,NONE,No,0.17
TXN003919,9336,PAY,user039@okbank,2026,4,15/04/26,5:39:00,MER0099,VPA,12.9542451841,77.5537585,No,NONE,No,0.28
TXN003641,8184,PAY,user009@okbank,2026,1,17/01/26,7:58:00,MER0036,MOBILE,12.9924878672,77.5684858569,No,NONE,No,0.15
TXN001240,7166,PAY,user010@okbank,2026,3,23/03/26,23:15:00,MER0091,IN_APP,12.9381545263,77.5400911983,No,NONE,No,0.4
TXN002022,7567,PAY,user046@okbank,2026,6,16/06/26,0:59:00,MER0103,IN_APP,12.9014323082,77.5993844139,No,NONE,No,0.23
TXN003569,28446,PAY,user006@okbank,2026,4,27/04/26,1:36:00,MER0007,INTENT,12.9473631155,77.7123514507,No,NONE,No,0.2
TXN004211,100,PAY,user049@okbank,2026,5,14/05/26,9:02:00,MER0021,IN_APP,13.0168902633,77.5861890627,No,NONE,No,0.21
TXN000678,16169,PAY,user017@okbank,2026,4,09/04/26,1:45:00,MER0038,QR,12.9343506662,77.4855826476,No,NONE,No,0.47
TXN001831,19855,PAY,user015@okbank,2026,3,22/03/26,17:37:00,MER0076,VPA,12.9540678271,77.6456202468,No,NONE,No,0.17
TXN002398,23576,PAY,user010@okbank,2026,3,26/03/26,7:58:00,MER0131,MOBILE,12.9414705414,77.4995498401,No,NONE,No,0.19
TXN000108,101556,PAY,user032@okbank,2026,6,06/06/26,11:23:00,MER0165,VPA,13.0392053815,77.5916696436,No,NONE,Yes,0.92
TXN004623,15126,PAY,user027@okbank,2026,6,13/06/26,22:56:00,MER0191,INTENT,12.9964420359,77.5472967313,No,NONE,No,0.38
TXN001144,24137,PAY,user050@okbank,2026,2,19/02/26,2:16:00,MER0048,INTENT,13.0518594786,77.5262870378,No,NONE,No,0.12
TXN000427,24954,PAY,user011@okbank,2026,4,06/04/26,4:00:00,MER0198,MOBILE,12.8905937744,77.5936325412,No,NONE,No,0.36
TXN000559,5021,PAY,user033@okbank,2026,6,13/06/26,18:24:00,MER0129,MANDATE,13.0538666626,77.5760422992,No,NONE,No,0.08
TXN002422,21510,PAY,user026@okbank,2026,2,03/02/26,22:29:00,MER0102,INTENT,12.9096880869,77.6272901749,No,NONE,No,0.13
TXN000635,16267,PAY,user015@okbank,2026,4,07/04/26,17:58:00,MER0077,IN_APP,12.9536572713,77.5630784514,No,NONE,No,0.46
TXN002011,100,PAY,user026@okbank,2026,3,11/03/26,7:56:00,MER0042,IN_APP,12.9979254419,77.6048370438,No,NONE,No,0.43
TXN003912,9074,PAY,user049@okbank,2026,6,16/06/26,1:29:00,MER0067,ACCOUNT_IFSC,12.89991187,77.6469735018,Yes,NONE,No,0.34
TXN002544,22267,PAY,user026@okbank,2026,3,07/03/26,0:02:00,MER0145,MANDATE,13.0193203218,77.5948019003,No,NONE,No,0.02
TXN002657,40207,PAY,user021@okbank,2026,5,04/05/26,16:13:00,MER0123,MANDATE,12.9793395085,77.5355597432,No,NONE,No,0.44
TXN001110,3722,PAY,user005@okbank,2026,3,25/03/26,3:33:00,MER0116,ACCOUNT_IFSC,13.0050577874,77.6022698028,No,NONE,No,0.1
TXN001632,1256,PAY,user022@okbank,2026,5,10/05/26,17:03:00,MER0026,IN_APP,12.8603064941,77.6505614759,No,NONE,No,0.29
TXN000482,18598,PAY,user036@okbank,2026,4,21/04/26,1:48:00,MER0080,IN_APP,12.8871019536,77.5575882772,No,NONE,No,0.38
TXN000531,26190,PAY,user017@okbank,2026,2,10/02/26,8:56:00,MER0118,MOBILE,13.0218650825,77.5253197604,No,NONE,No,0.32
TXN003586,18447,PAY,user014@okbank,2026,2,07/02/26,14:10:00,MER0082,INTENT,13.0309409499,77.6026743353,No,NONE,No,0.44
TXN001228,20061,PAY,user014@okbank,2026,1,04/01/26,3:41:00,MER0110,IN_APP,12.9457341204,77.5311637919,No,NONE,No,0.32
TXN002641,26727,PAY,user029@okbank,2026,3,01/03/26,3:26:00,MER0099,IN_APP,12.926363563,77.5082778647,No,NONE,No,0.07
TXN000929,7944,PAY,user018@okbank,2026,5,08/05/26,16:39:00,MER0019,COLLECT,12.9949270555,77.6064380002,No,NONE,No,0.21
TXN001786,25377,PAY,user045@okbank,2026,5,17/05/26,19:47:00,MER0093,COLLECT,12.9317331469,77.5621095296,No,NONE,No,0.29
TXN001456,27487,PAY,user039@okbank,2026,4,16/04/26,10:49:00,MER0004,MOBILE,12.9709385281,77.611855572,No,NONE,No,0.2
TXN003282,6849,PAY,user033@okbank,2026,1,15/01/26,7:42:00,MER0162,MOBILE,12.9070335826,77.5970422075,No,NONE,No,0.1
TXN002954,17448,PAY,user031@okbank,2026,1,27/01/26,12:20:00,MER0001,COLLECT,13.0007729607,77.6429785673,No,NONE,No,0.39
TXN004952,20165,PAY,user021@okbank,2026,4,16/04/26,13:32:00,MER0050,MANDATE,12.9043781728,77.5184371582,No,NONE,No,0.35
TXN001705,23578,PAY,user046@okbank,2026,3,13/03/26,17:05:00,MER0102,MOBILE,13.0170794888,77.5406749558,No,NONE,No,0.11
TXN004135,17773,PAY,user046@okbank,2026,6,08/06/26,20:59:00,MER0183,INTENT,12.9766356656,77.5018192483,No,NONE,No,0.23
TXN003809,1974,PAY,user001@okbank,2026,4,26/04/26,15:07:00,MER0110,MANDATE,13.0368147404,77.572378915,No,NONE,No,0.04
TXN004461,22826,PAY,user001@okbank,2026,4,26/04/26,19:13:00,MER0026,MOBILE,12.9919919062,77.6338863441,No,NONE,No,0.12
TXN001626,21384,PAY,user046@okbank,2026,3,18/03/26,16:55:00,MER0151,IN_APP,12.9182083103,77.5942696126,No,NONE,No,0.45
TXN004029,5518,PAY,user013@okbank,2026,5,15/05/26,13:31:00,MER0177,IN_APP,12.9168519405,77.5384168092,No,NONE,No,0.2
TXN002909,8627,PAY,user049@okbank,2026,3,25/03/26,15:02:00,MER0141,MANDATE,12.9944391176,77.6209177695,No,NONE,No,0.09
TXN000887,18214,PAY,user022@okbank,2026,4,18/04/26,19:37:00,MER0104,VPA,13.0610378239,77.6176692926,No,NONE,No,0.17
TXN001874,7525,PAY,user031@okbank,2026,5,13/05/26,12:14:00,MER0088,VPA,13.0099329713,77.6034779711,No,NONE,No,0.39
TXN004152,14565,PAY,user022@okbank,2026,2,16/02/26,20:24:00,MER0141,INTENT,12.9757045088,77.5862682308,No,NONE,No,0.29
TXN004131,21002,PAY,user045@okbank,2026,4,16/04/26,13:07:00,MER0018,MANDATE,13.0027225857,77.5710213311,No,NONE,No,0.42
TXN004409,11855,PAY,user030@okbank,2026,2,15/02/26,9:49:00,MER0122,COLLECT,12.970396809,77.6125916543,No,NONE,No,0.54
TXN004849,20423,PAY,user045@okbank,2026,1,04/01/26,12:13:00,MER0019,IN_APP,13.0299430249,77.600505261,No,NONE,No,0.02
TXN002940,6348,PAY,user035@okbank,2026,6,08/06/26,10:38:00,MER0070,QR,12.9517475633,77.5930765785,No,NONE,No,0.19
TXN004533,24243,PAY,user004@okbank,2026,3,03/03/26,16:06:00,MER0013,QR,13.0491744074,77.5509958315,No,NONE,No,0.4
TXN002375,19337,PAY,user028@okbank,2026,3,25/03/26,7:23:00,MER0084,MANDATE,13.0917881775,77.6594425764,No,NONE,No,0.36
TXN001078,100,PAY,user025@okbank,2026,1,07/01/26,5:41:00,MER0088,MANDATE,12.8860556627,77.7177415812,No,NONE,No,0.08
TXN003721,12223,PAY,user007@okbank,2026,1,16/01/26,13:27:00,MER0143,ACCOUNT_IFSC,12.9940398838,77.6700913264,No,NONE,No,0.36
TXN001573,8790,PAY,user047@okbank,2026,3,14/03/26,5:10:00,MER0192,IN_APP,13.0077306017,77.7047016621,No,NONE,No,0.08
TXN001222,13911,PAY,user018@okbank,2026,1,08/01/26,10:28:00,MER0011,MANDATE,13.0037001485,77.5077304339,No,NONE,No,0.4
TXN003595,30071,PAY,user008@okbank,2026,2,19/02/26,17:36:00,MER0156,VPA,13.0544627778,77.6467442572,No,NONE,No,0.17
TXN004126,23955,PAY,user013@okbank,2026,1,25/01/26,3:51:00,MER0001,INTENT,12.9115762071,77.6435616206,No,NONE,No,0.25
TXN003175,27944,PAY,user047@okbank,2026,1,02/01/26,23:26:00,MER0030,COLLECT,12.9250507809,77.5154334869,No,NONE,No,0.23
TXN001871,8854,PAY,user022@okbank,2026,5,27/05/26,23:55:00,MER0022,QR,13.0052926162,77.5550305189,No,NONE,No,0.26
TXN004629,21493,PAY,user023@okbank,2026,2,20/02/26,13:08:00,MER0086,MANDATE,12.9695551735,77.6402283313,No,NONE,No,0.43
TXN003514,2805,PAY,user035@okbank,2026,1,01/01/26,21:11:00,MER0150,INTENT,12.9303394982,77.6320299312,No,NONE,No,0.29
TXN004965,32409,PAY,user048@okbank,2026,1,26/01/26,7:08:00,MER0016,QR,12.9562408344,77.5312370075,No,NONE,No,0.35
TXN001417,23677,PAY,user048@okbank,2026,4,03/04/26,20:58:00,MER0154,COLLECT,12.9643002469,77.5036116014,No,NONE,No,0.42
TXN003737,7868,PAY,user036@okbank,2026,4,21/04/26,14:47:00,MER0084,MOBILE,12.9361345732,77.6703620794,No,NONE,No,0.17
TXN001522,12753,PAY,user037@okbank,2026,5,21/05/26,20:38:00,MER0057,MOBILE,12.9761930561,77.6068235397,No,NONE,No,0.23
TXN003754,100,PAY,user006@okbank,2026,2,08/02/26,1:31:00,MER0093,INTENT,12.9403457765,77.5849201241,No,NONE,No,0.28
TXN004698,20553,PAY,user019@okbank,2026,6,28/06/26,1:15:00,MER0183,QR,12.882388387,77.4617132207,No,NONE,No,0.44
TXN000980,27425,PAY,user049@okbank,2026,5,06/05/26,20:12:00,MER0145,COLLECT,12.876464678,77.5952922411,No,NONE,No,0.3
TXN000171,66219,PAY,user043@okbank,2026,1,21/01/26,8:08:00,MER0138,ACCOUNT_IFSC,12.9651646524,77.537002527,No,ACCOUNT_TAKEOVER,Yes,0.57
TXN000622,20432,PAY,user049@okbank,2026,5,28/05/26,2:35:00,MER0167,QR,12.9571671556,77.6127723132,No,NONE,No,0.27
TXN001377,26994,PAY,user048@okbank,2026,5,27/05/26,2:53:00,MER0179,IN_APP,12.9912007304,77.5869797421,No,NONE,No,0.57
TXN002953,28340,PAY,user038@okbank,2026,3,20/03/26,3:06:00,MER0019,COLLECT,12.937563235,77.6069647834,No,NONE,No,0.31
TXN003027,16322,PAY,user022@okbank,2026,2,02/02/26,5:28:00,MER0035,VPA,12.9525176374,77.6164979137,No,NONE,No,0.4
TXN001322,19332,PAY,user048@okbank,2026,1,08/01/26,17:19:00,MER0005,INTENT,13.013478127,77.6341607162,No,NONE,No,0.07
TXN004050,34758,PAY,user014@okbank,2026,3,17/03/26,1:07:00,MER0197,COLLECT,13.0631063616,77.551161992,No,NONE,No,0.17
TXN000755,14537,PAY,user044@okbank,2026,4,16/04/26,22:19:00,MER0088,VPA,12.9210357575,77.5909029659,No,NONE,No,0.06
TXN003164,11494,PAY,user005@okbank,2026,2,04/02/26,18:06:00,MER0186,VPA,12.9565243333,77.5783882007,No,NONE,No,0.37
TXN001660,7376,PAY,user045@okbank,2026,5,16/05/26,21:25:00,MER0107,MOBILE,12.9673094643,77.6173287321,No,NONE,No,0.06
TXN002457,22410,PAY,user017@okbank,2026,5,22/05/26,12:48:00,MER0143,COLLECT,12.9578762183,77.6099492814,No,NONE,No,0.32
TXN004196,3842,PAY,user022@okbank,2026,5,04/05/26,13:29:00,MER0149,MANDATE,12.9392898944,77.6547447824,No,NONE,No,0.3
TXN003539,5710,PAY,user001@okbank,2026,4,09/04/26,9:29:00,MER0164,ACCOUNT_IFSC,12.9682031957,77.5754083879,No,NONE,No,0.2
TXN000120,92883,PAY,user005@okbank,2026,5,13/05/26,16:19:00,MER0031,COLLECT,12.8683606586,77.6407456496,No,ACCOUNT_TAKEOVER,Yes,0.69
TXN000020,87299,PAY,user012@okbank,2026,5,12/05/26,14:40:00,MER0029,COLLECT,12.9002086962,77.6377845886,No,MULE_ACCOUNT,Yes,0.47
TXN001610,22335,PAY,user034@okbank,2026,2,17/02/26,21:56:00,MER0046,QR,12.9608120792,77.5792460733,No,NONE,No,0.28
TXN001353,20671,PAY,user012@okbank,2026,4,21/04/26,1:05:00,MER0097,MOBILE,12.9768448897,77.6108482198,No,NONE,No,0.39
TXN000037,106956,PAY,user045@okbank,2026,3,21/03/26,17:54:00,MER0093,COLLECT,13.0648865013,77.6348354157,No,QR_DECEPTION,Yes,0.68
TXN003867,34877,PAY,user030@okbank,2026,3,03/03/26,13:43:00,MER0068,QR,12.8807089088,77.6099095179,No,NONE,No,0.19
TXN004122,16653,PAY,user006@okbank,2026,5,22/05/26,8:33:00,MER0043,VPA,12.9508513452,77.6411171237,No,NONE,No,0.31
TXN002942,1511,PAY,user001@okbank,2026,6,19/06/26,4:31:00,MER0036,QR,12.9687143848,77.5936156892,No,NONE,No,0.24
TXN003363,17486,PAY,user012@okbank,2026,3,09/03/26,14:51:00,MER0097,INTENT,12.9839078026,77.6636998538,No,NONE,No,0.33
TXN004921,4995,PAY,user040@okbank,2026,6,16/06/26,0:22:00,MER0179,MANDATE,12.9139703103,77.6073660144,No,NONE,No,0.33
TXN003036,18078,PAY,user023@okbank,2026,4,14/04/26,0:47:00,MER0019,IN_APP,12.9284979895,77.5966220589,No,NONE,No,0.18
TXN003954,11045,PAY,user042@okbank,2026,1,26/01/26,14:52:00,MER0193,COLLECT,12.9733312066,77.6278514441,No,NONE,No,0.38
TXN004446,27337,PAY,user003@okbank,2026,5,28/05/26,1:49:00,MER0191,COLLECT,12.9544208858,77.637710372,No,NONE,No,0.35
TXN004125,25486,PAY,user029@okbank,2026,3,09/03/26,10:41:00,MER0021,COLLECT,13.0024334468,77.630488984,No,NONE,No,0.23
TXN004252,24017,PAY,user002@okbank,2026,1,06/01/26,18:14:00,MER0125,INTENT,13.0122567286,77.5181918291,No,NONE,No,0.18
TXN003047,19850,PAY,user022@okbank,2026,2,18/02/26,18:49:00,MER0199,ACCOUNT_IFSC,12.9740586366,77.6799146335,No,NONE,No,0.15
TXN000465,10241,PAY,user022@okbank,2026,5,06/05/26,9:11:00,MER0073,QR,12.9778949728,77.555403372,No,NONE,No,0.3
TXN002098,21347,PAY,user002@okbank,2026,6,15/06/26,22:53:00,MER0155,QR,13.0050947133,77.5676631007,No,NONE,No,0.7
TXN000652,1552,PAY,user019@okbank,2026,5,27/05/26,20:03:00,MER0114,MANDATE,12.9384269121,77.5484653267,No,NONE,No,0.46
TXN000274,29146,PAY,user010@okbank,2026,6,02/06/26,7:55:00,MER0072,VPA,12.9626495601,77.6123338212,No,NONE,No,0.23
TXN002260,26867,PAY,user015@okbank,2026,5,15/05/26,0:23:00,MER0200,MANDATE,12.998514311,77.5549631954,No,NONE,No,0.24
TXN002998,6992,PAY,user015@okbank,2026,5,18/05/26,20:49:00,MER0061,INTENT,12.980813261,77.6196132712,No,NONE,No,0.16
TXN002594,14121,PAY,user047@okbank,2026,2,07/02/26,13:35:00,MER0062,COLLECT,12.9516365617,77.5716270316,No,NONE,No,0.28
TXN004116,100,PAY,user048@okbank,2026,4,05/04/26,2:51:00,MER0047,INTENT,12.9137280358,77.6511601149,No,NONE,No,0.35
TXN000610,29825,PAY,user018@okbank,2026,6,09/06/26,9:07:00,MER0089,INTENT,12.872213546,77.6759835496,No,NONE,No,0.25
TXN003345,7313,PAY,user025@okbank,2026,3,26/03/26,12:00:00,MER0023,MANDATE,12.9951138335,77.5757588344,No,NONE,No,0.3
TXN001075,14445,PAY,user046@okbank,2026,4,02/04/26,7:28:00,MER0088,IN_APP,12.918071357,77.60704004,No,NONE,No,0.21
TXN001832,15097,PAY,user033@okbank,2026,5,07/05/26,20:16:00,MER0064,INTENT,12.9410221372,77.636287253,No,NONE,No,0.24
TXN003957,21959,PAY,user043@okbank,2026,1,23/01/26,0:40:00,MER0102,ACCOUNT_IFSC,13.0182448348,77.6009271737,No,NONE,No,0.18
TXN003240,12795,PAY,user030@okbank,2026,5,18/05/26,14:16:00,MER0014,QR,12.9370778761,77.5218003938,No,NONE,No,0.43
TXN003601,14594,PAY,user015@okbank,2026,3,25/03/26,17:17:00,MER0058,QR,13.0265647489,77.5894591887,No,NONE,No,0.17
TXN002057,15759,PAY,user050@okbank,2026,4,02/04/26,12:28:00,MER0068,MANDATE,12.983871954,77.513622562,No,NONE,No,0.1
TXN000895,18267,PAY,user029@okbank,2026,3,20/03/26,21:16:00,MER0110,IN_APP,12.9908931883,77.5652358104,No,NONE,No,0.44
TXN004766,15949,PAY,user031@okbank,2026,6,22/06/26,14:54:00,MER0026,MOBILE,12.9948591265,77.6345875244,No,NONE,No,0.22
TXN002176,3642,PAY,user033@okbank,2026,2,28/02/26,1:06:00,MER0084,INTENT,12.9221741693,77.5781948196,No,NONE,No,0.16
TXN003151,7315,PAY,user006@okbank,2026,6,28/06/26,16:48:00,MER0156,QR,12.8770939543,77.6899517159,No,NONE,No,0.25
TXN004806,20800,PAY,user032@okbank,2026,1,02/01/26,14:57:00,MER0143,INTENT,12.8980180684,77.5848126094,No,NONE,No,0.05
TXN002525,5774,PAY,user044@okbank,2026,5,15/05/26,5:05:00,MER0099,MANDATE,12.9440400062,77.6452444989,No,NONE,No,0.31
TXN004789,20074,PAY,user019@okbank,2026,1,25/01/26,17:48:00,MER0058,INTENT,13.0132314909,77.6633379101,No,NONE,No,0.1
TXN001686,25037,PAY,user019@okbank,2026,4,19/04/26,10:36:00,MER0074,INTENT,12.9299598372,77.6451645466,No,NONE,No,0.14
TXN003161,21676,PAY,user049@okbank,2026,3,22/03/26,6:14:00,MER0002,IN_APP,12.9513848626,77.6072837719,No,NONE,No,0.13
TXN000207,69496,PAY,user043@okbank,2026,1,13/01/26,5:57:00,MER0013,VPA,12.8582509255,77.6107195429,Yes,SIM_SWAP_DRAIN,Yes,0.98
TXN003464,15610,PAY,user042@okbank,2026,4,26/04/26,18:06:00,MER0123,QR,12.8446162938,77.5937034163,No,NONE,No,0.62
TXN002629,14899,PAY,user050@okbank,2026,6,06/06/26,9:50:00,MER0137,ACCOUNT_IFSC,12.9850932952,77.638056036,No,NONE,No,0.24
TXN003171,100,PAY,user020@okbank,2026,2,01/02/26,5:37:00,MER0034,MANDATE,12.9552134375,77.6161097339,No,NONE,No,0.32
TXN002127,12755,PAY,user034@okbank,2026,5,27/05/26,5:46:00,MER0152,COLLECT,13.0366666592,77.4505078197,No,NONE,No,0.28
TXN002119,16429,PAY,user028@okbank,2026,2,25/02/26,19:21:00,MER0132,MOBILE,13.0638754955,77.5371483562,No,NONE,No,0.22
TXN001860,30667,PAY,user045@okbank,2026,2,25/02/26,6:10:00,MER0195,MOBILE,12.9765518621,77.5984345261,No,NONE,No,0.08
TXN004419,11003,PAY,user037@okbank,2026,3,12/03/26,0:46:00,MER0074,VPA,12.9842463184,77.513191639,No,NONE,No,0.23
TXN004536,21514,PAY,user018@okbank,2026,3,22/03/26,8:04:00,MER0117,IN_APP,12.9612807001,77.6376228577,No,NONE,No,0.26
TXN002330,4919,PAY,user048@okbank,2026,4,14/04/26,7:09:00,MER0091,VPA,12.9942106047,77.5548338605,No,NONE,No,0.16
TXN000524,22789,PAY,user020@okbank,2026,4,03/04/26,15:07:00,MER0045,ACCOUNT_IFSC,13.0565000414,77.6193062087,No,NONE,No,0.23
TXN002194,7448,PAY,user037@okbank,2026,3,03/03/26,21:28:00,MER0120,COLLECT,13.0052758699,77.6040934407,No,NONE,No,0.55
TXN001061,20556,PAY,user012@okbank,2026,5,17/05/26,7:04:00,MER0041,IN_APP,13.0236457875,77.5638986615,No,NONE,No,0.08
TXN000147,13672,PAY,user017@okbank,2026,6,19/06/26,22:39:00,MER0145,IN_APP,12.95110828,77.6530024959,No,MANDATE_FRAUD,Yes,0.68
TXN003686,100,PAY,user048@okbank,2026,4,24/04/26,22:56:00,MER0154,COLLECT,12.9691333852,77.5889259144,No,NONE,No,0.25
TXN001021,24132,PAY,user026@okbank,2026,6,13/06/26,3:53:00,MER0013,IN_APP,12.9294439193,77.538109731,No,NONE,No,0.23
TXN001503,12623,PAY,user047@okbank,2026,6,27/06/26,0:03:00,MER0017,MANDATE,12.9114957723,77.6348541389,No,NONE,No,0.32
TXN002536,20712,PAY,user047@okbank,2026,3,14/03/26,6:18:00,MER0157,MOBILE,13.0001046615,77.6247567885,No,NONE,No,0.43
TXN000573,23489,PAY,user045@okbank,2026,3,22/03/26,6:19:00,MER0157,IN_APP,13.0184368352,77.5953440888,No,NONE,No,0.32
TXN000049,40438,PAY,user011@okbank,2026,4,21/04/26,14:22:00,MER0133,VPA,12.9877673644,77.5783735631,No,TASK_SCAM,Yes,0.47
TXN004807,19899,PAY,user049@okbank,2026,5,07/05/26,15:11:00,MER0184,COLLECT,12.9247659782,77.6322030453,No,NONE,No,0.17
TXN002908,17983,PAY,user022@okbank,2026,1,21/01/26,15:03:00,MER0193,MOBILE,12.9038037283,77.5767695557,No,NONE,No,0.19
TXN001674,9369,PAY,user036@okbank,2026,5,24/05/26,21:04:00,MER0046,VPA,12.8857840722,77.5523590678,No,NONE,No,0.27
TXN004866,22243,PAY,user039@okbank,2026,1,22/01/26,15:50:00,MER0082,MANDATE,12.9517853156,77.592436056,No,NONE,No,0.3
TXN002983,1199,PAY,user048@okbank,2026,6,13/06/26,5:07:00,MER0185,QR,12.9225474183,77.5805842134,No,NONE,No,0.32
TXN002258,9782,PAY,user050@okbank,2026,1,24/01/26,14:02:00,MER0047,QR,13.0081186492,77.5662633498,No,NONE,No,0.18
TXN003103,21369,PAY,user006@okbank,2026,2,15/02/26,4:15:00,MER0013,INTENT,13.0003295272,77.5289046713,No,NONE,No,0.24
TXN004854,12433,PAY,user011@okbank,2026,5,17/05/26,18:52:00,MER0134,COLLECT,13.0337858693,77.6083214833,No,NONE,No,0.37
TXN002206,5492,PAY,user004@okbank,2026,1,15/01/26,4:02:00,MER0148,ACCOUNT_IFSC,12.9978902209,77.5508276206,No,NONE,No,0.32
TXN001247,100,PAY,user041@okbank,2026,2,08/02/26,20:04:00,MER0012,INTENT,12.9680980758,77.5846640534,No,NONE,No,0.17
TXN004855,15620,PAY,user028@okbank,2026,4,15/04/26,5:50:00,MER0087,MOBILE,12.9302653245,77.5157509866,No,NONE,No,0.2
TXN003495,13183,PAY,user002@okbank,2026,4,04/04/26,21:40:00,MER0065,IN_APP,12.954855508,77.580665849,No,NONE,No,0.24
TXN004561,22219,PAY,user037@okbank,2026,3,10/03/26,11:54:00,MER0002,MANDATE,12.9981172441,77.5108087131,No,NONE,No,0.37
TXN001863,2992,PAY,user017@okbank,2026,5,09/05/26,23:28:00,MER0169,QR,12.9620721054,77.6417781891,No,NONE,No,0.2
TXN000509,16234,PAY,user002@okbank,2026,1,28/01/26,21:17:00,MER0102,COLLECT,12.9360184256,77.6320960779,No,NONE,No,0.25
TXN003069,14166,PAY,user011@okbank,2026,4,19/04/26,2:30:00,MER0118,ACCOUNT_IFSC,12.9569076135,77.5493786976,No,NONE,No,0.31
TXN003534,17648,PAY,user005@okbank,2026,4,23/04/26,22:58:00,MER0147,QR,12.9952288357,77.5010101918,No,NONE,No,0.2
TXN003868,9214,PAY,user042@okbank,2026,1,20/01/26,23:33:00,MER0067,MOBILE,12.9091123999,77.6672202839,No,NONE,No,0.08
TXN001758,966,PAY,user050@okbank,2026,6,27/06/26,3:41:00,MER0032,COLLECT,12.9712759753,77.6389972263,No,NONE,No,0.35
TXN004707,24523,PAY,user047@okbank,2026,3,16/03/26,8:03:00,MER0073,MOBILE,12.9279673885,77.5710384011,No,NONE,No,0.18
TXN001157,27668,PAY,user023@okbank,2026,3,09/03/26,10:18:00,MER0052,ACCOUNT_IFSC,12.9302582318,77.6110808617,No,NONE,No,0.15
TXN003840,23462,PAY,user025@okbank,2026,2,20/02/26,0:48:00,MER0057,MOBILE,12.9270473641,77.6884224343,No,NONE,No,0.27
TXN000295,25872,PAY,user047@okbank,2026,5,16/05/26,16:25:00,MER0087,ACCOUNT_IFSC,13.0463936411,77.5174467149,No,NONE,No,0.37
TXN001594,11667,PAY,user004@okbank,2026,4,25/04/26,18:42:00,MER0090,COLLECT,12.9690992427,77.6966113678,No,NONE,No,0.09
TXN000525,8737,PAY,user037@okbank,2026,1,18/01/26,6:16:00,MER0028,ACCOUNT_IFSC,12.9913599128,77.5072103135,No,NONE,No,0.17
TXN002882,16372,PAY,user031@okbank,2026,6,19/06/26,17:42:00,MER0124,ACCOUNT_IFSC,12.9720577239,77.5857493375,No,NONE,No,0.28
TXN000306,17952,PAY,user049@okbank,2026,5,09/05/26,6:15:00,MER0103,IN_APP,12.8936396706,77.628640728,No,NONE,No,0.3
TXN001124,9548,PAY,user021@okbank,2026,2,10/02/26,8:36:00,MER0179,COLLECT,12.9176420063,77.5920496587,No,NONE,No,0.55
TXN002775,7471,PAY,user009@okbank,2026,4,14/04/26,0:30:00,MER0140,COLLECT,12.9751321449,77.5284134713,No,NONE,No,0.05
TXN004705,19186,PAY,user013@okbank,2026,3,14/03/26,16:14:00,MER0132,MANDATE,12.9246947262,77.6198924285,No,NONE,No,0.13
TXN004142,14095,PAY,user032@okbank,2026,5,22/05/26,2:44:00,MER0129,IN_APP,12.9659749024,77.5750473134,No,NONE,No,0.59
TXN004041,7996,PAY,user017@okbank,2026,5,20/05/26,11:25:00,MER0136,QR,12.9267136726,77.5459519672,No,NONE,No,0.13
TXN002132,34218,PAY,user001@okbank,2026,4,22/04/26,11:20:00,MER0192,IN_APP,12.8288177686,77.6521327924,No,NONE,No,0.29
TXN003143,42652,PAY,user040@okbank,2026,6,08/06/26,21:32:00,MER0077,ACCOUNT_IFSC,12.9920457908,77.6598968187,No,NONE,No,0.44
TXN004568,18716,PAY,user025@okbank,2026,4,06/04/26,3:33:00,MER0001,ACCOUNT_IFSC,12.9322260883,77.5391648632,No,NONE,No,0.6
TXN000959,5257,PAY,user046@okbank,2026,1,28/01/26,8:19:00,MER0117,ACCOUNT_IFSC,12.9800797332,77.4014593593,No,NONE,No,0.3
TXN000734,13054,PAY,user042@okbank,2026,1,28/01/26,6:52:00,MER0067,VPA,13.0051495967,77.6273286267,No,NONE,No,0.36
TXN004391,14448,PAY,user038@okbank,2026,2,04/02/26,22:19:00,MER0168,IN_APP,13.0043957082,77.6218722286,No,NONE,No,0.17
TXN004025,8418,PAY,user043@okbank,2026,4,25/04/26,6:21:00,MER0025,COLLECT,12.9772615049,77.6037708543,No,NONE,No,0.04
TXN001100,5859,PAY,user003@okbank,2026,6,11/06/26,1:44:00,MER0158,ACCOUNT_IFSC,12.9710499573,77.5638419084,No,NONE,No,0.45
TXN000263,8630,PAY,user006@okbank,2026,4,11/04/26,23:17:00,MER0011,ACCOUNT_IFSC,12.9978205301,77.5830733001,No,NONE,No,0.28
TXN000479,21486,PAY,user043@okbank,2026,6,23/06/26,16:58:00,MER0092,ACCOUNT_IFSC,13.0404926647,77.6156746357,No,NONE,No,0.17
TXN002824,23451,PAY,user016@okbank,2026,4,01/04/26,20:26:00,MER0198,MANDATE,13.0119518467,77.5737565481,No,NONE,No,0.23
TXN000161,63920,PAY,user033@okbank,2026,6,18/06/26,6:02:00,MER0046,VPA,12.9512416661,77.6152852069,No,TEST_THEN_DRAIN,Yes,0.46
TXN000627,28713,PAY,user003@okbank,2026,4,13/04/26,9:20:00,MER0032,MOBILE,12.9879598687,77.6085006279,No,NONE,No,0.39
TXN004051,25696,PAY,user042@okbank,2026,2,28/02/26,9:15:00,MER0042,IN_APP,12.9836395767,77.6267569039,No,NONE,No,0.31
TXN004907,10635,PAY,user024@okbank,2026,5,13/05/26,15:13:00,MER0032,INTENT,12.9537438529,77.6287082693,No,NONE,No,0.22
TXN004554,100,PAY,user010@okbank,2026,2,09/02/26,14:37:00,MER0079,INTENT,12.9164239089,77.6066086278,No,NONE,No,0.18
TXN004700,17830,PAY,user008@okbank,2026,2,08/02/26,17:20:00,MER0070,ACCOUNT_IFSC,13.0821054237,77.5685572375,No,NONE,No,0.5
TXN002939,19356,PAY,user004@okbank,2026,2,05/02/26,22:42:00,MER0107,VPA,12.9965609297,77.5827100083,No,NONE,No,0.16
TXN001248,9358,PAY,user035@okbank,2026,1,18/01/26,7:45:00,MER0045,VPA,12.9559466434,77.491707552,No,NONE,No,0.37
TXN000043,61626,PAY,user047@okbank,2026,6,07/06/26,7:30:00,MER0105,COLLECT,13.0327499513,77.5697373568,Yes,TEST_THEN_DRAIN,Yes,0.74
TXN000855,100,PAY,user048@okbank,2026,4,01/04/26,7:21:00,MER0163,VPA,12.9568363032,77.527563133,No,NONE,No,0.26
TXN001286,565,PAY,user041@okbank,2026,6,19/06/26,13:20:00,MER0072,IN_APP,12.9817572864,77.5131230758,No,NONE,No,0.22
TXN001049,1942,PAY,user025@okbank,2026,4,05/04/26,19:55:00,MER0168,INTENT,12.9066877922,77.7033751392,No,NONE,No,0.18
TXN004733,17078,PAY,user038@okbank,2026,4,06/04/26,17:01:00,MER0172,COLLECT,12.9285781838,77.6197495046,No,NONE,No,0.25
TXN001107,100,PAY,user037@okbank,2026,6,11/06/26,7:33:00,MER0144,ACCOUNT_IFSC,12.9556612146,77.5622091013,No,NONE,No,0.14
TXN000964,25875,PAY,user020@okbank,2026,6,12/06/26,23:33:00,MER0062,MOBILE,12.9766437232,77.6859896925,No,NONE,No,0.36
TXN001482,2434,PAY,user037@okbank,2026,1,20/01/26,22:41:00,MER0024,COLLECT,12.9879210666,77.643820642,No,NONE,No,0.26
TXN001384,14848,PAY,user049@okbank,2026,2,06/02/26,8:23:00,MER0125,COLLECT,12.9809891968,77.5351580964,No,NONE,No,0.53
TXN000017,113730,PAY,user030@okbank,2026,3,14/03/26,20:11:00,MER0130,VPA,12.9653457684,77.573940477,No,QR_DECEPTION,Yes,0.59
TXN000011,65418,PAY,user047@okbank,2026,6,01/06/26,19:06:00,MER0144,COLLECT,13.0030327143,77.6600051232,No,TASK_SCAM,Yes,0.78
TXN002861,12681,PAY,user050@okbank,2026,2,21/02/26,7:16:00,MER0014,IN_APP,12.8269368097,77.5469645534,No,NONE,No,0.45
TXN001611,34861,PAY,user006@okbank,2026,5,11/05/26,18:10:00,MER0035,VPA,12.9939713874,77.5906419242,No,NONE,No,0.33
TXN003414,27685,PAY,user006@okbank,2026,2,08/02/26,17:14:00,MER0065,QR,12.9590217785,77.6229947617,No,NONE,No,0.35
TXN003009,18534,PAY,user049@okbank,2026,2,23/02/26,10:39:00,MER0079,MOBILE,13.0060963265,77.6395205832,No,NONE,No,0.09
TXN003307,17200,PAY,user010@okbank,2026,5,20/05/26,20:58:00,MER0009,QR,12.8850165283,77.5660301015,No,NONE,No,0.19
TXN000647,14444,PAY,user024@okbank,2026,4,03/04/26,0:41:00,MER0154,ACCOUNT_IFSC,12.9634095532,77.5712423876,No,NONE,No,0.08
TXN003225,3514,PAY,user042@okbank,2026,2,17/02/26,14:11:00,MER0050,MOBILE,12.9900078027,77.6476047146,No,NONE,No,0.17
TXN002085,19292,PAY,user018@okbank,2026,1,17/01/26,11:39:00,MER0115,QR,12.9355804003,77.5894797068,No,NONE,No,0.3
TXN003568,100,PAY,user036@okbank,2026,4,15/04/26,12:07:00,MER0026,MANDATE,13.0055099165,77.6336711686,No,NONE,No,0.14
TXN001341,100,PAY,user030@okbank,2026,6,02/06/26,22:54:00,MER0124,QR,13.0316966249,77.6099814501,No,NONE,No,0.14
TXN000143,9495,PAY,user011@okbank,2026,6,05/06/26,17:07:00,MER0182,MOBILE,12.9928660085,77.5938419513,No,TEST_THEN_DRAIN,Yes,0.78
TXN003894,25806,PAY,user037@okbank,2026,4,09/04/26,6:53:00,MER0051,VPA,12.9468798136,77.5804073172,No,NONE,No,0.4
TXN002493,19790,PAY,user018@okbank,2026,2,28/02/26,14:03:00,MER0196,VPA,12.9885983369,77.6589931983,No,NONE,No,0.3
TXN001834,314,PAY,user034@okbank,2026,6,05/06/26,12:54:00,MER0020,ACCOUNT_IFSC,12.9507403655,77.526377564,No,NONE,No,0.33
TXN000055,38412,PAY,user039@okbank,2026,4,25/04/26,8:01:00,MER0020,MANDATE,13.0205390985,77.5247814243,No,MANDATE_FRAUD,Yes,0.64
TXN000850,28637,PAY,user030@okbank,2026,6,01/06/26,23:48:00,MER0143,COLLECT,13.0566730425,77.5701159195,No,NONE,No,0.47
TXN002729,23386,PAY,user018@okbank,2026,6,03/06/26,21:20:00,MER0113,COLLECT,13.0358724979,77.6593470538,No,NONE,No,0.1
TXN001347,10580,PAY,user006@okbank,2026,1,20/01/26,6:32:00,MER0022,IN_APP,12.8926096517,77.5619243818,No,NONE,No,0.25
TXN002486,12648,PAY,user003@okbank,2026,4,15/04/26,16:51:00,MER0069,MANDATE,12.9550163115,77.6582519707,No,NONE,No,0.11
TXN004411,5367,PAY,user046@okbank,2026,1,26/01/26,2:28:00,MER0143,COLLECT,13.0164229845,77.6740829907,No,NONE,No,0.28
TXN001423,3741,PAY,user012@okbank,2026,3,23/03/26,10:29:00,MER0107,IN_APP,13.0091883734,77.6008442804,No,NONE,No,0.39
TXN002659,100,PAY,user007@okbank,2026,5,14/05/26,5:01:00,MER0166,MANDATE,13.0360722668,77.6187617842,No,NONE,No,0.2
TXN002566,3124,PAY,user024@okbank,2026,1,26/01/26,2:09:00,MER0093,MANDATE,13.0419646333,77.5584890169,No,NONE,No,0.31
TXN001656,16083,PAY,user023@okbank,2026,2,15/02/26,7:26:00,MER0024,VPA,12.8917014505,77.6227915446,No,NONE,No,0.22
TXN003955,23468,PAY,user002@okbank,2026,3,25/03/26,21:32:00,MER0138,IN_APP,12.9424658308,77.5680883905,No,NONE,No,0.1
TXN002500,5114,PAY,user007@okbank,2026,4,09/04/26,6:42:00,MER0135,MANDATE,12.9455407324,77.6541122106,No,NONE,No,0.23
TXN003388,12678,PAY,user002@okbank,2026,5,26/05/26,9:27:00,MER0098,VPA,13.0316696096,77.5930329914,No,NONE,No,0.45
TXN004890,8486,PAY,user005@okbank,2026,4,22/04/26,0:34:00,MER0147,IN_APP,13.0113530385,77.5593886054,No,NONE,No,0.05
TXN004209,22703,PAY,user022@okbank,2026,6,27/06/26,19:47:00,MER0074,INTENT,12.9703293703,77.5965957698,No,NONE,No,0.16
TXN002360,16487,PAY,user050@okbank,2026,4,12/04/26,0:01:00,MER0173,VPA,12.9416739034,77.6009503664,No,NONE,No,0.13
TXN003094,10486,PAY,user038@okbank,2026,2,22/02/26,21:21:00,MER0085,IN_APP,12.9797576091,77.6444108461,Yes,NONE,No,0.18
TXN002332,10587,PAY,user047@okbank,2026,5,02/05/26,3:31:00,MER0072,MOBILE,13.0104017139,77.6134371125,No,NONE,No,0.32
TXN000174,71965,PAY,user028@okbank,2026,1,13/01/26,9:11:00,MER0194,VPA,12.9734861788,77.6062836299,No,MANDATE_FRAUD,Yes,0.59
TXN004034,19063,PAY,user037@okbank,2026,2,17/02/26,13:32:00,MER0022,COLLECT,12.9169776397,77.5660513586,No,NONE,No,0.04
TXN004825,17974,PAY,user028@okbank,2026,3,02/03/26,23:47:00,MER0049,COLLECT,12.9631453188,77.7053718535,No,NONE,No,0.21
TXN000606,18572,PAY,user031@okbank,2026,5,02/05/26,0:45:00,MER0015,VPA,12.9248539314,77.4858004079,No,NONE,No,0.56
TXN003252,7180,PAY,user023@okbank,2026,2,21/02/26,9:47:00,MER0159,MOBILE,12.8990135638,77.6025138992,No,NONE,No,0.16
TXN002451,8605,PAY,user042@okbank,2026,5,06/05/26,17:18:00,MER0159,COLLECT,12.9762666439,77.5625534041,No,NONE,No,0.3
TXN002055,21516,PAY,user018@okbank,2026,2,01/02/26,12:11:00,MER0046,COLLECT,12.9472586071,77.538551207,Yes,NONE,No,0.29
TXN001364,14158,PAY,user037@okbank,2026,5,18/05/26,0:52:00,MER0195,ACCOUNT_IFSC,12.9725775039,77.5556127094,No,NONE,No,0.22
TXN001383,12634,PAY,user014@okbank,2026,5,08/05/26,14:17:00,MER0115,QR,12.9924946226,77.6766501913,No,NONE,No,0.18
TXN000513,5157,PAY,user048@okbank,2026,3,24/03/26,15:25:00,MER0070,MOBILE,13.0121214802,77.564397396,No,NONE,No,0.44
TXN001725,28252,PAY,user047@okbank,2026,2,22/02/26,2:48:00,MER0053,MOBILE,12.9867607737,77.6413117988,No,NONE,No,0.24
TXN002799,7314,PAY,user046@okbank,2026,2,13/02/26,5:44:00,MER0168,COLLECT,13.1030895787,77.6031617331,No,NONE,No,0.15
TXN002603,10585,PAY,user015@okbank,2026,2,02/02/26,14:53:00,MER0078,QR,13.0664342182,77.6065556962,No,NONE,No,0.15
TXN003854,25416,PAY,user040@okbank,2026,2,05/02/26,7:26:00,MER0020,MOBILE,13.047432998,77.6534852227,No,NONE,No,0.12
TXN003697,21489,PAY,user024@okbank,2026,1,26/01/26,10:44:00,MER0193,INTENT,12.9889283973,77.5897668474,No,NONE,No,0.14
TXN000940,100,PAY,user009@okbank,2026,3,09/03/26,9:41:00,MER0179,MOBILE,13.0878107747,77.6956267094,No,NONE,No,0.39
TXN004016,24580,PAY,user003@okbank,2026,5,02/05/26,18:26:00,MER0188,MANDATE,13.0502119309,77.6702691591,No,NONE,No,0.11
TXN002864,6341,PAY,user031@okbank,2026,1,01/01/26,16:19:00,MER0147,ACCOUNT_IFSC,13.0598177352,77.5617416277,No,NONE,No,0.34
TXN001977,100,PAY,user024@okbank,2026,1,05/01/26,20:28:00,MER0039,QR,12.8989868564,77.5226047452,No,NONE,No,0.45
TXN004613,11180,PAY,user020@okbank,2026,6,15/06/26,22:34:00,MER0034,COLLECT,12.9679318809,77.5998851836,No,NONE,No,0.39
TXN004417,24675,PAY,user042@okbank,2026,4,27/04/26,15:02:00,MER0170,VPA,12.9620780165,77.4848472798,No,NONE,No,0.33
TXN001004,6654,PAY,user021@okbank,2026,2,06/02/26,1:32:00,MER0071,QR,12.9463214151,77.7301319062,No,NONE,No,0.06
TXN004816,18324,PAY,user024@okbank,2026,4,19/04/26,8:39:00,MER0075,VPA,12.9537655563,77.553244235,No,NONE,No,0.2
TXN002027,28687,PAY,user032@okbank,2026,1,06/01/26,18:31:00,MER0022,ACCOUNT_IFSC,13.0750099393,77.638775924,No,NONE,No,0.13
TXN002809,10976,PAY,user008@okbank,2026,1,10/01/26,1:35:00,MER0032,MOBILE,13.003613891,77.5331605279,No,NONE,No,0.16
TXN000390,8291,PAY,user004@okbank,2026,1,21/01/26,16:06:00,MER0066,MOBILE,13.0018622343,77.6831735778,No,NONE,No,0.05
TXN001397,9770,PAY,user031@okbank,2026,2,16/02/26,13:31:00,MER0042,MOBILE,12.9583105838,77.5477629853,No,NONE,No,0.18
TXN002964,6499,PAY,user018@okbank,2026,1,14/01/26,2:29:00,MER0066,COLLECT,12.9479140293,77.5994619593,No,NONE,No,0.39
TXN000615,21215,PAY,user010@okbank,2026,2,16/02/26,23:18:00,MER0141,MANDATE,13.0404328474,77.6560221587,No,NONE,No,0.31
TXN004673,100,PAY,user002@okbank,2026,5,02/05/26,4:05:00,MER0045,MANDATE,12.9542419203,77.5340474583,No,NONE,No,0.47
TXN000417,27903,PAY,user041@okbank,2026,5,17/05/26,22:05:00,MER0156,QR,12.965716966,77.505085768,No,NONE,No,0.12
TXN003833,36268,PAY,user049@okbank,2026,1,25/01/26,8:45:00,MER0094,ACCOUNT_IFSC,13.0336779554,77.5841183919,No,NONE,No,0.22
TXN004550,7382,PAY,user036@okbank,2026,2,06/02/26,1:22:00,MER0064,VPA,12.9782123546,77.6520376389,No,NONE,No,0.3
TXN003507,31588,PAY,user013@okbank,2026,1,08/01/26,21:57:00,MER0067,MANDATE,12.9337297512,77.5595613815,No,NONE,No,0.21
TXN000550,23692,PAY,user013@okbank,2026,1,20/01/26,5:04:00,MER0193,IN_APP,13.0552491932,77.5619763932,No,NONE,No,0.14
TXN003496,15883,PAY,user040@okbank,2026,1,16/01/26,7:26:00,MER0095,INTENT,13.0059348135,77.5647360569,No,NONE,No,0.31
TXN003603,29600,PAY,user032@okbank,2026,5,26/05/26,14:06:00,MER0152,QR,12.9053624773,77.6913155165,No,NONE,No,0.29
TXN002662,14652,PAY,user003@okbank,2026,2,17/02/26,6:53:00,MER0089,MANDATE,12.9843493475,77.6104219756,No,NONE,No,0.31
TXN000680,10416,PAY,user001@okbank,2026,6,24/06/26,11:26:00,MER0101,INTENT,12.982182041,77.6309387176,No,NONE,No,0.46
TXN003772,2223,PAY,user013@okbank,2026,6,22/06/26,1:14:00,MER0077,COLLECT,13.0169673621,77.5955228542,No,NONE,No,0.29
TXN001502,22451,PAY,user002@okbank,2026,3,22/03/26,21:35:00,MER0176,INTENT,13.0570587187,77.6707421736,No,NONE,No,0.31
TXN003032,100,PAY,user038@okbank,2026,6,22/06/26,8:58:00,MER0086,MOBILE,12.9559446313,77.6184656036,No,NONE,No,0.36
TXN001421,17014,PAY,user019@okbank,2026,3,14/03/26,18:07:00,MER0006,MANDATE,12.9980257057,77.6023785885,No,NONE,No,0.32
TXN000009,63222,PAY,user032@okbank,2026,6,26/06/26,1:37:00,MER0174,IN_APP,12.8572052266,77.5578750398,No,MANDATE_FRAUD,Yes,0.81
TXN004291,2556,PAY,user041@okbank,2026,1,27/01/26,18:26:00,MER0108,ACCOUNT_IFSC,13.0048653258,77.5801838564,No,NONE,No,0.31
TXN000837,1572,PAY,user044@okbank,2026,5,02/05/26,11:37:00,MER0117,QR,12.9384762438,77.6004397439,No,NONE,No,0.02
TXN000405,10258,PAY,user028@okbank,2026,3,04/03/26,9:18:00,MER0194,ACCOUNT_IFSC,12.9971810156,77.654769827,No,NONE,No,0.17
TXN001199,100,PAY,user014@okbank,2026,3,11/03/26,16:12:00,MER0032,VPA,12.9339750926,77.6802417166,No,NONE,No,0.36
TXN003058,100,PAY,user026@okbank,2026,5,19/05/26,7:07:00,MER0041,QR,13.0200057057,77.598460587,No,NONE,No,0.28
TXN001940,23885,PAY,user020@okbank,2026,3,15/03/26,15:28:00,MER0169,COLLECT,13.0293639696,77.6080533328,No,NONE,No,0.38
TXN004365,41124,PAY,user015@okbank,2026,3,14/03/26,6:54:00,MER0137,QR,12.9659941506,77.5566574423,No,NONE,No,0.46
TXN002317,14904,PAY,user044@okbank,2026,4,09/04/26,15:33:00,MER0122,MANDATE,12.9295963232,77.6171645017,No,NONE,No,0.45
TXN001683,28448,PAY,user017@okbank,2026,2,05/02/26,20:50:00,MER0038,MOBILE,12.9522638952,77.6277563268,No,NONE,No,0.48
TXN002094,9738,PAY,user019@okbank,2026,4,15/04/26,21:19:00,MER0005,ACCOUNT_IFSC,12.9472843609,77.6126084879,No,NONE,No,0.17
TXN003026,26604,PAY,user047@okbank,2026,2,14/02/26,17:23:00,MER0015,ACCOUNT_IFSC,12.9616646231,77.5679565389,No,NONE,No,0.37
TXN001561,100,PAY,user003@okbank,2026,3,03/03/26,6:40:00,MER0181,ACCOUNT_IFSC,12.9867075398,77.5506979874,No,NONE,No,0.3
TXN004190,7212,PAY,user025@okbank,2026,3,08/03/26,10:28:00,MER0093,ACCOUNT_IFSC,12.9547383609,77.5965760249,No,NONE,No,0.2
TXN001535,100,PAY,user027@okbank,2026,2,26/02/26,13:14:00,MER0067,IN_APP,13.0000496017,77.5894497822,No,NONE,No,0.2
TXN004616,41718,PAY,user003@okbank,2026,6,25/06/26,2:07:00,MER0171,MOBILE,12.9377861932,77.5797406717,No,NONE,No,0.25
TXN003281,10203,PAY,user032@okbank,2026,1,13/01/26,15:33:00,MER0017,ACCOUNT_IFSC,12.9486227559,77.5644992986,No,NONE,No,0.07
TXN004522,100,PAY,user021@okbank,2026,3,03/03/26,14:52:00,MER0114,ACCOUNT_IFSC,12.9621166058,77.5862965895,No,NONE,No,0.13
TXN001917,17433,PAY,user024@okbank,2026,1,19/01/26,7:02:00,MER0068,ACCOUNT_IFSC,13.0846107129,77.5186873094,No,NONE,No,0.37
TXN004327,2857,PAY,user031@okbank,2026,6,04/06/26,0:10:00,MER0155,MOBILE,12.9910688548,77.5452098097,No,NONE,No,0.13
TXN002107,6165,PAY,user047@okbank,2026,4,08/04/26,11:09:00,MER0151,COLLECT,13.0039316949,77.6887666507,No,NONE,No,0.07
TXN001224,22708,PAY,user039@okbank,2026,5,28/05/26,7:19:00,MER0024,VPA,13.0039918503,77.5756373557,No,NONE,No,0.26
TXN000901,8126,PAY,user027@okbank,2026,2,19/02/26,9:50:00,MER0076,INTENT,13.0222855126,77.5480611278,No,NONE,No,0.4
TXN004254,100,PAY,user024@okbank,2026,1,28/01/26,19:38:00,MER0023,ACCOUNT_IFSC,12.9062271162,77.5412172544,No,NONE,No,0.22
TXN001984,14382,PAY,user020@okbank,2026,6,20/06/26,2:04:00,MER0197,MOBILE,13.0379749738,77.5980055936,No,NONE,No,0.31
TXN000095,39042,PAY,user013@okbank,2026,2,10/02/26,20:39:00,MER0005,COLLECT,12.9166524227,77.503149253,No,ACCOUNT_TAKEOVER,Yes,0.68
TXN002284,18000,PAY,user039@okbank,2026,4,10/04/26,23:57:00,MER0063,ACCOUNT_IFSC,13.0215050548,77.5063251158,No,NONE,No,0.29
TXN003335,16478,PAY,user035@okbank,2026,5,02/05/26,23:32:00,MER0147,VPA,12.9913537284,77.5727076107,No,NONE,No,0.37
TXN001662,1499,PAY,user011@okbank,2026,1,15/01/26,17:20:00,MER0010,QR,12.886887281,77.5676722608,No,NONE,No,0.18
TXN003635,13786,PAY,user016@okbank,2026,1,05/01/26,5:46:00,MER0004,IN_APP,12.9771141899,77.4352070695,No,NONE,No,0.02
TXN001964,32917,PAY,user009@okbank,2026,5,06/05/26,3:51:00,MER0134,INTENT,12.9750961595,77.5705025353,No,NONE,No,0.2
TXN003733,100,PAY,user046@okbank,2026,1,17/01/26,8:19:00,MER0132,QR,13.0164363615,77.5912318953,No,NONE,No,0.04
TXN004653,18394,PAY,user034@okbank,2026,4,02/04/26,2:45:00,MER0154,MANDATE,12.9155431307,77.5994223054,No,NONE,No,0.4
TXN004883,16256,PAY,user015@okbank,2026,5,12/05/26,12:56:00,MER0178,COLLECT,12.961127915,77.5597350371,No,NONE,No,0.43
TXN004493,22278,PAY,user030@okbank,2026,4,01/04/26,22:04:00,MER0116,IN_APP,12.9935543784,77.5876351183,No,NONE,No,0.23
TXN003950,1960,PAY,user003@okbank,2026,2,07/02/26,21:08:00,MER0180,ACCOUNT_IFSC,12.9354598127,77.5329216673,No,NONE,No,0.19
TXN004111,17184,PAY,user017@okbank,2026,4,19/04/26,6:57:00,MER0136,ACCOUNT_IFSC,12.9718116782,77.6649693926,No,NONE,No,0.11
TXN002838,1051,PAY,user018@okbank,2026,4,17/04/26,12:08:00,MER0100,QR,12.9585344422,77.5742210326,No,NONE,No,0.12
TXN000992,11337,PAY,user035@okbank,2026,3,23/03/26,3:31:00,MER0104,MANDATE,12.9732384814,77.5727011834,No,NONE,No,0.28
TXN000826,20310,PAY,user009@okbank,2026,5,18/05/26,17:00:00,MER0174,MOBILE,12.8802784772,77.5761411235,No,NONE,No,0.31
TXN004347,13729,PAY,user012@okbank,2026,5,12/05/26,15:56:00,MER0022,IN_APP,12.9364561407,77.5485784346,No,NONE,No,0.12
TXN001851,14948,PAY,user002@okbank,2026,5,07/05/26,0:31:00,MER0152,INTENT,12.9957809208,77.6247437427,No,NONE,No,0.26
TXN003195,15978,PAY,user041@okbank,2026,4,21/04/26,15:50:00,MER0052,IN_APP,12.8655859041,77.5405362407,No,NONE,No,0.19
TXN002213,19501,PAY,user044@okbank,2026,3,09/03/26,10:00:00,MER0088,VPA,13.0268177377,77.5077019304,No,NONE,No,0.16
TXN004516,100,PAY,user013@okbank,2026,2,21/02/26,22:19:00,MER0152,COLLECT,12.9329697947,77.5839019599,No,NONE,No,0.05
TXN001318,4836,PAY,user034@okbank,2026,3,08/03/26,18:21:00,MER0131,ACCOUNT_IFSC,12.9676544675,77.5733958759,No,NONE,No,0.38
TXN004335,20158,PAY,user038@okbank,2026,3,28/03/26,21:30:00,MER0016,VPA,12.9789213683,77.5494271945,No,NONE,No,0.26
TXN000934,22763,PAY,user044@okbank,2026,5,09/05/26,1:25:00,MER0158,MANDATE,12.935015984,77.5568211373,No,NONE,No,0.5
TXN002804,9817,PAY,user038@okbank,2026,3,16/03/26,11:11:00,MER0134,MANDATE,12.9922968734,77.6373987029,No,NONE,No,0.1
TXN001857,15677,PAY,user020@okbank,2026,2,23/02/26,8:54:00,MER0161,IN_APP,13.0102347544,77.710516849,No,NONE,No,0.02
TXN004767,26434,PAY,user033@okbank,2026,2,16/02/26,16:01:00,MER0033,MANDATE,12.9635854181,77.7150278537,No,NONE,No,0.25
TXN003253,17381,PAY,user023@okbank,2026,1,25/01/26,8:51:00,MER0114,QR,12.9475686256,77.6454795532,No,NONE,No,0.24
TXN003549,100,PAY,user023@okbank,2026,1,24/01/26,0:17:00,MER0159,INTENT,13.0530193927,77.6899759785,No,NONE,No,0.24
TXN002374,29473,PAY,user035@okbank,2026,4,17/04/26,8:28:00,MER0011,COLLECT,12.9746792875,77.5225271643,No,NONE,No,0.1
TXN002018,9864,PAY,user050@okbank,2026,4,12/04/26,9:22:00,MER0038,QR,12.9840496576,77.6201024024,No,NONE,No,0.46
TXN003347,9500,PAY,user044@okbank,2026,1,10/01/26,14:32:00,MER0187,COLLECT,12.9629388866,77.61409038,No,NONE,No,0.07
TXN000862,4088,PAY,user016@okbank,2026,5,20/05/26,17:20:00,MER0158,COLLECT,12.8878511036,77.5408339375,No,NONE,No,0.37
TXN002506,9369,PAY,user019@okbank,2026,1,26/01/26,1:25:00,MER0188,IN_APP,12.9798570584,77.5753587442,No,NONE,No,0.32
TXN001887,20442,PAY,user021@okbank,2026,5,18/05/26,1:19:00,MER0032,QR,12.9101122831,77.6429779843,No,NONE,No,0.53
TXN000517,14287,PAY,user004@okbank,2026,4,08/04/26,3:41:00,MER0049,MANDATE,13.0036602508,77.5660464172,No,NONE,No,0.35
TXN003101,10233,PAY,user008@okbank,2026,6,21/06/26,6:52:00,MER0093,ACCOUNT_IFSC,12.9441502473,77.6519165716,No,NONE,No,0.26
TXN004377,8918,PAY,user050@okbank,2026,6,19/06/26,7:42:00,MER0180,IN_APP,13.019478242,77.5776645709,No,NONE,No,0.26
TXN000259,20602,PAY,user049@okbank,2026,2,14/02/26,2:52:00,MER0185,VPA,13.0287292057,77.552153444,No,NONE,No,0.56
TXN001568,4683,PAY,user027@okbank,2026,1,13/01/26,2:52:00,MER0064,QR,12.9952961235,77.5666996492,No,NONE,No,0.36
TXN003801,18025,PAY,user012@okbank,2026,1,07/01/26,6:44:00,MER0090,IN_APP,12.9247062638,77.6636406049,No,NONE,No,0.36
TXN003410,14547,PAY,user031@okbank,2026,6,21/06/26,23:16:00,MER0146,COLLECT,12.9287342436,77.5592407909,No,NONE,No,0.22
TXN001880,100,PAY,user044@okbank,2026,1,16/01/26,19:01:00,MER0131,IN_APP,13.0845794378,77.5768485243,No,NONE,No,0.51
TXN003487,36370,PAY,user008@okbank,2026,5,08/05/26,10:56:00,MER0157,COLLECT,12.9864431991,77.5874788373,No,NONE,No,0.27
TXN002891,22561,PAY,user036@okbank,2026,2,20/02/26,11:37:00,MER0176,QR,12.9466491714,77.6959467562,No,NONE,No,0.18
TXN000104,79488,PAY,user004@okbank,2026,1,23/01/26,5:26:00,MER0026,VPA,12.9032436311,77.5420022471,No,COLLECT_REQUEST_FRAUD,Yes,0.63
TXN000091,102290,PAY,user016@okbank,2026,6,02/06/26,2:37:00,MER0030,COLLECT,12.9652621072,77.5759032378,No,QR_DECEPTION,Yes,0.54
TXN004336,40008,PAY,user037@okbank,2026,5,03/05/26,14:37:00,MER0143,MANDATE,12.9875039843,77.641369297,No,NONE,No,0.12
TXN000649,15110,PAY,user035@okbank,2026,5,01/05/26,17:53:00,MER0200,QR,12.9621832923,77.5865643378,No,NONE,No,0.05
TXN002557,35185,PAY,user022@okbank,2026,4,15/04/26,17:47:00,MER0135,QR,12.9330572637,77.6331767888,No,NONE,No,0.4
TXN002933,7088,PAY,user019@okbank,2026,3,02/03/26,22:24:00,MER0153,IN_APP,12.9657101057,77.6673549971,No,NONE,No,0.24
TXN004268,24624,PAY,user048@okbank,2026,3,14/03/26,16:54:00,MER0028,MOBILE,12.952190062,77.5556743336,No,NONE,No,0.24
TXN003675,100,PAY,user022@okbank,2026,2,26/02/26,9:41:00,MER0112,VPA,13.0612251608,77.6273225033,No,NONE,No,0.15
TXN001142,14577,PAY,user003@okbank,2026,3,13/03/26,18:58:00,MER0045,QR,12.8734505603,77.529882162,No,NONE,No,0.47
TXN002168,32198,PAY,user025@okbank,2026,6,12/06/26,14:16:00,MER0176,MOBILE,12.9941884277,77.513321283,No,NONE,No,0.35
TXN002562,34625,PAY,user005@okbank,2026,5,13/05/26,5:50:00,MER0191,COLLECT,12.9484447305,77.6496101752,No,NONE,No,0.19
TXN002612,7974,PAY,user019@okbank,2026,4,05/04/26,2:29:00,MER0165,MANDATE,12.9752095051,77.6093465032,No,NONE,No,0.4
TXN000329,14276,PAY,user037@okbank,2026,4,28/04/26,19:40:00,MER0039,QR,12.8919227815,77.565595517,No,NONE,No,0.36
TXN000712,9600,PAY,user007@okbank,2026,1,10/01/26,20:31:00,MER0092,ACCOUNT_IFSC,13.0400648643,77.5619974291,No,NONE,No,0.15
TXN003146,4608,PAY,user019@okbank,2026,6,04/06/26,5:25:00,MER0027,VPA,13.0133859719,77.6205188874,No,NONE,No,0.28
TXN000857,100,PAY,user036@okbank,2026,4,10/04/26,13:13:00,MER0198,COLLECT,12.9430111151,77.6000753597,No,NONE,No,0.31
TXN000423,16211,PAY,user022@okbank,2026,6,04/06/26,22:53:00,MER0054,MOBILE,12.9942947484,77.619283584,No,NONE,No,0.31
TXN004783,20714,PAY,user046@okbank,2026,5,08/05/26,16:35:00,MER0190,ACCOUNT_IFSC,12.9319717373,77.5990734158,No,NONE,No,0.31
TXN002155,11438,PAY,user034@okbank,2026,2,21/02/26,16:11:00,MER0087,MANDATE,12.9549242314,77.6302483538,No,NONE,No,0.09
TXN001428,13327,PAY,user050@okbank,2026,2,27/02/26,13:20:00,MER0080,VPA,12.8985868412,77.6472698151,No,NONE,No,0.02
TXN004397,8789,PAY,user028@okbank,2026,2,17/02/26,15:55:00,MER0130,IN_APP,12.9604351845,77.5182627473,No,NONE,No,0.27
TXN002683,100,PAY,user015@okbank,2026,3,04/03/26,19:34:00,MER0090,IN_APP,12.872505086,77.5398266872,No,NONE,No,0.38
TXN000745,18964,PAY,user010@okbank,2026,2,04/02/26,16:45:00,MER0136,IN_APP,13.0151197273,77.6066704546,No,NONE,No,0.12
TXN003109,21506,PAY,user041@okbank,2026,6,02/06/26,5:03:00,MER0036,VPA,12.9667836883,77.7355670062,No,NONE,No,0.21
TXN002674,18637,PAY,user015@okbank,2026,4,05/04/26,22:18:00,MER0080,INTENT,12.9542359192,77.5862391723,No,NONE,No,0.35
TXN003556,18082,PAY,user032@okbank,2026,2,21/02/26,15:03:00,MER0185,QR,13.0076292267,77.6352320485,No,NONE,No,0.39
TXN002675,5813,PAY,user002@okbank,2026,5,05/05/26,22:46:00,MER0123,COLLECT,12.961315392,77.5908038857,No,NONE,No,0.4
TXN000960,13048,PAY,user038@okbank,2026,4,08/04/26,0:12:00,MER0109,IN_APP,13.0543590404,77.5217107204,No,NONE,No,0.36
TXN000905,21546,PAY,user019@okbank,2026,6,13/06/26,15:26:00,MER0181,ACCOUNT_IFSC,12.9933965346,77.504797191,No,NONE,No,0.57
TXN000932,19195,PAY,user010@okbank,2026,3,24/03/26,22:20:00,MER0032,IN_APP,12.9448970798,77.574872997,No,NONE,No,0.27
TXN003998,16653,PAY,user033@okbank,2026,6,12/06/26,12:51:00,MER0046,INTENT,13.0747850146,77.5850825554,No,NONE,No,0.02
TXN001285,18193,PAY,user045@okbank,2026,2,20/02/26,6:52:00,MER0060,INTENT,12.977379383,77.6164115035,No,NONE,No,0.21
TXN004192,3007,PAY,user021@okbank,2026,6,22/06/26,12:19:00,MER0019,MANDATE,13.0212331443,77.6368017121,No,NONE,No,0.14
TXN002478,20970,PAY,user009@okbank,2026,6,07/06/26,20:37:00,MER0196,MANDATE,13.0137348103,77.5684910636,No,NONE,No,0.25
TXN004424,38619,PAY,user010@okbank,2026,6,28/06/26,18:53:00,MER0158,MOBILE,13.0355748037,77.5198347982,No,NONE,No,0.38
TXN003612,4935,PAY,user013@okbank,2026,2,18/02/26,21:58:00,MER0190,MANDATE,13.0340884666,77.6712532117,No,NONE,No,0.47
TXN004994,21407,PAY,user024@okbank,2026,1,07/01/26,21:18:00,MER0180,IN_APP,13.0147657398,77.5595357864,No,NONE,No,0.14
TXN001913,100,PAY,user035@okbank,2026,5,15/05/26,9:11:00,MER0144,COLLECT,12.9494346928,77.5503725037,No,NONE,No,0.26
TXN001386,4236,PAY,user021@okbank,2026,2,17/02/26,3:49:00,MER0167,MANDATE,12.9609784795,77.6806351698,No,NONE,No,0.44
TXN002845,25575,PAY,user032@okbank,2026,2,09/02/26,19:00:00,MER0023,COLLECT,12.9918437063,77.5957392278,No,NONE,No,0.19
TXN002061,19737,PAY,user018@okbank,2026,1,28/01/26,20:05:00,MER0108,QR,12.8860600885,77.6934160879,No,NONE,No,0.3
TXN003362,100,PAY,user025@okbank,2026,2,11/02/26,6:35:00,MER0157,COLLECT,12.9620452519,77.6184561998,No,NONE,No,0.6
TXN003268,17587,PAY,user013@okbank,2026,5,15/05/26,4:25:00,MER0157,IN_APP,13.0337637387,77.5755203629,No,NONE,No,0.29
TXN002900,12896,PAY,user030@okbank,2026,2,11/02/26,5:11:00,MER0077,MANDATE,12.9299267476,77.5745339958,No,NONE,No,0.1
TXN001292,27581,PAY,user023@okbank,2026,5,01/05/26,12:43:00,MER0049,MOBILE,12.9352159673,77.6726771809,No,NONE,No,0.23
TXN000699,35618,PAY,user004@okbank,2026,3,10/03/26,4:55:00,MER0106,VPA,12.9470657118,77.5700163651,No,NONE,No,0.24
TXN001115,3842,PAY,user024@okbank,2026,4,08/04/26,14:12:00,MER0187,MANDATE,12.8921735752,77.5907680585,No,NONE,No,0.09
TXN001029,25973,PAY,user048@okbank,2026,2,26/02/26,9:32:00,MER0183,MANDATE,12.9985216368,77.5876096759,No,NONE,No,0.17
TXN004559,19779,PAY,user001@okbank,2026,6,02/06/26,20:48:00,MER0194,VPA,12.9726041918,77.5623666545,No,NONE,No,0.33
TXN003390,27987,PAY,user028@okbank,2026,1,25/01/26,3:43:00,MER0067,INTENT,12.9210785821,77.6049879913,No,NONE,No,0.06
TXN002160,32774,PAY,user016@okbank,2026,2,02/02/26,3:59:00,MER0049,INTENT,12.9148157154,77.545352799,No,NONE,No,0.38
TXN002397,7094,PAY,user004@okbank,2026,6,11/06/26,18:19:00,MER0042,ACCOUNT_IFSC,12.9255408538,77.5644122247,No,NONE,No,0.4
TXN002590,8286,PAY,user009@okbank,2026,4,11/04/26,20:20:00,MER0008,INTENT,13.0086592997,77.6186205755,No,NONE,No,0.41
TXN004984,31549,PAY,user026@okbank,2026,5,17/05/26,18:14:00,MER0080,IN_APP,12.9043897663,77.5360434147,No,NONE,No,0.22
TXN001426,28257,PAY,user045@okbank,2026,3,02/03/26,22:01:00,MER0147,ACCOUNT_IFSC,12.9505676815,77.6353840633,No,NONE,No,0.53
TXN001765,17815,PAY,user003@okbank,2026,1,01/01/26,6:09:00,MER0077,QR,12.9775955517,77.6013975911,No,NONE,No,0.25
TXN000454,19168,PAY,user016@okbank,2026,3,01/03/26,17:15:00,MER0191,QR,12.9447775552,77.5384536652,No,NONE,No,0.21
TXN003014,25881,PAY,user005@okbank,2026,6,25/06/26,15:44:00,MER0048,QR,12.8864652264,77.573610813,No,NONE,No,0.17
TXN004779,4887,PAY,user041@okbank,2026,1,21/01/26,23:58:00,MER0046,ACCOUNT_IFSC,13.0312174873,77.6456693571,No,NONE,No,0.23
TXN001014,21499,PAY,user039@okbank,2026,5,09/05/26,19:04:00,MER0063,VPA,12.9484159076,77.5816340882,No,NONE,No,0.43
TXN002658,23352,PAY,user027@okbank,2026,5,18/05/26,5:32:00,MER0067,MANDATE,12.9527471349,77.5945423536,No,NONE,No,0.36
TXN000162,91316,PAY,user019@okbank,2026,2,12/02/26,17:03:00,MER0130,COLLECT,12.8578850587,77.704168852,No,TASK_SCAM,Yes,0.87
TXN002684,24498,PAY,user046@okbank,2026,1,22/01/26,14:05:00,MER0052,ACCOUNT_IFSC,12.9109325627,77.5466197932,No,NONE,No,0.16
TXN001658,12931,PAY,user011@okbank,2026,4,01/04/26,5:52:00,MER0026,QR,12.9730258302,77.5758676481,No,NONE,No,0.38
TXN001868,26150,PAY,user041@okbank,2026,1,12/01/26,0:54:00,MER0028,VPA,12.9584557864,77.5144134584,No,NONE,No,0.26
TXN003853,11428,PAY,user011@okbank,2026,6,05/06/26,10:24:00,MER0048,ACCOUNT_IFSC,12.9901470933,77.5645179191,No,NONE,No,0.02
TXN003226,20500,PAY,user049@okbank,2026,4,09/04/26,7:03:00,MER0015,COLLECT,12.9358258925,77.5818457607,No,NONE,No,0.33
TXN002019,18832,PAY,user045@okbank,2026,3,12/03/26,5:19:00,MER0031,MOBILE,12.9661066308,77.6384299644,No,NONE,No,0.51
TXN004628,33469,PAY,user041@okbank,2026,5,02/05/26,1:13:00,MER0146,INTENT,13.0029071622,77.6347008036,No,NONE,No,0.23
TXN004049,12609,PAY,user019@okbank,2026,5,21/05/26,3:04:00,MER0194,IN_APP,12.9234507984,77.5927095165,No,NONE,No,0.25
TXN002196,26650,PAY,user029@okbank,2026,5,13/05/26,9:59:00,MER0101,QR,13.0311579829,77.6030618071,No,NONE,No,0.35
TXN003506,8547,PAY,user033@okbank,2026,1,25/01/26,13:47:00,MER0107,COLLECT,12.9680697699,77.5529795828,No,NONE,No,0.2
TXN000519,7701,PAY,user023@okbank,2026,2,14/02/26,2:49:00,MER0164,MOBILE,12.9654607591,77.6622416077,No,NONE,No,0.2
TXN003771,10717,PAY,user041@okbank,2026,1,16/01/26,7:47:00,MER0071,MANDATE,12.9495133643,77.6542726164,No,NONE,No,0.39
TXN001298,15314,PAY,user014@okbank,2026,5,25/05/26,2:54:00,MER0119,ACCOUNT_IFSC,13.0249304149,77.5730410669,No,NONE,No,0.64
TXN004007,9116,PAY,user005@okbank,2026,5,02/05/26,7:51:00,MER0041,IN_APP,12.9612395805,77.6692424907,No,NONE,No,0.5
TXN002455,21047,PAY,user048@okbank,2026,3,26/03/26,1:00:00,MER0047,MOBILE,12.9724139876,77.620373352,No,NONE,No,0.26
TXN003208,9814,PAY,user008@okbank,2026,4,27/04/26,23:49:00,MER0031,INTENT,12.9374116524,77.6235304059,No,NONE,No,0.42
TXN002030,21475,PAY,user028@okbank,2026,1,10/01/26,6:39:00,MER0056,MANDATE,12.9369898299,77.6208014753,No,NONE,No,0.4
TXN002177,18213,PAY,user012@okbank,2026,5,09/05/26,15:59:00,MER0189,VPA,12.9535084202,77.6397161794,No,NONE,No,0.38
TXN004448,9953,PAY,user050@okbank,2026,4,23/04/26,1:58:00,MER0125,QR,12.9033218872,77.6128118608,No,NONE,No,0.18
TXN003882,8655,PAY,user038@okbank,2026,2,24/02/26,19:24:00,MER0127,INTENT,12.8966824787,77.6615598692,No,NONE,No,0.17
TXN003262,10268,PAY,user030@okbank,2026,2,26/02/26,2:24:00,MER0019,VPA,12.9682071556,77.5413748319,No,NONE,No,0.24
TXN004219,30786,PAY,user003@okbank,2026,1,15/01/26,15:30:00,MER0002,QR,12.9321852829,77.5889682444,No,NONE,No,0.45
TXN003436,34841,PAY,user044@okbank,2026,3,09/03/26,8:04:00,MER0046,IN_APP,13.0010833348,77.5534141094,No,NONE,No,0.49
TXN001821,14797,PAY,user014@okbank,2026,3,10/03/26,1:42:00,MER0152,VPA,12.971523655,77.5646633961,No,NONE,No,0.21
TXN002637,21565,PAY,user007@okbank,2026,6,17/06/26,4:36:00,MER0097,QR,13.0014255053,77.5396614974,No,NONE,No,0.15
TXN004549,6994,PAY,user018@okbank,2026,5,03/05/26,13:27:00,MER0126,MANDATE,13.0405279884,77.4958907048,No,NONE,No,0.5
TXN004069,33355,PAY,user022@okbank,2026,3,18/03/26,18:34:00,MER0169,MANDATE,12.9709099062,77.5843767197,Yes,NONE,No,0.35
TXN004760,17221,PAY,user041@okbank,2026,6,04/06/26,9:02:00,MER0023,INTENT,12.894768676,77.4799552806,No,NONE,No,0.26
TXN001402,14876,PAY,user006@okbank,2026,6,03/06/26,8:14:00,MER0088,MOBILE,13.0094162529,77.5787972868,No,NONE,No,0.16
TXN000984,5272,PAY,user016@okbank,2026,5,21/05/26,23:29:00,MER0112,MANDATE,12.9480449462,77.5329243505,No,NONE,No,0.24
TXN000273,7811,PAY,user031@okbank,2026,4,13/04/26,14:24:00,MER0181,VPA,13.0185634636,77.5583386494,No,NONE,No,0.46
TXN004837,10065,PAY,user017@okbank,2026,3,12/03/26,8:11:00,MER0142,QR,12.9496638059,77.6513509698,No,NONE,No,0.16
TXN004920,100,PAY,user032@okbank,2026,2,02/02/26,18:05:00,MER0059,QR,13.0560733272,77.5689182448,No,NONE,No,0.13
TXN003561,15474,PAY,user050@okbank,2026,4,14/04/26,13:20:00,MER0048,INTENT,12.9441463902,77.6665915148,No,NONE,No,0.33
TXN004946,22801,PAY,user008@okbank,2026,6,08/06/26,7:24:00,MER0020,MOBILE,12.9598353241,77.6054747793,No,NONE,No,0.27
TXN001321,20517,PAY,user004@okbank,2026,2,24/02/26,21:48:00,MER0136,COLLECT,13.0123645648,77.6332814852,No,NONE,No,0.26
TXN001795,39638,PAY,user050@okbank,2026,4,07/04/26,17:41:00,MER0066,COLLECT,12.9604769569,77.5298349937,No,NONE,No,0.23
TXN001909,18496,PAY,user043@okbank,2026,1,10/01/26,4:23:00,MER0092,QR,12.9821327988,77.510227877,No,NONE,No,0.13
TXN000623,28388,PAY,user022@okbank,2026,4,06/04/26,16:53:00,MER0036,ACCOUNT_IFSC,13.0279264343,77.5417456344,No,NONE,No,0.36
TXN000112,62125,PAY,user035@okbank,2026,3,23/03/26,11:14:00,MER0152,COLLECT,12.9895061831,77.59106825,No,FAKE_CUSTOMER_CARE,Yes,0.76
TXN004348,9712,PAY,user047@okbank,2026,6,19/06/26,21:45:00,MER0086,COLLECT,12.964789009,77.5163238101,No,NONE,No,0.05
TXN002840,5013,PAY,user046@okbank,2026,5,01/05/26,9:46:00,MER0025,IN_APP,13.0163194996,77.5045118435,No,NONE,No,0.29
TXN003443,2891,PAY,user017@okbank,2026,3,11/03/26,1:33:00,MER0047,INTENT,13.032865927,77.5250209649,No,NONE,No,0.34
TXN003097,18506,PAY,user024@okbank,2026,4,18/04/26,9:05:00,MER0172,ACCOUNT_IFSC,12.8805540076,77.6228772646,No,NONE,No,0.29
TXN004169,15443,PAY,user019@okbank,2026,1,22/01/26,23:42:00,MER0008,IN_APP,12.9618328535,77.6029316471,No,NONE,No,0.35
TXN001133,30798,PAY,user029@okbank,2026,4,27/04/26,5:21:00,MER0002,MANDATE,13.0130851201,77.5519276712,No,NONE,No,0.06
TXN001945,30919,PAY,user041@okbank,2026,4,20/04/26,4:01:00,MER0081,MOBILE,12.9838523455,77.5839585369,No,NONE,No,0.3
TXN000464,15728,PAY,user015@okbank,2026,1,23/01/26,2:49:00,MER0096,MANDATE,12.8995835947,77.6579511479,No,NONE,No,0.48
TXN000831,351,PAY,user042@okbank,2026,1,16/01/26,1:10:00,MER0056,MANDATE,12.9808997941,77.5835034895,No,NONE,No,0.28
TXN001414,16905,PAY,user020@okbank,2026,1,05/01/26,22:27:00,MER0027,MOBILE,12.9337766636,77.5236120628,No,NONE,No,0.17
TXN002490,11243,PAY,user017@okbank,2026,4,05/04/26,3:40:00,MER0145,IN_APP,13.0166832485,77.5712165629,No,NONE,No,0.34
TXN004383,100,PAY,user032@okbank,2026,4,25/04/26,7:55:00,MER0035,VPA,13.0356986572,77.6757334953,No,NONE,No,0.25
TXN001463,100,PAY,user020@okbank,2026,1,28/01/26,3:52:00,MER0144,IN_APP,12.8860358727,77.5810772627,No,NONE,No,0.57
TXN000713,26736,PAY,user050@okbank,2026,2,18/02/26,16:42:00,MER0010,INTENT,12.9742981331,77.5506549949,No,NONE,No,0.22
TXN000410,19586,PAY,user048@okbank,2026,4,02/04/26,10:08:00,MER0100,MOBILE,12.9072229969,77.6364252534,No,NONE,No,0.27
TXN002800,18280,PAY,user029@okbank,2026,2,12/02/26,8:34:00,MER0092,COLLECT,12.934320023,77.6101784915,No,NONE,No,0.31
TXN002616,8989,PAY,user044@okbank,2026,3,20/03/26,20:16:00,MER0181,MOBILE,13.0513726133,77.5397782058,No,NONE,No,0.4
TXN002540,9691,PAY,user022@okbank,2026,2,01/02/26,4:47:00,MER0017,VPA,13.0075810765,77.6326323472,No,NONE,No,0.21
TXN002225,17721,PAY,user001@okbank,2026,2,04/02/26,9:54:00,MER0140,COLLECT,13.0302574606,77.6579861828,No,NONE,No,0.23
TXN002892,25548,PAY,user015@okbank,2026,2,24/02/26,22:08:00,MER0180,IN_APP,12.9348213468,77.5390119581,No,NONE,No,0.38
TXN004300,100,PAY,user031@okbank,2026,1,11/01/26,6:44:00,MER0074,INTENT,12.9883399743,77.5635266545,No,NONE,No,0.34
TXN002791,29652,PAY,user027@okbank,2026,1,05/01/26,22:29:00,MER0094,COLLECT,12.9707292287,77.5875524233,No,NONE,No,0.4
TXN004525,4928,PAY,user035@okbank,2026,2,07/02/26,3:37:00,MER0185,COLLECT,12.9592502575,77.6474168233,No,NONE,No,0.42
TXN004885,19354,PAY,user010@okbank,2026,4,01/04/26,18:45:00,MER0009,MANDATE,13.0255053929,77.5484887577,No,NONE,No,0.14
TXN003110,28610,PAY,user019@okbank,2026,4,07/04/26,6:55:00,MER0044,IN_APP,12.9785824823,77.6594486633,No,NONE,No,0.33
TXN004373,25858,PAY,user014@okbank,2026,3,03/03/26,20:32:00,MER0064,VPA,12.9876063023,77.5829696373,No,NONE,No,0.38
TXN002528,24321,PAY,user022@okbank,2026,4,21/04/26,1:49:00,MER0157,INTENT,13.0101492601,77.500853527,No,NONE,No,0.15
TXN002339,20268,PAY,user031@okbank,2026,3,16/03/26,3:49:00,MER0041,QR,13.0052540949,77.5871494385,No,NONE,No,0.02
TXN003075,21263,PAY,user044@okbank,2026,5,21/05/26,22:24:00,MER0071,INTENT,12.9511235452,77.5525091378,No,NONE,No,0.34
TXN003656,100,PAY,user003@okbank,2026,1,16/01/26,20:59:00,MER0110,QR,13.0477357879,77.6353950625,No,NONE,No,0.24
TXN004280,6741,PAY,user039@okbank,2026,2,13/02/26,1:22:00,MER0079,ACCOUNT_IFSC,12.9513919457,77.5501540318,No,NONE,No,0.17
TXN000308,19028,PAY,user033@okbank,2026,4,04/04/26,12:19:00,MER0078,QR,12.939247301,77.6125782457,No,NONE,No,0.24
TXN001419,20516,PAY,user048@okbank,2026,3,15/03/26,13:03:00,MER0142,VPA,12.9392361706,77.5628254536,No,NONE,No,0.34
TXN001702,6575,PAY,user005@okbank,2026,2,22/02/26,13:46:00,MER0088,MANDATE,13.0232886755,77.6106944979,No,NONE,No,0.02
TXN000155,105493,PAY,user013@okbank,2026,3,17/03/26,19:16:00,MER0042,MANDATE,12.9683530295,77.566119811,No,NONE,Yes,0.78
TXN001445,36676,PAY,user032@okbank,2026,1,20/01/26,16:43:00,MER0156,INTENT,12.9726711988,77.5988104781,No,NONE,No,0.02
TXN000322,21297,PAY,user003@okbank,2026,2,26/02/26,18:03:00,MER0120,MANDATE,12.9783217467,77.5294421347,No,NONE,No,0.53
TXN004038,15139,PAY,user043@okbank,2026,5,07/05/26,10:43:00,MER0012,VPA,12.9181025965,77.7259130154,No,NONE,No,0.32
TXN001975,100,PAY,user042@okbank,2026,6,10/06/26,4:46:00,MER0028,VPA,13.0788547788,77.6189531539,No,NONE,No,0.24
TXN001083,25569,PAY,user007@okbank,2026,1,25/01/26,1:02:00,MER0125,QR,13.0169076295,77.5771598507,No,NONE,No,0.34
TXN001056,846,PAY,user012@okbank,2026,6,21/06/26,17:42:00,MER0198,IN_APP,12.9451701344,77.5549888566,No,NONE,No,0.05
TXN004346,5614,PAY,user023@okbank,2026,5,10/05/26,8:58:00,MER0001,MOBILE,12.9923468298,77.5312281355,No,NONE,No,0.17
TXN002816,20209,PAY,user010@okbank,2026,3,10/03/26,0:50:00,MER0146,QR,13.0294016608,77.5974779224,No,NONE,No,0.41
TXN004691,19585,PAY,user003@okbank,2026,6,17/06/26,0:39:00,MER0192,IN_APP,12.9912736675,77.6984835723,No,NONE,No,0.27
TXN001592,25571,PAY,user034@okbank,2026,4,19/04/26,7:37:00,MER0027,MOBILE,12.8883385414,77.6172026323,No,NONE,No,0.25
TXN003220,8503,PAY,user035@okbank,2026,2,19/02/26,12:11:00,MER0093,MANDATE,12.9879433293,77.6359548042,No,NONE,No,0.3
TXN001336,16664,PAY,user007@okbank,2026,3,13/03/26,6:28:00,MER0169,IN_APP,12.9917831843,77.5346718339,No,NONE,No,0.24
TXN003633,23230,PAY,user039@okbank,2026,4,04/04/26,0:44:00,MER0078,QR,12.9778819359,77.6713621119,No,NONE,No,0.04
TXN004527,17471,PAY,user032@okbank,2026,2,02/02/26,1:27:00,MER0036,VPA,12.9965041351,77.5915168922,No,NONE,No,0.27
TXN001628,23076,PAY,user049@okbank,2026,5,14/05/26,1:29:00,MER0039,MANDATE,13.0495270117,77.6850038405,No,NONE,No,0.55
TXN002485,10362,PAY,user021@okbank,2026,4,19/04/26,0:45:00,MER0197,ACCOUNT_IFSC,12.916932666,77.5260004307,No,NONE,No,0.45
TXN004741,35167,PAY,user004@okbank,2026,3,06/03/26,5:08:00,MER0167,IN_APP,13.0456130911,77.6203808815,No,NONE,No,0.13
TXN001605,16137,PAY,user001@okbank,2026,1,12/01/26,18:10:00,MER0104,MOBILE,12.9553303407,77.5837802412,No,NONE,No,0.25
TXN000092,80203,PAY,user006@okbank,2026,1,08/01/26,4:19:00,MER0018,VPA,13.0015036183,77.6147008007,No,MANDATE_FRAUD,Yes,0.85
TXN002431,19037,PAY,user014@okbank,2026,3,23/03/26,21:55:00,MER0075,QR,12.9899712476,77.5993637057,No,NONE,No,0.38
TXN003642,100,PAY,user020@okbank,2026,2,08/02/26,8:49:00,MER0140,COLLECT,12.8923966232,77.5932308661,No,NONE,No,0.27
TXN001766,22137,PAY,user019@okbank,2026,6,20/06/26,3:29:00,MER0066,COLLECT,13.0707400464,77.6085815433,No,NONE,No,0.34
TXN000158,61578,PAY,user032@okbank,2026,1,08/01/26,7:11:00,MER0005,COLLECT,13.0097596828,77.6357730138,No,COLLECT_REQUEST_FRAUD,Yes,0.63
TXN004129,26919,PAY,user004@okbank,2026,2,10/02/26,19:13:00,MER0104,COLLECT,12.964746128,77.6022009626,No,NONE,No,0.12
TXN000904,7075,PAY,user045@okbank,2026,4,09/04/26,18:30:00,MER0043,MANDATE,12.965045726,77.6177336971,No,NONE,No,0.46
TXN001023,15479,PAY,user038@okbank,2026,3,05/03/26,19:40:00,MER0090,QR,12.9708482621,77.5412872714,No,NONE,No,0.13
TXN002831,22030,PAY,user047@okbank,2026,4,20/04/26,18:55:00,MER0004,QR,12.92322014,77.5608478119,No,NONE,No,0.02
TXN001368,15776,PAY,user048@okbank,2026,3,03/03/26,2:27:00,MER0171,MOBILE,12.9313214925,77.6206070201,No,NONE,No,0.28
TXN004006,6999,PAY,user016@okbank,2026,5,06/05/26,10:26:00,MER0024,ACCOUNT_IFSC,12.8784207264,77.546393111,No,NONE,No,0.35
TXN004819,7097,PAY,user010@okbank,2026,2,28/02/26,17:27:00,MER0072,MOBILE,12.9551396959,77.5213904358,No,NONE,No,0.22
TXN000136,74613,PAY,user039@okbank,2026,5,16/05/26,7:37:00,MER0057,VPA,13.0299516156,77.5984780178,No,TASK_SCAM,Yes,0.84
TXN002465,14139,PAY,user023@okbank,2026,3,05/03/26,7:27:00,MER0096,MANDATE,12.8884622818,77.5418127982,No,NONE,No,0.24
TXN001777,14032,PAY,user026@okbank,2026,3,20/03/26,6:44:00,MER0075,MOBILE,12.9955864234,77.6860116762,No,NONE,No,0.34
TXN001268,34059,PAY,user006@okbank,2026,6,05/06/26,7:12:00,MER0081,ACCOUNT_IFSC,12.9740531359,77.5757483474,No,NONE,No,0.31
TXN000989,27392,PAY,user029@okbank,2026,2,17/02/26,14:09:00,MER0147,VPA,12.9441044656,77.6257304249,No,NONE,No,0.05
TXN001487,9412,PAY,user048@okbank,2026,1,18/01/26,22:35:00,MER0006,COLLECT,12.955481663,77.6598602047,No,NONE,No,0.26
TXN003776,12342,PAY,user012@okbank,2026,6,28/06/26,21:16:00,MER0061,MANDATE,12.9521508631,77.5241038341,No,NONE,No,0.27
TXN001706,22444,PAY,user028@okbank,2026,1,10/01/26,16:37:00,MER0109,QR,12.957350779,77.5380326779,No,NONE,No,0.28
TXN002837,100,PAY,user004@okbank,2026,3,08/03/26,6:28:00,MER0084,INTENT,13.0150250071,77.6265655896,No,NONE,No,0.57
TXN002013,14189,PAY,user008@okbank,2026,2,21/02/26,3:02:00,MER0144,VPA,12.9352380497,77.5921214982,No,NONE,No,0.38
TXN001185,24348,PAY,user028@okbank,2026,1,03/01/26,8:57:00,MER0126,IN_APP,13.0838248391,77.6155777138,No,NONE,No,0.02
TXN004945,100,PAY,user046@okbank,2026,3,03/03/26,7:12:00,MER0080,MOBILE,12.9908186586,77.4831780969,No,NONE,No,0.12
TXN000555,17116,PAY,user020@okbank,2026,6,04/06/26,8:43:00,MER0063,COLLECT,13.0297738272,77.6532713774,No,NONE,No,0.43
TXN001521,23189,PAY,user001@okbank,2026,3,04/03/26,9:49:00,MER0113,MOBILE,12.9205641348,77.5680168152,No,NONE,No,0.36
TXN001092,28893,PAY,user030@okbank,2026,2,26/02/26,15:32:00,MER0037,QR,13.0310256254,77.5336148393,No,NONE,No,0.15
TXN004845,25135,PAY,user034@okbank,2026,4,10/04/26,5:55:00,MER0173,MANDATE,12.9589278986,77.6683604557,No,NONE,No,0.06
TXN004964,8279,PAY,user011@okbank,2026,4,17/04/26,3:17:00,MER0162,MOBILE,13.0172737424,77.607188289,No,NONE,No,0.17
TXN000106,84680,PAY,user044@okbank,2026,3,04/03/26,14:11:00,MER0166,QR,12.916280903,77.5710240779,No,ACCOUNT_TAKEOVER,Yes,0.85
TXN000562,6219,PAY,user047@okbank,2026,4,16/04/26,21:28:00,MER0014,ACCOUNT_IFSC,13.0774258331,77.6227201284,No,NONE,No,0.13
TXN003364,27442,PAY,user042@okbank,2026,6,10/06/26,20:19:00,MER0132,COLLECT,12.9571509389,77.647708001,No,NONE,No,0.25
TXN004916,12121,PAY,user026@okbank,2026,1,22/01/26,12:06:00,MER0157,INTENT,12.9138400187,77.5919254807,No,NONE,No,0.39
TXN003430,9781,PAY,user040@okbank,2026,3,18/03/26,10:06:00,MER0078,QR,12.9859480424,77.553732602,No,NONE,No,0.02
TXN000457,28625,PAY,user002@okbank,2026,2,18/02/26,8:28:00,MER0011,COLLECT,13.0523597913,77.5665346142,No,NONE,No,0.32
TXN003439,2922,PAY,user022@okbank,2026,1,06/01/26,6:14:00,MER0024,VPA,12.9788449335,77.5841999563,No,NONE,No,0.16
TXN003104,5272,PAY,user009@okbank,2026,5,02/05/26,20:21:00,MER0040,VPA,12.9634128328,77.5622654637,No,NONE,No,0.29
TXN000416,775,PAY,user008@okbank,2026,3,07/03/26,16:15:00,MER0133,VPA,12.9119678664,77.659404403,No,NONE,No,0.35
TXN001822,19635,PAY,user001@okbank,2026,6,11/06/26,13:09:00,MER0177,VPA,12.9679186021,77.5820840073,No,NONE,No,0.27
TXN004334,23135,PAY,user045@okbank,2026,3,01/03/26,16:02:00,MER0196,MOBILE,12.9824523066,77.5233566906,No,NONE,No,0.23
TXN001328,20228,PAY,user039@okbank,2026,5,07/05/26,0:49:00,MER0162,MOBILE,13.0231526957,77.6575007291,No,NONE,No,0.28
TXN002472,13733,PAY,user050@okbank,2026,5,04/05/26,7:43:00,MER0061,MANDATE,13.0489848108,77.6557241688,No,NONE,No,0.07
TXN001873,9259,PAY,user003@okbank,2026,3,23/03/26,0:37:00,MER0170,COLLECT,12.9752510774,77.6821631361,No,NONE,No,0.21
TXN002622,5879,PAY,user029@okbank,2026,5,20/05/26,7:44:00,MER0003,MOBILE,13.0069167117,77.588324424,No,NONE,No,0.38
TXN001895,14754,PAY,user027@okbank,2026,5,09/05/26,6:31:00,MER0031,INTENT,12.9797400516,77.669651485,No,NONE,No,0.23
TXN001361,30692,PAY,user046@okbank,2026,6,11/06/26,4:29:00,MER0133,INTENT,12.9319729869,77.6712507955,No,NONE,No,0.24
TXN002532,16260,PAY,user043@okbank,2026,3,24/03/26,23:47:00,MER0047,COLLECT,12.9494410129,77.616665445,No,NONE,No,0.42
TXN000135,36359,PAY,user002@okbank,2026,4,20/04/26,13:28:00,MER0074,QR,12.9633489063,77.5872621315,No,MANDATE_FRAUD,Yes,0.7
TXN001343,5640,PAY,user004@okbank,2026,1,23/01/26,7:14:00,MER0099,COLLECT,13.0085341418,77.6263306071,No,NONE,No,0.16
TXN004535,100,PAY,user026@okbank,2026,3,19/03/26,20:16:00,MER0103,IN_APP,12.9557333444,77.5161481584,No,NONE,No,0.38
TXN004829,6742,PAY,user024@okbank,2026,5,13/05/26,6:06:00,MER0174,COLLECT,12.9609715925,77.5644095445,No,NONE,No,0.29
TXN001744,100,PAY,user008@okbank,2026,4,03/04/26,2:02:00,MER0121,VPA,12.9007711527,77.5623101003,No,NONE,No,0.39
TXN003063,7214,PAY,user042@okbank,2026,4,26/04/26,14:21:00,MER0150,MOBILE,13.0348041325,77.5275727742,No,NONE,No,0.25
TXN002511,17683,PAY,user037@okbank,2026,4,07/04/26,15:56:00,MER0152,INTENT,13.007916215,77.6791191487,Yes,NONE,No,0.36
TXN003085,5058,PAY,user035@okbank,2026,2,28/02/26,23:35:00,MER0036,VPA,12.9885522865,77.6235464706,No,NONE,No,0.32
TXN004832,8044,PAY,user020@okbank,2026,5,28/05/26,4:57:00,MER0157,VPA,12.8976359105,77.577307997,No,NONE,No,0.19
TXN000841,42180,PAY,user040@okbank,2026,6,16/06/26,7:59:00,MER0058,INTENT,13.006902047,77.512525365,No,NONE,No,0.28
TXN003002,13068,PAY,user004@okbank,2026,4,16/04/26,11:00:00,MER0125,INTENT,13.082737176,77.5922533826,No,NONE,No,0.31
TXN000249,58611,PAY,user045@okbank,2026,6,15/06/26,1:53:00,MER0174,VPA,12.9060037797,77.5458947591,No,COLLECT_REQUEST_FRAUD,Yes,0.74
TXN003123,37437,PAY,user022@okbank,2026,3,14/03/26,8:41:00,MER0072,MOBILE,12.9777208943,77.5414360914,No,NONE,No,0.11
TXN000439,100,PAY,user049@okbank,2026,2,10/02/26,19:53:00,MER0179,INTENT,13.0578322987,77.4775649518,No,NONE,No,0.34
TXN003690,8497,PAY,user025@okbank,2026,5,01/05/26,7:46:00,MER0196,IN_APP,12.9431941867,77.4706127293,No,NONE,No,0.26
TXN003044,21090,PAY,user035@okbank,2026,6,17/06/26,0:58:00,MER0073,MANDATE,13.0471455456,77.4776920783,No,NONE,No,0.13
TXN001380,7485,PAY,user020@okbank,2026,4,10/04/26,17:57:00,MER0054,QR,12.9618775435,77.5410133204,No,NONE,No,0.17
TXN001175,25933,PAY,user050@okbank,2026,6,18/06/26,18:37:00,MER0076,ACCOUNT_IFSC,12.9945932752,77.6113869997,No,NONE,No,0.08
TXN001933,37134,PAY,user028@okbank,2026,6,04/06/26,11:07:00,MER0094,COLLECT,12.953780707,77.6113456222,No,NONE,No,0.3
TXN001009,2415,PAY,user048@okbank,2026,3,09/03/26,14:24:00,MER0173,MOBILE,12.9545702895,77.5670267601,No,NONE,No,0.51
TXN001830,21201,PAY,user009@okbank,2026,3,23/03/26,6:26:00,MER0166,INTENT,12.9128215224,77.6047928378,No,NONE,No,0.19
TXN004186,17839,PAY,user050@okbank,2026,3,13/03/26,18:23:00,MER0131,IN_APP,13.0084279888,77.5376061196,No,NONE,No,0.05
TXN002117,14545,PAY,user042@okbank,2026,5,11/05/26,14:03:00,MER0010,INTENT,12.8473635124,77.5366135259,No,NONE,No,0.36
TXN003805,16013,PAY,user037@okbank,2026,2,23/02/26,21:04:00,MER0198,IN_APP,12.9458903643,77.6106665732,No,NONE,No,0.35
TXN002815,6844,PAY,user004@okbank,2026,2,15/02/26,10:32:00,MER0162,INTENT,12.8937050264,77.6210078907,No,NONE,No,0.19
TXN001332,21678,PAY,user014@okbank,2026,6,12/06/26,11:18:00,MER0120,MANDATE,12.9351397005,77.5350268458,No,NONE,No,0.34
TXN004729,21951,PAY,user048@okbank,2026,5,19/05/26,11:23:00,MER0060,VPA,12.9802777886,77.5953157217,No,NONE,No,0.25
TXN001230,22071,PAY,user038@okbank,2026,1,05/01/26,18:15:00,MER0086,MANDATE,13.0231935462,77.5777770821,No,NONE,No,0.07
TXN004846,26486,PAY,user001@okbank,2026,6,01/06/26,0:38:00,MER0020,ACCOUNT_IFSC,12.9927876474,77.65150915,No,NONE,No,0.23
TXN002188,12251,PAY,user017@okbank,2026,3,16/03/26,19:40:00,MER0086,MANDATE,13.0417813418,77.5802274714,No,NONE,No,0.22
TXN004438,14493,PAY,user047@okbank,2026,1,20/01/26,10:13:00,MER0126,QR,12.9741255528,77.4825580291,No,NONE,No,0.43
TXN000589,12560,PAY,user005@okbank,2026,2,01/02/26,11:42:00,MER0045,ACCOUNT_IFSC,12.9155989979,77.6090643821,No,NONE,No,0.35
TXN000896,100,PAY,user049@okbank,2026,6,07/06/26,14:58:00,MER0071,ACCOUNT_IFSC,12.9723417548,77.5992860093,No,NONE,No,0.23
TXN004864,22125,PAY,user041@okbank,2026,4,23/04/26,3:41:00,MER0068,MANDATE,12.9782614059,77.5674961225,No,NONE,No,0.11
TXN001701,13346,PAY,user006@okbank,2026,5,27/05/26,10:15:00,MER0195,MOBILE,12.9436792807,77.5154846938,No,NONE,No,0.38
TXN000817,4361,PAY,user028@okbank,2026,3,08/03/26,15:17:00,MER0161,ACCOUNT_IFSC,12.9711645508,77.6876598688,No,NONE,No,0.3
TXN004742,16216,PAY,user043@okbank,2026,5,12/05/26,6:10:00,MER0011,INTENT,12.9648454321,77.6673865584,No,NONE,No,0.29
TXN003498,22888,PAY,user012@okbank,2026,6,02/06/26,19:10:00,MER0166,ACCOUNT_IFSC,12.9298982936,77.6047047225,No,NONE,No,0.24
TXN003125,100,PAY,user006@okbank,2026,5,25/05/26,22:34:00,MER0080,MANDATE,12.891513022,77.5171858453,No,NONE,No,0.24
TXN002238,21239,PAY,user031@okbank,2026,3,06/03/26,13:28:00,MER0112,IN_APP,12.9310663309,77.6987074048,No,NONE,No,0.41
TXN002318,17768,PAY,user024@okbank,2026,2,09/02/26,7:14:00,MER0152,MOBILE,13.0484034942,77.5665028886,No,NONE,No,0.19
TXN004579,19930,PAY,user037@okbank,2026,2,06/02/26,7:38:00,MER0060,MANDATE,13.0327661448,77.6291747912,No,NONE,No,0.2
TXN001682,19034,PAY,user028@okbank,2026,4,05/04/26,18:27:00,MER0128,QR,12.9504728971,77.652580073,No,NONE,No,0.19
TXN001506,18638,PAY,user010@okbank,2026,5,07/05/26,3:20:00,MER0033,COLLECT,13.0367582644,77.5074496978,No,NONE,No,0.44
TXN004158,18326,PAY,user036@okbank,2026,6,21/06/26,18:51:00,MER0106,IN_APP,13.0439476569,77.5786631942,No,NONE,No,0.25
TXN004247,11988,PAY,user013@okbank,2026,2,15/02/26,10:58:00,MER0062,MANDATE,12.9988807188,77.6234177694,No,NONE,No,0.35
TXN000512,16776,PAY,user005@okbank,2026,5,28/05/26,20:11:00,MER0138,MANDATE,13.0097551922,77.5124286792,No,NONE,No,0.24
TXN002401,10236,PAY,user050@okbank,2026,6,27/06/26,21:30:00,MER0096,QR,13.0086576012,77.6180069513,No,NONE,No,0.24
TXN003975,16904,PAY,user041@okbank,2026,1,02/01/26,4:29:00,MER0058,INTENT,12.9562398679,77.5721555484,No,NONE,No,0.36
TXN001853,17853,PAY,user003@okbank,2026,4,07/04/26,22:04:00,MER0157,INTENT,12.9247350074,77.4379382081,No,NONE,No,0.27
TXN002261,43132,PAY,user045@okbank,2026,5,18/05/26,18:07:00,MER0186,MOBILE,12.9314736443,77.6093241888,No,NONE,No,0.26
TXN001923,15692,PAY,user010@okbank,2026,1,19/01/26,22:23:00,MER0002,QR,12.9140291073,77.6262327351,No,NONE,No,0.11
